{
  "summary": "Calculate the fraction of reads coming from cross-sample contamination",
  "arguments": [
    {
      "summary": "read one or more arguments files and add them to the command line",
      "name": "--arguments_file",
      "synonyms": "NA",
      "type": "List[File]",
      "required": "no",
      "fulltext": "",
      "defaultValue": "[]",
      "minValue": "NA",
      "maxValue": "NA",
      "minRecValue": "NA",
      "maxRecValue": "NA",
      "kind": "optional",
      "options": []
    },
    {
      "summary": "A configuration file to use with the GATK.",
      "name": "--gatk-config-file",
      "synonyms": "NA",
      "type": "String",
      "required": "no",
      "fulltext": "",
      "defaultValue": "null",
      "minValue": "NA",
      "maxValue": "NA",
      "minRecValue": "NA",
      "maxRecValue": "NA",
      "kind": "common",
      "options": []
    },
    {
      "summary": "If the GCS bucket channel errors out, how many times it will attempt to re-initiate the connection",
      "name": "--gcs-max-retries",
      "synonyms": "-gcs-retries",
      "type": "int",
      "required": "no",
      "fulltext": "",
      "defaultValue": "20",
      "minValue": "-Infinity",
      "maxValue": "Infinity",
      "minRecValue": "NA",
      "maxRecValue": "NA",
      "kind": "optional",
      "options": []
    },
    {
      "summary": "Project to bill when accessing \"requester pays\" buckets. If unset, these buckets cannot be accessed.",
      "name": "--gcs-project-for-requester-pays",
      "synonyms": "NA",
      "type": "String",
      "required": "no",
      "fulltext": "",
      "defaultValue": "\"\"",
      "minValue": "NA",
      "maxValue": "NA",
      "minRecValue": "NA",
      "maxRecValue": "NA",
      "kind": "optional",
      "options": []
    },
    {
      "summary": "display the help message",
      "name": "--help",
      "synonyms": "-h",
      "type": "boolean",
      "required": "no",
      "fulltext": "",
      "defaultValue": "false",
      "minValue": "NA",
      "maxValue": "NA",
      "minRecValue": "NA",
      "maxRecValue": "NA",
      "kind": "optional",
      "options": []
    },
    {
      "summary": "The maximum coverage relative to the mean.",
      "name": "--high-coverage-ratio-threshold",
      "synonyms": "NA",
      "type": "double",
      "required": "no",
      "fulltext": "",
      "defaultValue": "3.0",
      "minValue": "-Infinity",
      "maxValue": "Infinity",
      "minRecValue": "NA",
      "maxRecValue": "NA",
      "kind": "optional",
      "options": []
    },
    {
      "summary": "The input table",
      "name": "--input",
      "synonyms": "-I",
      "type": "File",
      "required": "yes",
      "fulltext": "",
      "defaultValue": "null",
      "minValue": "NA",
      "maxValue": "NA",
      "minRecValue": "NA",
      "maxRecValue": "NA",
      "kind": "required",
      "options": []
    },
    {
      "summary": "The minimum coverage relative to the median.",
      "name": "--low-coverage-ratio-threshold",
      "synonyms": "NA",
      "type": "double",
      "required": "no",
      "fulltext": "",
      "defaultValue": "0.5",
      "minValue": "-Infinity",
      "maxValue": "Infinity",
      "minRecValue": "NA",
      "maxRecValue": "NA",
      "kind": "optional",
      "options": []
    },
    {
      "summary": "The matched normal input table",
      "name": "--matched-normal",
      "synonyms": "-matched",
      "type": "File",
      "required": "no",
      "fulltext": "",
      "defaultValue": "null",
      "minValue": "NA",
      "maxValue": "NA",
      "minRecValue": "NA",
      "maxRecValue": "NA",
      "kind": "optional",
      "options": []
    },
    {
      "summary": "The output table",
      "name": "--output",
      "synonyms": "-O",
      "type": "File",
      "required": "yes",
      "fulltext": "",
      "defaultValue": "null",
      "minValue": "NA",
      "maxValue": "NA",
      "minRecValue": "NA",
      "maxRecValue": "NA",
      "kind": "required",
      "options": []
    },
    {
      "summary": "Whether to suppress job-summary info on System.err.",
      "name": "--QUIET",
      "synonyms": "NA",
      "type": "Boolean",
      "required": "no",
      "fulltext": "",
      "defaultValue": "false",
      "minValue": "NA",
      "maxValue": "NA",
      "minRecValue": "NA",
      "maxRecValue": "NA",
      "kind": "common",
      "options": []
    },
    {
      "summary": "display hidden arguments",
      "name": "--showHidden",
      "synonyms": "-showHidden",
      "type": "boolean",
      "required": "no",
      "fulltext": "",
      "defaultValue": "false",
      "minValue": "NA",
      "maxValue": "NA",
      "minRecValue": "NA",
      "maxRecValue": "NA",
      "kind": "advanced",
      "options": []
    },
    {
      "summary": "Temp directory to use.",
      "name": "--tmp-dir",
      "synonyms": "NA",
      "type": "GATKPathSpecifier",
      "required": "no",
      "fulltext": "",
      "defaultValue": "null",
      "minValue": "NA",
      "maxValue": "NA",
      "minRecValue": "NA",
      "maxRecValue": "NA",
      "kind": "common",
      "options": []
    },
    {
      "summary": "The output table containing segmentation of the tumor by minor allele fraction",
      "name": "--tumor-segmentation",
      "synonyms": "-segments",
      "type": "File",
      "required": "no",
      "fulltext": "",
      "defaultValue": "null",
      "minValue": "NA",
      "maxValue": "NA",
      "minRecValue": "NA",
      "maxRecValue": "NA",
      "kind": "optional",
      "options": []
    },
    {
      "summary": "Whether to use the JdkDeflater (as opposed to IntelDeflater)",
      "name": "--use-jdk-deflater",
      "synonyms": "-jdk-deflater",
      "type": "boolean",
      "required": "no",
      "fulltext": "",
      "defaultValue": "false",
      "minValue": "NA",
      "maxValue": "NA",
      "minRecValue": "NA",
      "maxRecValue": "NA",
      "kind": "common",
      "options": []
    },
    {
      "summary": "Whether to use the JdkInflater (as opposed to IntelInflater)",
      "name": "--use-jdk-inflater",
      "synonyms": "-jdk-inflater",
      "type": "boolean",
      "required": "no",
      "fulltext": "",
      "defaultValue": "false",
      "minValue": "NA",
      "maxValue": "NA",
      "minRecValue": "NA",
      "maxRecValue": "NA",
      "kind": "common",
      "options": []
    },
    {
      "summary": "Control verbosity of logging.",
      "name": "--verbosity",
      "synonyms": "-verbosity",
      "type": "LogLevel",
      "required": "no",
      "fulltext": "",
      "defaultValue": "INFO",
      "minValue": "NA",
      "maxValue": "NA",
      "minRecValue": "NA",
      "maxRecValue": "NA",
      "kind": "common",
      "options": [
        {
          "summary": "",
          "name": "ERROR"
        },
        {
          "summary": "",
          "name": "WARNING"
        },
        {
          "summary": "",
          "name": "INFO"
        },
        {
          "summary": "",
          "name": "DEBUG"
        }
      ]
    },
    {
      "summary": "display the version number for this tool",
      "name": "--version",
      "synonyms": "NA",
      "type": "boolean",
      "required": "no",
      "fulltext": "",
      "defaultValue": "false",
      "minValue": "NA",
      "maxValue": "NA",
      "minRecValue": "NA",
      "maxRecValue": "NA",
      "kind": "optional",
      "options": []
    }
  ],
  "description": "\u003cp\u003e\n     Calculates the fraction of reads coming from cross-sample contamination, given results from GetPileupSummaries.\n     The resulting contamination table is used with FilterMutectCalls.\n \u003c/p\u003e\n \u003cp\u003e\n     This tool is featured in the Somatic Short Mutation calling Best Practice Workflow.\n     See \u003ca href\u003d\"https://software.broadinstitute.org/gatk/documentation/article?id\u003d11136\"\u003eTutorial#11136\u003c/a\u003e for a\n     step-by-step description of the workflow and \u003ca href\u003d\"https://software.broadinstitute.org/gatk/documentation/article?id\u003d11127\"\u003eArticle#11127\u003c/a\u003e\n     for an overview of what traditional somatic calling entails. For the latest pipeline scripts, see the\n     \u003ca href\u003d\"https://github.com/broadinstitute/gatk/tree/master/scripts/mutect2_wdl\"\u003eMutect2 WDL scripts directory\u003c/a\u003e.\n \u003c/p\u003e\n\n \u003cp\u003eThis tool borrows from \u003ca href\u003d\"https://www.ncbi.nlm.nih.gov/pmc/articles/PMC3167057/\"\u003eContEst\u003c/a\u003e by Cibulskis et al the idea of estimating contamination\n from ref reads at hom alt sites.  However, ContEst uses a probabilistic model that assumes a diploid genotype with no copy number\n variation and independent contaminating reads.  That is, ContEst assumes that each contaminating read is drawn randomly and\n independently from a different human.  This tool uses a simpler estimate of contamination that relaxes these assumptions.  In particular,\n it works in the presence of copy number variations and with an arbitrary number of contaminating samples.  In addition, this tool\n is designed to work well with no matched normal data.  However, one can run GetPileupSummaries on a matched normal bam file\n and input the result to this tool.\u003c/p\u003e\n\n \u003ch3\u003eUsage examples\u003c/h3\u003e\n\n \u003ch4\u003eTumor-only mode\u003c/h4\u003e\n\n \u003cpre\u003e\n gatk CalculateContamination \\\n   -I pileups.table \\\n   -O contamination.table\n \u003c/pre\u003e\n\n \u003ch4\u003eMatched normal mode\u003c/h4\u003e\n\n \u003cpre\u003e\n gatk CalculateContamination \\\n   -I tumor-pileups.table \\\n   -matched normal-pileups.table \\\n   -O contamination.table\n \u003c/pre\u003e\n \u003cp\u003e\n     The resulting table provides the fraction contamination, one line per sample, e.g. SampleID--TAB--Contamination.\n     The file has no header.\n \u003c/p\u003e",
  "name": "CalculateContamination",
  "group": "Diagnostics and Quality Control",
  "beta": false,
  "experimental": false
}