{
  "summary": "Creates a panel of normals for read-count denoising",
  "arguments": [
    {
      "summary": "Input file containing annotations for GC content in genomic intervals (output of AnnotateIntervals).  If provided, explicit GC correction will be performed before performing SVD.  Intervals must be identical to and in the same order as those in the input read-counts files.",
      "name": "--annotated-intervals",
      "synonyms": "NA",
      "type": "File",
      "required": "no",
      "fulltext": "",
      "defaultValue": "null",
      "minValue": "NA",
      "maxValue": "NA",
      "minRecValue": "NA",
      "maxRecValue": "NA",
      "kind": "optional",
      "options": []
    },
    {
      "summary": "read one or more arguments files and add them to the command line",
      "name": "--arguments_file",
      "synonyms": "NA",
      "type": "List[File]",
      "required": "no",
      "fulltext": "",
      "defaultValue": "[]",
      "minValue": "NA",
      "maxValue": "NA",
      "minRecValue": "NA",
      "maxRecValue": "NA",
      "kind": "optional",
      "options": []
    },
    {
      "summary": "Spark properties to set on the Spark context in the format \u003cproperty\u003e\u003d\u003cvalue\u003e",
      "name": "--conf",
      "synonyms": "NA",
      "type": "List[String]",
      "required": "no",
      "fulltext": "",
      "defaultValue": "[]",
      "minValue": "NA",
      "maxValue": "NA",
      "minRecValue": "NA",
      "maxRecValue": "NA",
      "kind": "optional",
      "options": []
    },
    {
      "summary": "If true, impute zero-coverage values as the median of the non-zero values in the corresponding interval.  (This is applied after all filters.)",
      "name": "--do-impute-zeros",
      "synonyms": "NA",
      "type": "boolean",
      "required": "no",
      "fulltext": "",
      "defaultValue": "true",
      "minValue": "NA",
      "maxValue": "NA",
      "minRecValue": "NA",
      "maxRecValue": "NA",
      "kind": "optional",
      "options": []
    },
    {
      "summary": "Fractional coverages normalized by genomic-interval medians that are below this percentile or above the complementary percentile are set to the corresponding percentile value.  (This is applied after all filters and imputation.)",
      "name": "--extreme-outlier-truncation-percentile",
      "synonyms": "NA",
      "type": "double",
      "required": "no",
      "fulltext": "",
      "defaultValue": "0.1",
      "minValue": "0.0",
      "maxValue": "50.0",
      "minRecValue": "NA",
      "maxRecValue": "NA",
      "kind": "optional",
      "options": []
    },
    {
      "summary": "Samples with a median (across genomic intervals) of fractional coverage normalized by genomic-interval medians  below this percentile or above the complementary percentile are filtered out.  (This is the fourth filter applied.)",
      "name": "--extreme-sample-median-percentile",
      "synonyms": "NA",
      "type": "double",
      "required": "no",
      "fulltext": "",
      "defaultValue": "2.5",
      "minValue": "0.0",
      "maxValue": "50.0",
      "minRecValue": "NA",
      "maxRecValue": "NA",
      "kind": "optional",
      "options": []
    },
    {
      "summary": "A configuration file to use with the GATK.",
      "name": "--gatk-config-file",
      "synonyms": "NA",
      "type": "String",
      "required": "no",
      "fulltext": "",
      "defaultValue": "null",
      "minValue": "NA",
      "maxValue": "NA",
      "minRecValue": "NA",
      "maxRecValue": "NA",
      "kind": "common",
      "options": []
    },
    {
      "summary": "If the GCS bucket channel errors out, how many times it will attempt to re-initiate the connection",
      "name": "--gcs-max-retries",
      "synonyms": "-gcs-retries",
      "type": "int",
      "required": "no",
      "fulltext": "",
      "defaultValue": "20",
      "minValue": "-Infinity",
      "maxValue": "Infinity",
      "minRecValue": "NA",
      "maxRecValue": "NA",
      "kind": "optional",
      "options": []
    },
    {
      "summary": "Project to bill when accessing \"requester pays\" buckets. If unset, these buckets cannot be accessed.",
      "name": "--gcs-project-for-requester-pays",
      "synonyms": "NA",
      "type": "String",
      "required": "no",
      "fulltext": "",
      "defaultValue": "\"\"",
      "minValue": "NA",
      "maxValue": "NA",
      "minRecValue": "NA",
      "maxRecValue": "NA",
      "kind": "optional",
      "options": []
    },
    {
      "summary": "display the help message",
      "name": "--help",
      "synonyms": "-h",
      "type": "boolean",
      "required": "no",
      "fulltext": "",
      "defaultValue": "false",
      "minValue": "NA",
      "maxValue": "NA",
      "minRecValue": "NA",
      "maxRecValue": "NA",
      "kind": "optional",
      "options": []
    },
    {
      "summary": "Input TSV or HDF5 files containing integer read counts in genomic intervals for all samples in the panel of normals (output of CollectReadCounts).  Intervals must be identical and in the same order for all samples.",
      "name": "--input",
      "synonyms": "-I",
      "type": "List[File]",
      "required": "yes",
      "fulltext": "",
      "defaultValue": "[]",
      "minValue": "NA",
      "maxValue": "NA",
      "minRecValue": "NA",
      "maxRecValue": "NA",
      "kind": "required",
      "options": []
    },
    {
      "summary": "Maximum HDF5 matrix chunk size.  Large matrices written to HDF5 are chunked into equally sized subsets of rows (plus a subset containing the remainder, if necessary) to avoid a hard limit in Java HDF5 on the number of elements in a matrix.  However, since a single row is not allowed to be split across multiple chunks, the number of columns must be less than the maximum number of values in each chunk.  Decreasing this number will reduce heap usage when writing chunks.",
      "name": "--maximum-chunk-size",
      "synonyms": "NA",
      "type": "int",
      "required": "no",
      "fulltext": "",
      "defaultValue": "16777215",
      "minValue": "1.0",
      "maxValue": "2.68435455E8",
      "minRecValue": "NA",
      "maxRecValue": "NA",
      "kind": "advanced",
      "options": []
    },
    {
      "summary": "Genomic intervals with a fraction of zero-coverage samples above this percentage are filtered out.  (This is the third filter applied.)",
      "name": "--maximum-zeros-in-interval-percentage",
      "synonyms": "NA",
      "type": "double",
      "required": "no",
      "fulltext": "",
      "defaultValue": "5.0",
      "minValue": "0.0",
      "maxValue": "100.0",
      "minRecValue": "NA",
      "maxRecValue": "NA",
      "kind": "optional",
      "options": []
    },
    {
      "summary": "Samples with a fraction of zero-coverage genomic intervals above this percentage are filtered out.  (This is the second filter applied.)",
      "name": "--maximum-zeros-in-sample-percentage",
      "synonyms": "NA",
      "type": "double",
      "required": "no",
      "fulltext": "",
      "defaultValue": "5.0",
      "minValue": "0.0",
      "maxValue": "100.0",
      "minRecValue": "NA",
      "maxRecValue": "NA",
      "kind": "optional",
      "options": []
    },
    {
      "summary": "Genomic intervals with a median (across samples) of fractional coverage (optionally corrected for GC bias) less than or equal to this percentile are filtered out.  (This is the first filter applied.)",
      "name": "--minimum-interval-median-percentile",
      "synonyms": "NA",
      "type": "double",
      "required": "no",
      "fulltext": "",
      "defaultValue": "10.0",
      "minValue": "0.0",
      "maxValue": "100.0",
      "minRecValue": "NA",
      "maxRecValue": "NA",
      "kind": "optional",
      "options": []
    },
    {
      "summary": "Number of eigensamples to use for truncated SVD and to store in the panel of normals.  The number of samples retained after filtering will be used instead if it is smaller than this.",
      "name": "--number-of-eigensamples",
      "synonyms": "NA",
      "type": "int",
      "required": "no",
      "fulltext": "",
      "defaultValue": "20",
      "minValue": "0.0",
      "maxValue": "Infinity",
      "minRecValue": "NA",
      "maxRecValue": "NA",
      "kind": "optional",
      "options": []
    },
    {
      "summary": "Output file for the panel of normals.",
      "name": "--output",
      "synonyms": "-O",
      "type": "File",
      "required": "yes",
      "fulltext": "",
      "defaultValue": "null",
      "minValue": "NA",
      "maxValue": "NA",
      "minRecValue": "NA",
      "maxRecValue": "NA",
      "kind": "required",
      "options": []
    },
    {
      "summary": "Name of the program running",
      "name": "--program-name",
      "synonyms": "NA",
      "type": "String",
      "required": "no",
      "fulltext": "",
      "defaultValue": "null",
      "minValue": "NA",
      "maxValue": "NA",
      "minRecValue": "NA",
      "maxRecValue": "NA",
      "kind": "optional",
      "options": []
    },
    {
      "summary": "Whether to suppress job-summary info on System.err.",
      "name": "--QUIET",
      "synonyms": "NA",
      "type": "Boolean",
      "required": "no",
      "fulltext": "",
      "defaultValue": "false",
      "minValue": "NA",
      "maxValue": "NA",
      "minRecValue": "NA",
      "maxRecValue": "NA",
      "kind": "common",
      "options": []
    },
    {
      "summary": "display hidden arguments",
      "name": "--showHidden",
      "synonyms": "-showHidden",
      "type": "boolean",
      "required": "no",
      "fulltext": "",
      "defaultValue": "false",
      "minValue": "NA",
      "maxValue": "NA",
      "minRecValue": "NA",
      "maxRecValue": "NA",
      "kind": "advanced",
      "options": []
    },
    {
      "summary": "URL of the Spark Master to submit jobs to when using the Spark pipeline runner.",
      "name": "--spark-master",
      "synonyms": "NA",
      "type": "String",
      "required": "no",
      "fulltext": "",
      "defaultValue": "local[*]",
      "minValue": "NA",
      "maxValue": "NA",
      "minRecValue": "NA",
      "maxRecValue": "NA",
      "kind": "optional",
      "options": []
    },
    {
      "summary": "Spark verbosity. Overrides --verbosity for Spark-generated logs only. Possible values: {ALL, DEBUG, INFO, WARN, ERROR, FATAL, OFF, TRACE}",
      "name": "--spark-verbosity",
      "synonyms": "NA",
      "type": "String",
      "required": "no",
      "fulltext": "",
      "defaultValue": "null",
      "minValue": "NA",
      "maxValue": "NA",
      "minRecValue": "NA",
      "maxRecValue": "NA",
      "kind": "optional",
      "options": []
    },
    {
      "summary": "Temp directory to use.",
      "name": "--tmp-dir",
      "synonyms": "NA",
      "type": "GATKPathSpecifier",
      "required": "no",
      "fulltext": "",
      "defaultValue": "null",
      "minValue": "NA",
      "maxValue": "NA",
      "minRecValue": "NA",
      "maxRecValue": "NA",
      "kind": "common",
      "options": []
    },
    {
      "summary": "Whether to use the JdkDeflater (as opposed to IntelDeflater)",
      "name": "--use-jdk-deflater",
      "synonyms": "-jdk-deflater",
      "type": "boolean",
      "required": "no",
      "fulltext": "",
      "defaultValue": "false",
      "minValue": "NA",
      "maxValue": "NA",
      "minRecValue": "NA",
      "maxRecValue": "NA",
      "kind": "common",
      "options": []
    },
    {
      "summary": "Whether to use the JdkInflater (as opposed to IntelInflater)",
      "name": "--use-jdk-inflater",
      "synonyms": "-jdk-inflater",
      "type": "boolean",
      "required": "no",
      "fulltext": "",
      "defaultValue": "false",
      "minValue": "NA",
      "maxValue": "NA",
      "minRecValue": "NA",
      "maxRecValue": "NA",
      "kind": "common",
      "options": []
    },
    {
      "summary": "Control verbosity of logging.",
      "name": "--verbosity",
      "synonyms": "-verbosity",
      "type": "LogLevel",
      "required": "no",
      "fulltext": "",
      "defaultValue": "INFO",
      "minValue": "NA",
      "maxValue": "NA",
      "minRecValue": "NA",
      "maxRecValue": "NA",
      "kind": "common",
      "options": [
        {
          "summary": "",
          "name": "ERROR"
        },
        {
          "summary": "",
          "name": "WARNING"
        },
        {
          "summary": "",
          "name": "INFO"
        },
        {
          "summary": "",
          "name": "DEBUG"
        }
      ]
    },
    {
      "summary": "display the version number for this tool",
      "name": "--version",
      "synonyms": "NA",
      "type": "boolean",
      "required": "no",
      "fulltext": "",
      "defaultValue": "false",
      "minValue": "NA",
      "maxValue": "NA",
      "minRecValue": "NA",
      "maxRecValue": "NA",
      "kind": "optional",
      "options": []
    }
  ],
  "description": "Creates a panel of normals (PoN) for read-count denoising given the read counts for samples in the panel.\n The resulting PoN can be used with DenoiseReadCounts to denoise other samples.\n\n \u003cp\u003e\n     The input read counts are first transformed to log2 fractional coverages and preprocessed\n     according to specified filtering and imputation parameters.  Singular value decomposition (SVD)\n     is then performed to find the first number-of-eigensamples principal components,\n     which are stored in the PoN.  Some or all of these principal components can then be used for\n     denoising case samples with DenoiseReadCounts; it is assumed that the principal components used\n     represent systematic sequencing biases (rather than statistical noise).  Examining the singular values,\n     which are also stored in the PoN, may be useful in determining the appropriate number\n     of principal components to use for denoising.\n \u003c/p\u003e\n\n \u003cp\u003e\n     If annotated intervals are provided, explicit GC-bias correction will be performed by GCBiasCorrector\n     before filtering and SVD.  GC-content information for the intervals will be stored in the PoN\n     and used to perform explicit GC-bias correction identically in DenoiseReadCounts.\n     Note that if annotated intervals are not provided, it is still likely that GC-bias correction is\n     implicitly performed by the SVD denoising process (i.e., some of the principal components arise from GC bias).\n \u003c/p\u003e\n\n \u003cp\u003e\n     Note that such SVD denoising cannot distinguish between variance due to systematic sequencing biases and that\n     due to true common germline CNVs present in the panel; signal from the latter may thus be inadvertently denoised\n     away.  Furthermore, variance arising from coverage on the sex chromosomes may also significantly contribute\n     to the principal components if the panel contains samples of mixed sex.  Therefore, if sex chromosomes\n     are not excluded from coverage collection, it is strongly recommended that users avoid creating panels of\n     mixed sex and take care to denoise case samples only with panels containing only individuals of the same sex\n     as the case samples.  (See GermlineCNVCaller, which avoids these issues by simultaneously learning\n     a probabilistic model for systematic bias and calling rare and common germline CNVs for samples in the panel.)\n \u003c/p\u003e\n\n \u003ch3\u003eInputs\u003c/h3\u003e\n\n \u003cul\u003e\n     \u003cli\u003e\n         Counts files (TSV or HDF5 output of CollectReadCounts).\n     \u003c/li\u003e\n     \u003cli\u003e\n         (Optional) GC-content annotated-intervals file from AnnotateIntervals.\n         Explicit GC-bias correction will be performed on the panel samples and identically for subsequent case samples.\n     \u003c/li\u003e\n \u003c/ul\u003e\n\n \u003ch3\u003eOutput\u003c/h3\u003e\n\n \u003cul\u003e\n     \u003cli\u003e\n         Panel-of-normals file.\n         This is an HDF5 file containing the panel data in the paths defined in HDF5SVDReadCountPanelOfNormals.\n         HDF5 files may be viewed using \u003ca href\u003d\"https://support.hdfgroup.org/products/java/hdfview/\"\u003ehdfview\u003c/a\u003e\n         or loaded in python using \u003ca href\u003d\"http://www.pytables.org/\"\u003ePyTables\u003c/a\u003e or \u003ca href\u003d\"http://www.h5py.org/\"\u003eh5py\u003c/a\u003e.\n     \u003c/li\u003e\n \u003c/ul\u003e\n\n \u003ch3\u003eUsage examples\u003c/h3\u003e\n\n \u003cpre\u003e\n     gatk CreateReadCountPanelOfNormals \\\n          -I sample_1.counts.hdf5 \\\n          -I sample_2.counts.hdf5 \\\n          ... \\\n          -O cnv.pon.hdf5\n \u003c/pre\u003e\n\n \u003cpre\u003e\n     gatk CreateReadCountPanelOfNormals \\\n          -I sample_1.counts.hdf5 \\\n          -I sample_2.counts.tsv \\\n          ... \\\n          --annotated-intervals annotated_intervals.tsv \\\n          -O cnv.pon.hdf5\n \u003c/pre\u003e",
  "name": "CreateReadCountPanelOfNormals",
  "group": "Copy Number Variant Discovery",
  "beta": false,
  "experimental": false
}