{
  "summary": "Step 3: Classifies pathogen-aligned reads and generates abundance scores",
  "arguments": [
    {
      "summary": "If true, adds a command line header line to created VCF files.",
      "name": "--add-output-vcf-command-line",
      "synonyms": "-add-output-vcf-command-line",
      "type": "boolean",
      "required": "no",
      "fulltext": "",
      "defaultValue": "true",
      "minValue": "NA",
      "maxValue": "NA",
      "minRecValue": "NA",
      "maxRecValue": "NA",
      "kind": "common",
      "options": []
    },
    {
      "summary": "read one or more arguments files and add them to the command line",
      "name": "--arguments_file",
      "synonyms": "NA",
      "type": "List[File]",
      "required": "no",
      "fulltext": "",
      "defaultValue": "[]",
      "minValue": "NA",
      "maxValue": "NA",
      "minRecValue": "NA",
      "maxRecValue": "NA",
      "kind": "optional",
      "options": []
    },
    {
      "summary": "maximum number of bytes to read from a file into each partition of reads. Setting this higher will result in fewer partitions. Note that this will not be equal to the size of the partition in memory. Defaults to 0, which uses the default split size (determined by the Hadoop input format, typically the size of one HDFS block).",
      "name": "--bam-partition-size",
      "synonyms": "NA",
      "type": "long",
      "required": "no",
      "fulltext": "",
      "defaultValue": "0",
      "minValue": "-Infinity",
      "maxValue": "Infinity",
      "minRecValue": "NA",
      "maxRecValue": "NA",
      "kind": "optional",
      "options": []
    },
    {
      "summary": "Spark properties to set on the Spark context in the format \u003cproperty\u003e\u003d\u003cvalue\u003e",
      "name": "--conf",
      "synonyms": "NA",
      "type": "List[String]",
      "required": "no",
      "fulltext": "",
      "defaultValue": "[]",
      "minValue": "NA",
      "maxValue": "NA",
      "minRecValue": "NA",
      "maxRecValue": "NA",
      "kind": "optional",
      "options": []
    },
    {
      "summary": "If true, create a BAM index when writing a coordinate-sorted BAM file.",
      "name": "--create-output-bam-index",
      "synonyms": "-OBI",
      "type": "boolean",
      "required": "no",
      "fulltext": "",
      "defaultValue": "true",
      "minValue": "NA",
      "maxValue": "NA",
      "minRecValue": "NA",
      "maxRecValue": "NA",
      "kind": "common",
      "options": []
    },
    {
      "summary": "If true, create a BAM splitting index (SBI) when writing a coordinate-sorted BAM file.",
      "name": "--create-output-bam-splitting-index",
      "synonyms": "NA",
      "type": "boolean",
      "required": "no",
      "fulltext": "",
      "defaultValue": "true",
      "minValue": "NA",
      "maxValue": "NA",
      "minRecValue": "NA",
      "maxRecValue": "NA",
      "kind": "common",
      "options": []
    },
    {
      "summary": "If true, create a VCF index when writing a coordinate-sorted VCF file.",
      "name": "--create-output-variant-index",
      "synonyms": "-OVI",
      "type": "boolean",
      "required": "no",
      "fulltext": "",
      "defaultValue": "true",
      "minValue": "NA",
      "maxValue": "NA",
      "minRecValue": "NA",
      "maxRecValue": "NA",
      "kind": "common",
      "options": []
    },
    {
      "summary": "Read filters to be disabled before analysis",
      "name": "--disable-read-filter",
      "synonyms": "-DF",
      "type": "List[String]",
      "required": "no",
      "fulltext": "",
      "defaultValue": "[]",
      "minValue": "NA",
      "maxValue": "NA",
      "minRecValue": "NA",
      "maxRecValue": "NA",
      "kind": "common",
      "options": []
    },
    {
      "summary": "If specified, do not check the sequence dictionaries from our inputs for compatibility. Use at your own risk!",
      "name": "--disable-sequence-dictionary-validation",
      "synonyms": "-disable-sequence-dictionary-validation",
      "type": "boolean",
      "required": "no",
      "fulltext": "",
      "defaultValue": "false",
      "minValue": "NA",
      "maxValue": "NA",
      "minRecValue": "NA",
      "maxRecValue": "NA",
      "kind": "optional",
      "options": []
    },
    {
      "summary": "Disable all tool default read filters (WARNING: many tools will not function correctly without their default read filters on)",
      "name": "--disable-tool-default-read-filters",
      "synonyms": "-disable-tool-default-read-filters",
      "type": "boolean",
      "required": "no",
      "fulltext": "",
      "defaultValue": "false",
      "minValue": "NA",
      "maxValue": "NA",
      "minRecValue": "NA",
      "maxRecValue": "NA",
      "kind": "common",
      "options": []
    },
    {
      "summary": "Divide abundance scores by each taxon\u0027s reference genome length (in millions)",
      "name": "--divide-by-genome-length",
      "synonyms": "-divide-by-genome-length",
      "type": "boolean",
      "required": "no",
      "fulltext": "If true, the score contributed by each read is divided by the mapped organism\u0027s genome length in the reference.",
      "defaultValue": "false",
      "minValue": "NA",
      "maxValue": "NA",
      "minRecValue": "NA",
      "maxRecValue": "NA",
      "kind": "optional",
      "options": []
    },
    {
      "summary": "One or more genomic intervals to exclude from processing",
      "name": "--exclude-intervals",
      "synonyms": "-XL",
      "type": "List[String]",
      "required": "no",
      "fulltext": "Use this argument to exclude certain parts of the genome from the analysis (like -L, but the opposite).\n This argument can be specified multiple times. You can use samtools-style intervals either explicitly on the\n command line (e.g. -XL 1 or -XL 1:100-200) or by loading in a file containing a list of intervals\n (e.g. -XL myFile.intervals).",
      "defaultValue": "[]",
      "minValue": "NA",
      "maxValue": "NA",
      "minRecValue": "NA",
      "maxRecValue": "NA",
      "kind": "common",
      "options": []
    },
    {
      "summary": "A configuration file to use with the GATK.",
      "name": "--gatk-config-file",
      "synonyms": "NA",
      "type": "String",
      "required": "no",
      "fulltext": "",
      "defaultValue": "null",
      "minValue": "NA",
      "maxValue": "NA",
      "minRecValue": "NA",
      "maxRecValue": "NA",
      "kind": "common",
      "options": []
    },
    {
      "summary": "If the GCS bucket channel errors out, how many times it will attempt to re-initiate the connection",
      "name": "--gcs-max-retries",
      "synonyms": "-gcs-retries",
      "type": "int",
      "required": "no",
      "fulltext": "",
      "defaultValue": "20",
      "minValue": "-Infinity",
      "maxValue": "Infinity",
      "minRecValue": "NA",
      "maxRecValue": "NA",
      "kind": "optional",
      "options": []
    },
    {
      "summary": "Project to bill when accessing \"requester pays\" buckets. If unset, these buckets cannot be accessed.",
      "name": "--gcs-project-for-requester-pays",
      "synonyms": "NA",
      "type": "String",
      "required": "no",
      "fulltext": "",
      "defaultValue": "\"\"",
      "minValue": "NA",
      "maxValue": "NA",
      "minRecValue": "NA",
      "maxRecValue": "NA",
      "kind": "optional",
      "options": []
    },
    {
      "summary": "display the help message",
      "name": "--help",
      "synonyms": "-h",
      "type": "boolean",
      "required": "no",
      "fulltext": "",
      "defaultValue": "false",
      "minValue": "NA",
      "maxValue": "NA",
      "minRecValue": "NA",
      "maxRecValue": "NA",
      "kind": "optional",
      "options": []
    },
    {
      "summary": "Identity margin, as a fraction of the best hit (between 0 and 1). ",
      "name": "--identity-margin",
      "synonyms": "-identity-margin",
      "type": "double",
      "required": "no",
      "fulltext": "For reads having multiple alignments, the best hit is always counted as long as it is above the identity score\n threshold. Any additional hits will be counted when its identity score is within this percentage of the best hit.\n\n \u003cp\u003eFor example, consider a read that aligns to two different sequences, one with identity score 0.90 and the other with\n 0.85. If the minimum identity score is 0.7, the best hit (with score 0.90) is counted. In addition, if the identity margin is 10%,\n then any additional alignments at or above 0.90 * (1 - 0.10) \u003d 0.81 would also be counted. Therefore in this example the second\n alignment with score 0.85 would be counted.\u003c/p\u003e",
      "defaultValue": "0.02",
      "minValue": "0.0",
      "maxValue": "1.0",
      "minRecValue": "NA",
      "maxRecValue": "NA",
      "kind": "optional",
      "options": []
    },
    {
      "summary": "BAM/SAM/CRAM file containing reads",
      "name": "--input",
      "synonyms": "-I",
      "type": "List[String]",
      "required": "no",
      "fulltext": "",
      "defaultValue": "[]",
      "minValue": "NA",
      "maxValue": "NA",
      "minRecValue": "NA",
      "maxRecValue": "NA",
      "kind": "common",
      "options": []
    },
    {
      "summary": "Amount of padding (in bp) to add to each interval you are excluding.",
      "name": "--interval-exclusion-padding",
      "synonyms": "-ixp",
      "type": "int",
      "required": "no",
      "fulltext": "Use this to add padding to the intervals specified using -XL. For example, \u0027-XL 1:100\u0027 with a\n padding value of 20 would turn into \u0027-XL 1:80-120\u0027. This is typically used to add padding around targets when\n analyzing exomes.",
      "defaultValue": "0",
      "minValue": "-Infinity",
      "maxValue": "Infinity",
      "minRecValue": "NA",
      "maxRecValue": "NA",
      "kind": "common",
      "options": []
    },
    {
      "summary": "Interval merging rule for abutting intervals",
      "name": "--interval-merging-rule",
      "synonyms": "-imr",
      "type": "IntervalMergingRule",
      "required": "no",
      "fulltext": "By default, the program merges abutting intervals (i.e. intervals that are directly side-by-side but do not\n actually overlap) into a single continuous interval. However you can change this behavior if you want them to be\n treated as separate intervals instead.",
      "defaultValue": "ALL",
      "minValue": "NA",
      "maxValue": "NA",
      "minRecValue": "NA",
      "maxRecValue": "NA",
      "kind": "optional",
      "options": [
        {
          "summary": "",
          "name": "ALL"
        },
        {
          "summary": "",
          "name": "OVERLAPPING_ONLY"
        }
      ]
    },
    {
      "summary": "Amount of padding (in bp) to add to each interval you are including.",
      "name": "--interval-padding",
      "synonyms": "-ip",
      "type": "int",
      "required": "no",
      "fulltext": "Use this to add padding to the intervals specified using -L. For example, \u0027-L 1:100\u0027 with a\n padding value of 20 would turn into \u0027-L 1:80-120\u0027. This is typically used to add padding around targets when\n analyzing exomes.",
      "defaultValue": "0",
      "minValue": "-Infinity",
      "maxValue": "Infinity",
      "minRecValue": "NA",
      "maxRecValue": "NA",
      "kind": "common",
      "options": []
    },
    {
      "summary": "Set merging approach to use for combining interval inputs",
      "name": "--interval-set-rule",
      "synonyms": "-isr",
      "type": "IntervalSetRule",
      "required": "no",
      "fulltext": "By default, the program will take the UNION of all intervals specified using -L and/or -XL. However, you can\n change this setting for -L, for example if you want to take the INTERSECTION of the sets instead. E.g. to\n perform the analysis only on chromosome 1 exomes, you could specify -L exomes.intervals -L 1 --interval-set-rule\n INTERSECTION. However, it is not possible to modify the merging approach for intervals passed using -XL (they will\n always be merged using UNION).\n\n Note that if you specify both -L and -XL, the -XL interval set will be subtracted from the -L interval set.",
      "defaultValue": "UNION",
      "minValue": "NA",
      "maxValue": "NA",
      "minRecValue": "NA",
      "maxRecValue": "NA",
      "kind": "common",
      "options": [
        {
          "summary": "Take the union of all intervals",
          "name": "UNION"
        },
        {
          "summary": "Take the intersection of intervals (the subset that overlaps all intervals specified)",
          "name": "INTERSECTION"
        }
      ]
    },
    {
      "summary": "One or more genomic intervals over which to operate",
      "name": "--intervals",
      "synonyms": "-L",
      "type": "List[String]",
      "required": "no",
      "fulltext": "",
      "defaultValue": "[]",
      "minValue": "NA",
      "maxValue": "NA",
      "minRecValue": "NA",
      "maxRecValue": "NA",
      "kind": "optional",
      "options": []
    },
    {
      "summary": "Alignment identity score threshold, as a fraction of the read length (between 0 and 1).",
      "name": "--min-score-identity",
      "synonyms": "-min-score-identity",
      "type": "double",
      "required": "no",
      "fulltext": "This parameter controls the stringency of the microbe alignment. The identity score threshold is defined as the\n number of matching bases minus number of deletions. Alignments below this threshold score will be ignored.",
      "defaultValue": "0.9",
      "minValue": "0.0",
      "maxValue": "1.0",
      "minRecValue": "NA",
      "maxRecValue": "NA",
      "kind": "optional",
      "options": []
    },
    {
      "summary": "If true, normalized abundance scores will be reported as a percentage within their kingdom.",
      "name": "--not-normalized-by-kingdom",
      "synonyms": "-not-normalized-by-kingdom",
      "type": "boolean",
      "required": "no",
      "fulltext": "Comparmentalizes the normalized abundance scores by kingdom.",
      "defaultValue": "false",
      "minValue": "NA",
      "maxValue": "NA",
      "minRecValue": "NA",
      "maxRecValue": "NA",
      "kind": "optional",
      "options": []
    },
    {
      "summary": "For tools that shuffle data or write an output, sets the number of reducers. Defaults to 0, which gives one partition per 10MB of input.",
      "name": "--num-reducers",
      "synonyms": "NA",
      "type": "int",
      "required": "no",
      "fulltext": "",
      "defaultValue": "0",
      "minValue": "-Infinity",
      "maxValue": "Infinity",
      "minRecValue": "NA",
      "maxRecValue": "NA",
      "kind": "optional",
      "options": []
    },
    {
      "summary": "Output BAM",
      "name": "--output",
      "synonyms": "-O",
      "type": "String",
      "required": "no",
      "fulltext": "Records have a \"YP\" tag that lists the NCBI taxonomy IDs of any mapped organisms. This tag is omitted if the\n read is unmapped.",
      "defaultValue": "null",
      "minValue": "NA",
      "maxValue": "NA",
      "minRecValue": "NA",
      "maxRecValue": "NA",
      "kind": "optional",
      "options": []
    },
    {
      "summary": "when writing a bam, in single sharded mode this directory to write the temporary intermediate output shards, if not specified .parts/ will be used",
      "name": "--output-shard-tmp-dir",
      "synonyms": "NA",
      "type": "String",
      "required": "no",
      "fulltext": "",
      "defaultValue": "null",
      "minValue": "NA",
      "maxValue": "NA",
      "minRecValue": "NA",
      "maxRecValue": "NA",
      "kind": "optional",
      "options": []
    },
    {
      "summary": "Input queryname-sorted BAM containing only paired reads",
      "name": "--paired-input",
      "synonyms": "-PI",
      "type": "String",
      "required": "no",
      "fulltext": "",
      "defaultValue": "null",
      "minValue": "NA",
      "maxValue": "NA",
      "minRecValue": "NA",
      "maxRecValue": "NA",
      "kind": "optional",
      "options": []
    },
    {
      "summary": "Name of the program running",
      "name": "--program-name",
      "synonyms": "NA",
      "type": "String",
      "required": "no",
      "fulltext": "",
      "defaultValue": "null",
      "minValue": "NA",
      "maxValue": "NA",
      "minRecValue": "NA",
      "maxRecValue": "NA",
      "kind": "optional",
      "options": []
    },
    {
      "summary": "Whether to suppress job-summary info on System.err.",
      "name": "--QUIET",
      "synonyms": "NA",
      "type": "Boolean",
      "required": "no",
      "fulltext": "",
      "defaultValue": "false",
      "minValue": "NA",
      "maxValue": "NA",
      "minRecValue": "NA",
      "maxRecValue": "NA",
      "kind": "common",
      "options": []
    },
    {
      "summary": "Read filters to be applied before analysis",
      "name": "--read-filter",
      "synonyms": "-RF",
      "type": "List[String]",
      "required": "no",
      "fulltext": "",
      "defaultValue": "[]",
      "minValue": "NA",
      "maxValue": "NA",
      "minRecValue": "NA",
      "maxRecValue": "NA",
      "kind": "common",
      "options": []
    },
    {
      "summary": "Indices to use for the read inputs. If specified, an index must be provided for every read input and in the same order as the read inputs. If this argument is not specified, the path to the index for each input will be inferred automatically.",
      "name": "--read-index",
      "synonyms": "-read-index",
      "type": "List[String]",
      "required": "no",
      "fulltext": "",
      "defaultValue": "[]",
      "minValue": "NA",
      "maxValue": "NA",
      "minRecValue": "NA",
      "maxRecValue": "NA",
      "kind": "common",
      "options": []
    },
    {
      "summary": "Validation stringency for all SAM/BAM/CRAM/SRA files read by this program.  The default stringency value SILENT can improve performance when processing a BAM file in which variable-length data (read, qualities, tags) do not otherwise need to be decoded.",
      "name": "--read-validation-stringency",
      "synonyms": "-VS",
      "type": "ValidationStringency",
      "required": "no",
      "fulltext": "",
      "defaultValue": "SILENT",
      "minValue": "NA",
      "maxValue": "NA",
      "minRecValue": "NA",
      "maxRecValue": "NA",
      "kind": "common",
      "options": [
        {
          "summary": "",
          "name": "STRICT"
        },
        {
          "summary": "",
          "name": "LENIENT"
        },
        {
          "summary": "",
          "name": "SILENT"
        }
      ]
    },
    {
      "summary": "Reference sequence",
      "name": "--reference",
      "synonyms": "-R",
      "type": "String",
      "required": "no",
      "fulltext": "",
      "defaultValue": "null",
      "minValue": "NA",
      "maxValue": "NA",
      "minRecValue": "NA",
      "maxRecValue": "NA",
      "kind": "optional",
      "options": []
    },
    {
      "summary": "Log counts of mapped and unmapped reads to this file",
      "name": "--score-metrics",
      "synonyms": "-SM",
      "type": "String",
      "required": "no",
      "fulltext": "If specified, records the following metrics:\n \u003cul\u003e\n     \u003cli\u003eNumber of reads mapped to the microbial reference\u003c/li\u003e\n     \u003cli\u003eNumber of unmapped reads\u003c/li\u003e\n \u003c/ul\u003e\n\u003cp\u003eNote that using this option may increase runtime.\u003c/p\u003e",
      "defaultValue": "null",
      "minValue": "NA",
      "maxValue": "NA",
      "minRecValue": "NA",
      "maxRecValue": "NA",
      "kind": "optional",
      "options": []
    },
    {
      "summary": "Estimated reads per Spark partition for scoring",
      "name": "--score-reads-per-partition-estimate",
      "synonyms": "-score-reads-per-partition-estimate",
      "type": "int",
      "required": "no",
      "fulltext": "This parameter is for fine-tuning memory performance. Lower values may result in less memory usage but possibly\n at the expense of greater computation time.",
      "defaultValue": "200000",
      "minValue": "1.0",
      "maxValue": "Infinity",
      "minRecValue": "NA",
      "maxRecValue": "NA",
      "kind": "advanced",
      "options": []
    },
    {
      "summary": "Write accessions found in the reads header but not the taxonomy database to this file",
      "name": "--score-warnings",
      "synonyms": "-SW",
      "type": "String",
      "required": "no",
      "fulltext": "",
      "defaultValue": "null",
      "minValue": "NA",
      "maxValue": "NA",
      "minRecValue": "NA",
      "maxRecValue": "NA",
      "kind": "optional",
      "options": []
    },
    {
      "summary": "URI for the taxonomic scores output",
      "name": "--scores-output",
      "synonyms": "-SO",
      "type": "String",
      "required": "yes",
      "fulltext": "",
      "defaultValue": "null",
      "minValue": "NA",
      "maxValue": "NA",
      "minRecValue": "NA",
      "maxRecValue": "NA",
      "kind": "required",
      "options": []
    },
    {
      "summary": "For tools that write an output, write the output in multiple pieces (shards)",
      "name": "--sharded-output",
      "synonyms": "NA",
      "type": "boolean",
      "required": "no",
      "fulltext": "",
      "defaultValue": "false",
      "minValue": "NA",
      "maxValue": "NA",
      "minRecValue": "NA",
      "maxRecValue": "NA",
      "kind": "optional",
      "options": []
    },
    {
      "summary": "display hidden arguments",
      "name": "--showHidden",
      "synonyms": "-showHidden",
      "type": "boolean",
      "required": "no",
      "fulltext": "",
      "defaultValue": "false",
      "minValue": "NA",
      "maxValue": "NA",
      "minRecValue": "NA",
      "maxRecValue": "NA",
      "kind": "advanced",
      "options": []
    },
    {
      "summary": "URL of the Spark Master to submit jobs to when using the Spark pipeline runner.",
      "name": "--spark-master",
      "synonyms": "NA",
      "type": "String",
      "required": "no",
      "fulltext": "",
      "defaultValue": "local[*]",
      "minValue": "NA",
      "maxValue": "NA",
      "minRecValue": "NA",
      "maxRecValue": "NA",
      "kind": "optional",
      "options": []
    },
    {
      "summary": "Spark verbosity. Overrides --verbosity for Spark-generated logs only. Possible values: {ALL, DEBUG, INFO, WARN, ERROR, FATAL, OFF, TRACE}",
      "name": "--spark-verbosity",
      "synonyms": "NA",
      "type": "String",
      "required": "no",
      "fulltext": "",
      "defaultValue": "null",
      "minValue": "NA",
      "maxValue": "NA",
      "minRecValue": "NA",
      "maxRecValue": "NA",
      "kind": "optional",
      "options": []
    },
    {
      "summary": "URI to the microbe reference taxonomy database built using PathSeqBuildReferenceTaxonomy",
      "name": "--taxonomy-file",
      "synonyms": "-T",
      "type": "String",
      "required": "yes",
      "fulltext": "",
      "defaultValue": "null",
      "minValue": "NA",
      "maxValue": "NA",
      "minRecValue": "NA",
      "maxRecValue": "NA",
      "kind": "required",
      "options": []
    },
    {
      "summary": "Temp directory to use.",
      "name": "--tmp-dir",
      "synonyms": "NA",
      "type": "GATKPathSpecifier",
      "required": "no",
      "fulltext": "",
      "defaultValue": "null",
      "minValue": "NA",
      "maxValue": "NA",
      "minRecValue": "NA",
      "maxRecValue": "NA",
      "kind": "common",
      "options": []
    },
    {
      "summary": "Input BAM containing only unpaired reads",
      "name": "--unpaired-input",
      "synonyms": "-UI",
      "type": "String",
      "required": "no",
      "fulltext": "",
      "defaultValue": "null",
      "minValue": "NA",
      "maxValue": "NA",
      "minRecValue": "NA",
      "maxRecValue": "NA",
      "kind": "optional",
      "options": []
    },
    {
      "summary": "Whether to use the JdkDeflater (as opposed to IntelDeflater)",
      "name": "--use-jdk-deflater",
      "synonyms": "-jdk-deflater",
      "type": "boolean",
      "required": "no",
      "fulltext": "",
      "defaultValue": "false",
      "minValue": "NA",
      "maxValue": "NA",
      "minRecValue": "NA",
      "maxRecValue": "NA",
      "kind": "common",
      "options": []
    },
    {
      "summary": "Whether to use the JdkInflater (as opposed to IntelInflater)",
      "name": "--use-jdk-inflater",
      "synonyms": "-jdk-inflater",
      "type": "boolean",
      "required": "no",
      "fulltext": "",
      "defaultValue": "false",
      "minValue": "NA",
      "maxValue": "NA",
      "minRecValue": "NA",
      "maxRecValue": "NA",
      "kind": "common",
      "options": []
    },
    {
      "summary": "Control verbosity of logging.",
      "name": "--verbosity",
      "synonyms": "-verbosity",
      "type": "LogLevel",
      "required": "no",
      "fulltext": "",
      "defaultValue": "INFO",
      "minValue": "NA",
      "maxValue": "NA",
      "minRecValue": "NA",
      "maxRecValue": "NA",
      "kind": "common",
      "options": [
        {
          "summary": "",
          "name": "ERROR"
        },
        {
          "summary": "",
          "name": "WARNING"
        },
        {
          "summary": "",
          "name": "INFO"
        },
        {
          "summary": "",
          "name": "DEBUG"
        }
      ]
    },
    {
      "summary": "display the version number for this tool",
      "name": "--version",
      "synonyms": "NA",
      "type": "boolean",
      "required": "no",
      "fulltext": "",
      "defaultValue": "false",
      "minValue": "NA",
      "maxValue": "NA",
      "minRecValue": "NA",
      "maxRecValue": "NA",
      "kind": "optional",
      "options": []
    }
  ],
  "description": "Classify reads and estimate abundances of each taxon in the reference. This is the third and final step of the PathSeq pipeline.\n\n \u003cp\u003eSee PathSeqPipelineSpark for an overview of the PathSeq pipeline.\u003c/p\u003e\n\n \u003cp\u003eThis tool performs taxonomic classification of reads that have been aligned to a microbe reference. Using\n alignments that are sufficiently identical to the reference, it scores each taxon in the reference based on aligned\n reads. These scores can be used to detect and quantify microbe abundance.\u003c/p\u003e\n\n \u003ch3\u003eMethods\u003c/h3\u003e\n\n \u003cp\u003eAlignments with sufficient identity score (e.g. 90% of read length) are used to estimate read counts\n and the relative abundance of microorganisms present in the sample at each level of the taxonomic tree (e.g. strain,\n species, genus, family, etc.). If a read maps to more than one organism, only the best alignment and any others with\n identity score within a margin of error of the best (e.g. 2%) are retained. For paired-end reads, alignments to organisms present in one read but not the other are\n discarded. Reads with a single valid alignment add a score of 1 to the corresponding species or strain. For reads with N hits, a score of 1/N is distributed\n to each organism. Scores are totaled for each taxon by summing the scores across all reads and the scores of any descendent taxa.\u003c/p\u003e\n\n \u003ch3\u003eInput\u003c/h3\u003e\n\n \u003cul\u003e\n     \u003cli\u003eQueryname-sorted BAM file containing only paired reads aligned to the microbe reference\u003c/li\u003e\n     \u003cli\u003eBAM file containing only unpaired reads aligned to the microbe reference\u003c/li\u003e\n     \u003cli\u003e*Taxonomy file generated using PathSeqBuildReferenceTaxonomy\u003c/li\u003e\n \u003c/ul\u003e\n\n \u003cp\u003e*A standard microbe taxonomy file is available in the \u003ca href\u003d\"https://software.broadinstitute.org/gatk/download/bundle\"\u003eGATK Resource Bundle\u003c/a\u003e.\u003c/p\u003e\n\n \u003ch3\u003eOutput\u003c/h3\u003e\n\n \u003cp\u003eTab-delimited scores table with the following columns:\u003c/p\u003e\n\n \u003cul\u003e\n      \u003cli\u003eNCBI taxonomic ID\u003c/li\u003e\n      \u003cli\u003ephylogenetic classification\u003c/li\u003e\n      \u003cli\u003ephylogenetic rank (order, family, genus, etc.)\u003c/li\u003e\n      \u003cli\u003etaxon name\u003c/li\u003e\n      \u003cli\u003eabundance score (described above)\u003c/li\u003e\n      \u003cli\u003eabundance score normalized as a percentage of total microbe-mapped reads\u003c/li\u003e\n      \u003cli\u003etotal number of reads aligned to this taxon\u003c/li\u003e\n      \u003cli\u003enumber of reads assigned unambiguously to the taxon (i.e. mapped only to the node and/or its children)\u003c/li\u003e\n      \u003cli\u003etotal taxon reference sequence length\u003c/li\u003e\n \u003c/ul\u003e\n\n \u003cp\u003eThe tool may also optionally produce:\u003c/p\u003e\n\n \u003cul\u003e\n     \u003cli\u003eBAM file of all reads annotated with the NCBI taxonomy IDs of mapped organisms\u003c/li\u003e\n     \u003cli\u003eMetrics file with the number of mapped and unmapped reads\u003c/li\u003e\n \u003c/ul\u003e\n\n \u003ch3\u003eUsage example\u003c/h3\u003e\n\n \u003cp\u003eThis tool can be run without explicitly specifying Spark options. That is to say, the given example command\n without Spark options will run locally. See\n \u003ca href \u003d\"https://software.broadinstitute.org/gatk/documentation/article?id\u003d10060\"\u003eTutorial#10060\u003c/a\u003e for an example\n of how to set up and run a Spark tool on a cloud Spark cluster.\u003c/p\u003e\n\n \u003cpre\u003e\n gatk PathSeqScoreSpark  \\\n   --paired-input input_reads_paired.bam \\\n   --unpaired-input input_reads_unpaired.bam \\\n   --taxonomy-file taxonomy.db \\\n   --scores-output scores.txt \\\n   --output output_reads.bam \\\n   --min-score-identity 0.90 \\\n   --identity-margin 0.02\n \u003c/pre\u003e",
  "name": "PathSeqScoreSpark",
  "group": "Metagenomics",
  "beta": false,
  "experimental": false
}