{
  "summary": "Train a CNN model for filtering variants",
  "arguments": [
    {
      "summary": "Which set of annotations to use.",
      "name": "--annotation-set",
      "synonyms": "-annotation-set",
      "type": "String",
      "required": "no",
      "fulltext": "",
      "defaultValue": "best_practices",
      "minValue": "NA",
      "maxValue": "NA",
      "minRecValue": "NA",
      "maxRecValue": "NA",
      "kind": "advanced",
      "options": []
    },
    {
      "summary": "Shortcut connections on the annotation layers.",
      "name": "--annotation-shortcut",
      "synonyms": "-annotation-shortcut",
      "type": "boolean",
      "required": "no",
      "fulltext": "",
      "defaultValue": "false",
      "minValue": "NA",
      "maxValue": "NA",
      "minRecValue": "NA",
      "maxRecValue": "NA",
      "kind": "optional",
      "options": []
    },
    {
      "summary": "Number of units connected to the annotation input layer",
      "name": "--annotation-units",
      "synonyms": "-annotation-units",
      "type": "int",
      "required": "no",
      "fulltext": "",
      "defaultValue": "16",
      "minValue": "-Infinity",
      "maxValue": "Infinity",
      "minRecValue": "NA",
      "maxRecValue": "NA",
      "kind": "optional",
      "options": []
    },
    {
      "summary": "read one or more arguments files and add them to the command line",
      "name": "--arguments_file",
      "synonyms": "NA",
      "type": "List[File]",
      "required": "no",
      "fulltext": "",
      "defaultValue": "[]",
      "minValue": "NA",
      "maxValue": "NA",
      "minRecValue": "NA",
      "maxRecValue": "NA",
      "kind": "optional",
      "options": []
    },
    {
      "summary": "Store the channels in the last axis of tensors, tensorflow-\u003etrue, theano-\u003efalse",
      "name": "--channels-last",
      "synonyms": "-channels-last",
      "type": "boolean",
      "required": "no",
      "fulltext": "",
      "defaultValue": "true",
      "minValue": "NA",
      "maxValue": "NA",
      "minRecValue": "NA",
      "maxRecValue": "NA",
      "kind": "advanced",
      "options": []
    },
    {
      "summary": "Batch normalize convolution layers",
      "name": "--conv-batch-normalize",
      "synonyms": "-conv-batch-normalize",
      "type": "boolean",
      "required": "no",
      "fulltext": "",
      "defaultValue": "false",
      "minValue": "NA",
      "maxValue": "NA",
      "minRecValue": "NA",
      "maxRecValue": "NA",
      "kind": "optional",
      "options": []
    },
    {
      "summary": "Dropout rate in convolution layers",
      "name": "--conv-dropout",
      "synonyms": "-conv-dropout",
      "type": "float",
      "required": "no",
      "fulltext": "",
      "defaultValue": "0.0",
      "minValue": "-Infinity",
      "maxValue": "Infinity",
      "minRecValue": "NA",
      "maxRecValue": "NA",
      "kind": "optional",
      "options": []
    },
    {
      "summary": "Height of convolution kernels",
      "name": "--conv-height",
      "synonyms": "-conv-height",
      "type": "int",
      "required": "no",
      "fulltext": "",
      "defaultValue": "5",
      "minValue": "-Infinity",
      "maxValue": "Infinity",
      "minRecValue": "NA",
      "maxRecValue": "NA",
      "kind": "optional",
      "options": []
    },
    {
      "summary": "List of number of filters to use in each convolutional layer",
      "name": "--conv-layers",
      "synonyms": "-conv-layers",
      "type": "List[Integer]",
      "required": "no",
      "fulltext": "",
      "defaultValue": "[]",
      "minValue": "NA",
      "maxValue": "NA",
      "minRecValue": "NA",
      "maxRecValue": "NA",
      "kind": "optional",
      "options": []
    },
    {
      "summary": "Width of convolution kernels",
      "name": "--conv-width",
      "synonyms": "-conv-width",
      "type": "int",
      "required": "no",
      "fulltext": "",
      "defaultValue": "5",
      "minValue": "-Infinity",
      "maxValue": "Infinity",
      "minRecValue": "NA",
      "maxRecValue": "NA",
      "kind": "optional",
      "options": []
    },
    {
      "summary": "Maximum number of training epochs.",
      "name": "--epochs",
      "synonyms": "-epochs",
      "type": "int",
      "required": "no",
      "fulltext": "",
      "defaultValue": "10",
      "minValue": "0.0",
      "maxValue": "Infinity",
      "minRecValue": "NA",
      "maxRecValue": "NA",
      "kind": "optional",
      "options": []
    },
    {
      "summary": "Batch normalize fully-connected layers",
      "name": "--fc-batch-normalize",
      "synonyms": "-fc-batch-normalize",
      "type": "boolean",
      "required": "no",
      "fulltext": "",
      "defaultValue": "false",
      "minValue": "NA",
      "maxValue": "NA",
      "minRecValue": "NA",
      "maxRecValue": "NA",
      "kind": "optional",
      "options": []
    },
    {
      "summary": "Dropout rate in fully-connected layers",
      "name": "--fc-dropout",
      "synonyms": "-fc-dropout",
      "type": "float",
      "required": "no",
      "fulltext": "",
      "defaultValue": "0.0",
      "minValue": "-Infinity",
      "maxValue": "Infinity",
      "minRecValue": "NA",
      "maxRecValue": "NA",
      "kind": "optional",
      "options": []
    },
    {
      "summary": "List of number of filters to use in each fully-connected layer",
      "name": "--fc-layers",
      "synonyms": "-fc-layers",
      "type": "List[Integer]",
      "required": "no",
      "fulltext": "",
      "defaultValue": "[]",
      "minValue": "NA",
      "maxValue": "NA",
      "minRecValue": "NA",
      "maxRecValue": "NA",
      "kind": "optional",
      "options": []
    },
    {
      "summary": "A configuration file to use with the GATK.",
      "name": "--gatk-config-file",
      "synonyms": "NA",
      "type": "String",
      "required": "no",
      "fulltext": "",
      "defaultValue": "null",
      "minValue": "NA",
      "maxValue": "NA",
      "minRecValue": "NA",
      "maxRecValue": "NA",
      "kind": "common",
      "options": []
    },
    {
      "summary": "If the GCS bucket channel errors out, how many times it will attempt to re-initiate the connection",
      "name": "--gcs-max-retries",
      "synonyms": "-gcs-retries",
      "type": "int",
      "required": "no",
      "fulltext": "",
      "defaultValue": "20",
      "minValue": "-Infinity",
      "maxValue": "Infinity",
      "minRecValue": "NA",
      "maxRecValue": "NA",
      "kind": "optional",
      "options": []
    },
    {
      "summary": "Project to bill when accessing \"requester pays\" buckets. If unset, these buckets cannot be accessed.",
      "name": "--gcs-project-for-requester-pays",
      "synonyms": "NA",
      "type": "String",
      "required": "no",
      "fulltext": "",
      "defaultValue": "\"\"",
      "minValue": "NA",
      "maxValue": "NA",
      "minRecValue": "NA",
      "maxRecValue": "NA",
      "kind": "optional",
      "options": []
    },
    {
      "summary": "display the help message",
      "name": "--help",
      "synonyms": "-h",
      "type": "boolean",
      "required": "no",
      "fulltext": "",
      "defaultValue": "false",
      "minValue": "NA",
      "maxValue": "NA",
      "minRecValue": "NA",
      "maxRecValue": "NA",
      "kind": "optional",
      "options": []
    },
    {
      "summary": "Path where plots and figures are saved.",
      "name": "--image-dir",
      "synonyms": "-image-dir",
      "type": "String",
      "required": "no",
      "fulltext": "",
      "defaultValue": "null",
      "minValue": "NA",
      "maxValue": "NA",
      "minRecValue": "NA",
      "maxRecValue": "NA",
      "kind": "optional",
      "options": []
    },
    {
      "summary": "Directory of training tensors to create.",
      "name": "--input-tensor-dir",
      "synonyms": "-input-tensor-dir",
      "type": "String",
      "required": "yes",
      "fulltext": "",
      "defaultValue": "null",
      "minValue": "NA",
      "maxValue": "NA",
      "minRecValue": "NA",
      "maxRecValue": "NA",
      "kind": "required",
      "options": []
    },
    {
      "summary": "Name of the model to be trained.",
      "name": "--model-name",
      "synonyms": "-model-name",
      "type": "String",
      "required": "no",
      "fulltext": "",
      "defaultValue": "variant_filter_model",
      "minValue": "NA",
      "maxValue": "NA",
      "minRecValue": "NA",
      "maxRecValue": "NA",
      "kind": "optional",
      "options": []
    },
    {
      "summary": "Directory where models will be saved, defaults to current working directory.",
      "name": "--output-dir",
      "synonyms": "-output-dir",
      "type": "String",
      "required": "no",
      "fulltext": "",
      "defaultValue": "./",
      "minValue": "NA",
      "maxValue": "NA",
      "minRecValue": "NA",
      "maxRecValue": "NA",
      "kind": "optional",
      "options": []
    },
    {
      "summary": "Padding for convolution layers, valid or same",
      "name": "--padding",
      "synonyms": "-padding",
      "type": "String",
      "required": "no",
      "fulltext": "",
      "defaultValue": "valid",
      "minValue": "NA",
      "maxValue": "NA",
      "minRecValue": "NA",
      "maxRecValue": "NA",
      "kind": "optional",
      "options": []
    },
    {
      "summary": "Whether to suppress job-summary info on System.err.",
      "name": "--QUIET",
      "synonyms": "NA",
      "type": "Boolean",
      "required": "no",
      "fulltext": "",
      "defaultValue": "false",
      "minValue": "NA",
      "maxValue": "NA",
      "minRecValue": "NA",
      "maxRecValue": "NA",
      "kind": "common",
      "options": []
    },
    {
      "summary": "display hidden arguments",
      "name": "--showHidden",
      "synonyms": "-showHidden",
      "type": "boolean",
      "required": "no",
      "fulltext": "",
      "defaultValue": "false",
      "minValue": "NA",
      "maxValue": "NA",
      "minRecValue": "NA",
      "maxRecValue": "NA",
      "kind": "advanced",
      "options": []
    },
    {
      "summary": "Spatial dropout on convolution layers",
      "name": "--spatial-dropout",
      "synonyms": "-spatial-dropout",
      "type": "boolean",
      "required": "no",
      "fulltext": "",
      "defaultValue": "false",
      "minValue": "NA",
      "maxValue": "NA",
      "minRecValue": "NA",
      "maxRecValue": "NA",
      "kind": "optional",
      "options": []
    },
    {
      "summary": "Type of tensors to use as input reference for 1D reference tensors and read_tensor for 2D tensors.",
      "name": "--tensor-type",
      "synonyms": "-tensor-type",
      "type": "TensorType",
      "required": "no",
      "fulltext": "",
      "defaultValue": "reference",
      "minValue": "NA",
      "maxValue": "NA",
      "minRecValue": "NA",
      "maxRecValue": "NA",
      "kind": "optional",
      "options": [
        {
          "summary": "",
          "name": "reference"
        },
        {
          "summary": "",
          "name": "read_tensor"
        }
      ]
    },
    {
      "summary": "Temp directory to use.",
      "name": "--tmp-dir",
      "synonyms": "NA",
      "type": "GATKPathSpecifier",
      "required": "no",
      "fulltext": "",
      "defaultValue": "null",
      "minValue": "NA",
      "maxValue": "NA",
      "minRecValue": "NA",
      "maxRecValue": "NA",
      "kind": "common",
      "options": []
    },
    {
      "summary": "Number of training steps per epoch.",
      "name": "--training-steps",
      "synonyms": "-training-steps",
      "type": "int",
      "required": "no",
      "fulltext": "",
      "defaultValue": "10",
      "minValue": "0.0",
      "maxValue": "Infinity",
      "minRecValue": "NA",
      "maxRecValue": "NA",
      "kind": "optional",
      "options": []
    },
    {
      "summary": "Whether to use the JdkDeflater (as opposed to IntelDeflater)",
      "name": "--use-jdk-deflater",
      "synonyms": "-jdk-deflater",
      "type": "boolean",
      "required": "no",
      "fulltext": "",
      "defaultValue": "false",
      "minValue": "NA",
      "maxValue": "NA",
      "minRecValue": "NA",
      "maxRecValue": "NA",
      "kind": "common",
      "options": []
    },
    {
      "summary": "Whether to use the JdkInflater (as opposed to IntelInflater)",
      "name": "--use-jdk-inflater",
      "synonyms": "-jdk-inflater",
      "type": "boolean",
      "required": "no",
      "fulltext": "",
      "defaultValue": "false",
      "minValue": "NA",
      "maxValue": "NA",
      "minRecValue": "NA",
      "maxRecValue": "NA",
      "kind": "common",
      "options": []
    },
    {
      "summary": "Number of validation steps per epoch.",
      "name": "--validation-steps",
      "synonyms": "-validation-steps",
      "type": "int",
      "required": "no",
      "fulltext": "",
      "defaultValue": "2",
      "minValue": "0.0",
      "maxValue": "Infinity",
      "minRecValue": "NA",
      "maxRecValue": "NA",
      "kind": "optional",
      "options": []
    },
    {
      "summary": "Control verbosity of logging.",
      "name": "--verbosity",
      "synonyms": "-verbosity",
      "type": "LogLevel",
      "required": "no",
      "fulltext": "",
      "defaultValue": "INFO",
      "minValue": "NA",
      "maxValue": "NA",
      "minRecValue": "NA",
      "maxRecValue": "NA",
      "kind": "common",
      "options": [
        {
          "summary": "",
          "name": "ERROR"
        },
        {
          "summary": "",
          "name": "WARNING"
        },
        {
          "summary": "",
          "name": "INFO"
        },
        {
          "summary": "",
          "name": "DEBUG"
        }
      ]
    },
    {
      "summary": "display the version number for this tool",
      "name": "--version",
      "synonyms": "NA",
      "type": "boolean",
      "required": "no",
      "fulltext": "",
      "defaultValue": "false",
      "minValue": "NA",
      "maxValue": "NA",
      "minRecValue": "NA",
      "maxRecValue": "NA",
      "kind": "optional",
      "options": []
    }
  ],
  "description": "Train a Convolutional Neural Network (CNN) for filtering variants.\n This tool expects requires training data generated by CNNVariantWriteTensors.\n\n\n \u003ch3\u003eInputs\u003c/h3\u003e\n \u003cul\u003e\n      \u003cli\u003edata-dir The training data created by CNNVariantWriteTensors.\u003c/li\u003e\n      \u003cli\u003eThe --tensor-type argument determines what types of tensors the model will expect.\n      Set it to \"reference\" for 1D tensors or \"read_tensor\" for 2D tensors.\u003c/li\u003e\n \u003c/ul\u003e\n\n \u003ch3\u003eOutputs\u003c/h3\u003e\n \u003cul\u003e\n \u003cli\u003eoutput-dir The model weights file and semantic configuration json are saved here.\n  This default to the current working directory.\u003c/li\u003e\n \u003cli\u003emodel-name The name for your model.\u003c/li\u003e\n \u003c/ul\u003e\n\n \u003ch3\u003eUsage example\u003c/h3\u003e\n\n \u003ch4\u003eTrain a 1D CNN on Reference Tensors\u003c/h4\u003e\n \u003cpre\u003e\n gatk CNNVariantTrain \\\n   -tensor-type reference \\\n   -input-tensor-dir my_tensor_folder \\\n   -model-name my_1d_model\n \u003c/pre\u003e\n\n \u003ch4\u003eTrain a 2D CNN on Read Tensors\u003c/h4\u003e\n \u003cpre\u003e\n gatk CNNVariantTrain \\\n   -input-tensor-dir my_tensor_folder \\\n   -tensor-type read-tensor \\\n   -model-name my_2d_model\n \u003c/pre\u003e",
  "name": "CNNVariantTrain",
  "group": "Variant Filtering",
  "beta": false,
  "experimental": true
}