{
  "summary": "Allele-specific likelihood-based test for the consanguinity among samples (AS_InbreedingCoeff)",
  "arguments": [],
  "description": "Allele-specific likelihood-based test for the inbreeding among samples\n\n \u003cp\u003eThis annotation estimates whether there is evidence of inbreeding in a population. The higher the score, the higher the chance that there is inbreeding.\u003c/p\u003e\n\n \u003ch3\u003eStatistical notes\u003c/h3\u003e\n \u003cp\u003eThe calculation is a continuous generalization of the Hardy-Weinberg test for disequilibrium that works well with limited coverage per sample. The output is the F statistic from running the HW test for disequilibrium with PL values. See the \u003ca href\u003d\"http://www.broadinstitute.org/gatk/guide/article?id\u003d4732\"\u003emethod document on statistical tests\u003c/a\u003e for a more detailed explanation of this statistical test.\u003c/p\u003e\n\n \u003ch3\u003eCaveats\u003c/h3\u003e\n \u003cul\u003e\n \u003cli\u003eThe inbreeding coefficient can only be calculated for cohorts containing at least 10 founder samples.\u003c/li\u003e\n \u003cli\u003eThis annotation can take a valid pedigree file to specify founders. If not specified, all samples will be considered as founders.\u003c/li\u003e\n \u003c/ul\u003e\n\n \u003ch3\u003eRelated annotations\u003c/h3\u003e\n \u003cul\u003e\n     \u003cli\u003e\u003cb\u003e\u003ca href\u003d\"https://www.broadinstitute.org/gatk/guide/tooldocs/org_broadinstitute_gatk_tools_walkers_annotator_InbreedingCoeff.php\"\u003eInbreedingCoeff\u003c/a\u003e\u003c/b\u003e outputs a version of this annotation that includes all alternate alleles in a single calculation.\u003c/li\u003e\n     \u003cli\u003e\u003cb\u003e\u003ca href\u003d\"https://www.broadinstitute.org/gatk/gatkdocs/org_broadinstitute_gatk_tools_walkers_annotator_ExcessHet.php\"\u003eExcessHet\u003c/a\u003e\u003c/b\u003e estimates excess heterozygosity in a population of samples.\u003c/li\u003e\n \u003c/ul\u003e",
  "name": "AS_InbreedingCoeff",
  "group": "Variant Annotations",
  "beta": false,
  "experimental": false
}