{
  "summary": "Calculate genotype posterior probabilities given family and/or known population genotypes",
  "arguments": [
    {
      "summary": "If true, adds a PG tag to created SAM/BAM/CRAM files.",
      "name": "--add-output-sam-program-record",
      "synonyms": "-add-output-sam-program-record",
      "type": "boolean",
      "required": "no",
      "fulltext": "",
      "defaultValue": "true",
      "minValue": "NA",
      "maxValue": "NA",
      "minRecValue": "NA",
      "maxRecValue": "NA",
      "kind": "common",
      "options": []
    },
    {
      "summary": "If true, adds a command line header line to created VCF files.",
      "name": "--add-output-vcf-command-line",
      "synonyms": "-add-output-vcf-command-line",
      "type": "boolean",
      "required": "no",
      "fulltext": "",
      "defaultValue": "true",
      "minValue": "NA",
      "maxValue": "NA",
      "minRecValue": "NA",
      "maxRecValue": "NA",
      "kind": "common",
      "options": []
    },
    {
      "summary": "read one or more arguments files and add them to the command line",
      "name": "--arguments_file",
      "synonyms": "NA",
      "type": "List[File]",
      "required": "no",
      "fulltext": "",
      "defaultValue": "[]",
      "minValue": "NA",
      "maxValue": "NA",
      "minRecValue": "NA",
      "maxRecValue": "NA",
      "kind": "optional",
      "options": []
    },
    {
      "summary": "Size of the cloud-only prefetch buffer (in MB; 0 to disable). Defaults to cloudPrefetchBuffer if unset.",
      "name": "--cloud-index-prefetch-buffer",
      "synonyms": "-CIPB",
      "type": "int",
      "required": "no",
      "fulltext": "",
      "defaultValue": "-1",
      "minValue": "-Infinity",
      "maxValue": "Infinity",
      "minRecValue": "NA",
      "maxRecValue": "NA",
      "kind": "optional",
      "options": []
    },
    {
      "summary": "Size of the cloud-only prefetch buffer (in MB; 0 to disable).",
      "name": "--cloud-prefetch-buffer",
      "synonyms": "-CPB",
      "type": "int",
      "required": "no",
      "fulltext": "",
      "defaultValue": "40",
      "minValue": "-Infinity",
      "maxValue": "Infinity",
      "minRecValue": "NA",
      "maxRecValue": "NA",
      "kind": "optional",
      "options": []
    },
    {
      "summary": "If true, create a BAM/CRAM index when writing a coordinate-sorted BAM/CRAM file.",
      "name": "--create-output-bam-index",
      "synonyms": "-OBI",
      "type": "boolean",
      "required": "no",
      "fulltext": "",
      "defaultValue": "true",
      "minValue": "NA",
      "maxValue": "NA",
      "minRecValue": "NA",
      "maxRecValue": "NA",
      "kind": "common",
      "options": []
    },
    {
      "summary": "If true, create a MD5 digest for any BAM/SAM/CRAM file created",
      "name": "--create-output-bam-md5",
      "synonyms": "-OBM",
      "type": "boolean",
      "required": "no",
      "fulltext": "",
      "defaultValue": "false",
      "minValue": "NA",
      "maxValue": "NA",
      "minRecValue": "NA",
      "maxRecValue": "NA",
      "kind": "common",
      "options": []
    },
    {
      "summary": "If true, create a VCF index when writing a coordinate-sorted VCF file.",
      "name": "--create-output-variant-index",
      "synonyms": "-OVI",
      "type": "boolean",
      "required": "no",
      "fulltext": "",
      "defaultValue": "true",
      "minValue": "NA",
      "maxValue": "NA",
      "minRecValue": "NA",
      "maxRecValue": "NA",
      "kind": "common",
      "options": []
    },
    {
      "summary": "If true, create a a MD5 digest any VCF file created.",
      "name": "--create-output-variant-md5",
      "synonyms": "-OVM",
      "type": "boolean",
      "required": "no",
      "fulltext": "",
      "defaultValue": "false",
      "minValue": "NA",
      "maxValue": "NA",
      "minRecValue": "NA",
      "maxRecValue": "NA",
      "kind": "common",
      "options": []
    },
    {
      "summary": "Prior for de novo mutations",
      "name": "--de-novo-prior",
      "synonyms": "NA",
      "type": "double",
      "required": "no",
      "fulltext": "The de novo mutation prior -- i.e. the probability that a new mutation occurs. Sensitivity analysis on known de novo\n mutations suggests a default value of 10^-6.",
      "defaultValue": "1.0E-6",
      "minValue": "-Infinity",
      "maxValue": "Infinity",
      "minRecValue": "NA",
      "maxRecValue": "NA",
      "kind": "optional",
      "options": []
    },
    {
      "summary": "Use AC rather than MLEAC",
      "name": "--default-to-allele-count",
      "synonyms": "NA",
      "type": "boolean",
      "required": "no",
      "fulltext": "By default the tool looks for MLEAC first, and then falls back to AC if MLEAC is not found. When this\n flag is set, the behavior is flipped and the tool looks first for the AC field and then fall back to MLEAC or\n raw genotypes.",
      "defaultValue": "false",
      "minValue": "NA",
      "maxValue": "NA",
      "minRecValue": "NA",
      "maxRecValue": "NA",
      "kind": "optional",
      "options": []
    },
    {
      "summary": "If true, don\u0027t cache bam indexes, this will reduce memory requirements but may harm performance if many intervals are specified.  Caching is automatically disabled if there are no intervals specified.",
      "name": "--disable-bam-index-caching",
      "synonyms": "-DBIC",
      "type": "boolean",
      "required": "no",
      "fulltext": "",
      "defaultValue": "false",
      "minValue": "NA",
      "maxValue": "NA",
      "minRecValue": "NA",
      "maxRecValue": "NA",
      "kind": "optional",
      "options": []
    },
    {
      "summary": "Read filters to be disabled before analysis",
      "name": "--disable-read-filter",
      "synonyms": "-DF",
      "type": "List[String]",
      "required": "no",
      "fulltext": "",
      "defaultValue": "[]",
      "minValue": "NA",
      "maxValue": "NA",
      "minRecValue": "NA",
      "maxRecValue": "NA",
      "kind": "common",
      "options": []
    },
    {
      "summary": "If specified, do not check the sequence dictionaries from our inputs for compatibility. Use at your own risk!",
      "name": "--disable-sequence-dictionary-validation",
      "synonyms": "-disable-sequence-dictionary-validation",
      "type": "boolean",
      "required": "no",
      "fulltext": "",
      "defaultValue": "false",
      "minValue": "NA",
      "maxValue": "NA",
      "minRecValue": "NA",
      "maxRecValue": "NA",
      "kind": "optional",
      "options": []
    },
    {
      "summary": "Disable all tool default read filters (WARNING: many tools will not function correctly without their default read filters on)",
      "name": "--disable-tool-default-read-filters",
      "synonyms": "-disable-tool-default-read-filters",
      "type": "boolean",
      "required": "no",
      "fulltext": "",
      "defaultValue": "false",
      "minValue": "NA",
      "maxValue": "NA",
      "minRecValue": "NA",
      "maxRecValue": "NA",
      "kind": "common",
      "options": []
    },
    {
      "summary": "Do not use discovered allele count in the input callset for variants that do not appear in the external callset. ",
      "name": "--discovered-allele-count-priors-off",
      "synonyms": "NA",
      "type": "boolean",
      "required": "no",
      "fulltext": "Don\u0027t add input sample ACs for variants not seen in the supporting panel.  Default is to add discovered AC from input samples\n provided there are at least 10 input samples or if num-ref-samples-if-no-call is greater than zero.",
      "defaultValue": "false",
      "minValue": "NA",
      "maxValue": "NA",
      "minRecValue": "NA",
      "maxRecValue": "NA",
      "kind": "optional",
      "options": []
    },
    {
      "summary": "One or more genomic intervals to exclude from processing",
      "name": "--exclude-intervals",
      "synonyms": "-XL",
      "type": "List[String]",
      "required": "no",
      "fulltext": "Use this argument to exclude certain parts of the genome from the analysis (like -L, but the opposite).\n This argument can be specified multiple times. You can use samtools-style intervals either explicitly on the\n command line (e.g. -XL 1 or -XL 1:100-200) or by loading in a file containing a list of intervals\n (e.g. -XL myFile.intervals).",
      "defaultValue": "[]",
      "minValue": "NA",
      "maxValue": "NA",
      "minRecValue": "NA",
      "maxRecValue": "NA",
      "kind": "common",
      "options": []
    },
    {
      "summary": "A configuration file to use with the GATK.",
      "name": "--gatk-config-file",
      "synonyms": "NA",
      "type": "String",
      "required": "no",
      "fulltext": "",
      "defaultValue": "null",
      "minValue": "NA",
      "maxValue": "NA",
      "minRecValue": "NA",
      "maxRecValue": "NA",
      "kind": "common",
      "options": []
    },
    {
      "summary": "If the GCS bucket channel errors out, how many times it will attempt to re-initiate the connection",
      "name": "--gcs-max-retries",
      "synonyms": "-gcs-retries",
      "type": "int",
      "required": "no",
      "fulltext": "",
      "defaultValue": "20",
      "minValue": "-Infinity",
      "maxValue": "Infinity",
      "minRecValue": "NA",
      "maxRecValue": "NA",
      "kind": "optional",
      "options": []
    },
    {
      "summary": "Project to bill when accessing \"requester pays\" buckets. If unset, these buckets cannot be accessed.",
      "name": "--gcs-project-for-requester-pays",
      "synonyms": "NA",
      "type": "String",
      "required": "no",
      "fulltext": "",
      "defaultValue": "\"\"",
      "minValue": "NA",
      "maxValue": "NA",
      "minRecValue": "NA",
      "maxRecValue": "NA",
      "kind": "optional",
      "options": []
    },
    {
      "summary": "Global Dirichlet prior parameters for the indel allele frequency",
      "name": "--global-prior-indel",
      "synonyms": "NA",
      "type": "double",
      "required": "no",
      "fulltext": "Prior indel pseudocounts for Dirichlet distribution of allele frequencies. The posterior distribution is a\n Dirichlet with parameters given by pseudocounts plus the number of occurrences in the resource vcfs.",
      "defaultValue": "0.001",
      "minValue": "-Infinity",
      "maxValue": "Infinity",
      "minRecValue": "NA",
      "maxRecValue": "NA",
      "kind": "optional",
      "options": []
    },
    {
      "summary": "Global Dirichlet prior parameters for the SNP allele frequency",
      "name": "--global-prior-snp",
      "synonyms": "NA",
      "type": "double",
      "required": "no",
      "fulltext": "Prior SNP pseudocounts for Dirichlet distribution of allele frequencies. The posterior distribution is a\n Dirichlet with parameters given by pseudocounts plus the number of occurrences in the resource vcfs.",
      "defaultValue": "0.001",
      "minValue": "-Infinity",
      "maxValue": "Infinity",
      "minRecValue": "NA",
      "maxRecValue": "NA",
      "kind": "optional",
      "options": []
    },
    {
      "summary": "display the help message",
      "name": "--help",
      "synonyms": "-h",
      "type": "boolean",
      "required": "no",
      "fulltext": "",
      "defaultValue": "false",
      "minValue": "NA",
      "maxValue": "NA",
      "minRecValue": "NA",
      "maxRecValue": "NA",
      "kind": "optional",
      "options": []
    },
    {
      "summary": "Use external information only",
      "name": "--ignore-input-samples",
      "synonyms": "NA",
      "type": "boolean",
      "required": "no",
      "fulltext": "When this flag is set, only the AC and AN calculated from external sources will be used, and the calculation\n will not use the discovered allele frequency in the callset whose posteriors are being calculated. Useful for\n callsets containing related individuals.",
      "defaultValue": "false",
      "minValue": "NA",
      "maxValue": "NA",
      "minRecValue": "NA",
      "maxRecValue": "NA",
      "kind": "optional",
      "options": []
    },
    {
      "summary": "BAM/SAM/CRAM file containing reads",
      "name": "--input",
      "synonyms": "-I",
      "type": "List[String]",
      "required": "no",
      "fulltext": "",
      "defaultValue": "[]",
      "minValue": "NA",
      "maxValue": "NA",
      "minRecValue": "NA",
      "maxRecValue": "NA",
      "kind": "common",
      "options": []
    },
    {
      "summary": "Amount of padding (in bp) to add to each interval you are excluding.",
      "name": "--interval-exclusion-padding",
      "synonyms": "-ixp",
      "type": "int",
      "required": "no",
      "fulltext": "Use this to add padding to the intervals specified using -XL. For example, \u0027-XL 1:100\u0027 with a\n padding value of 20 would turn into \u0027-XL 1:80-120\u0027. This is typically used to add padding around targets when\n analyzing exomes.",
      "defaultValue": "0",
      "minValue": "-Infinity",
      "maxValue": "Infinity",
      "minRecValue": "NA",
      "maxRecValue": "NA",
      "kind": "common",
      "options": []
    },
    {
      "summary": "Interval merging rule for abutting intervals",
      "name": "--interval-merging-rule",
      "synonyms": "-imr",
      "type": "IntervalMergingRule",
      "required": "no",
      "fulltext": "By default, the program merges abutting intervals (i.e. intervals that are directly side-by-side but do not\n actually overlap) into a single continuous interval. However you can change this behavior if you want them to be\n treated as separate intervals instead.",
      "defaultValue": "ALL",
      "minValue": "NA",
      "maxValue": "NA",
      "minRecValue": "NA",
      "maxRecValue": "NA",
      "kind": "optional",
      "options": [
        {
          "summary": "",
          "name": "ALL"
        },
        {
          "summary": "",
          "name": "OVERLAPPING_ONLY"
        }
      ]
    },
    {
      "summary": "Amount of padding (in bp) to add to each interval you are including.",
      "name": "--interval-padding",
      "synonyms": "-ip",
      "type": "int",
      "required": "no",
      "fulltext": "Use this to add padding to the intervals specified using -L. For example, \u0027-L 1:100\u0027 with a\n padding value of 20 would turn into \u0027-L 1:80-120\u0027. This is typically used to add padding around targets when\n analyzing exomes.",
      "defaultValue": "0",
      "minValue": "-Infinity",
      "maxValue": "Infinity",
      "minRecValue": "NA",
      "maxRecValue": "NA",
      "kind": "common",
      "options": []
    },
    {
      "summary": "Set merging approach to use for combining interval inputs",
      "name": "--interval-set-rule",
      "synonyms": "-isr",
      "type": "IntervalSetRule",
      "required": "no",
      "fulltext": "By default, the program will take the UNION of all intervals specified using -L and/or -XL. However, you can\n change this setting for -L, for example if you want to take the INTERSECTION of the sets instead. E.g. to\n perform the analysis only on chromosome 1 exomes, you could specify -L exomes.intervals -L 1 --interval-set-rule\n INTERSECTION. However, it is not possible to modify the merging approach for intervals passed using -XL (they will\n always be merged using UNION).\n\n Note that if you specify both -L and -XL, the -XL interval set will be subtracted from the -L interval set.",
      "defaultValue": "UNION",
      "minValue": "NA",
      "maxValue": "NA",
      "minRecValue": "NA",
      "maxRecValue": "NA",
      "kind": "common",
      "options": [
        {
          "summary": "Take the union of all intervals",
          "name": "UNION"
        },
        {
          "summary": "Take the intersection of intervals (the subset that overlaps all intervals specified)",
          "name": "INTERSECTION"
        }
      ]
    },
    {
      "summary": "One or more genomic intervals over which to operate",
      "name": "--intervals",
      "synonyms": "-L",
      "type": "List[String]",
      "required": "no",
      "fulltext": "",
      "defaultValue": "[]",
      "minValue": "NA",
      "maxValue": "NA",
      "minRecValue": "NA",
      "maxRecValue": "NA",
      "kind": "optional",
      "options": []
    },
    {
      "summary": "Lenient processing of VCF files",
      "name": "--lenient",
      "synonyms": "-LE",
      "type": "boolean",
      "required": "no",
      "fulltext": "",
      "defaultValue": "false",
      "minValue": "NA",
      "maxValue": "NA",
      "minRecValue": "NA",
      "maxRecValue": "NA",
      "kind": "common",
      "options": []
    },
    {
      "summary": "Number of hom-ref genotypes to infer at sites not present in a panel",
      "name": "--num-reference-samples-if-no-call",
      "synonyms": "NA",
      "type": "int",
      "required": "no",
      "fulltext": "When a variant is not seen in a panel, this argument controls whether to infer (and with what effective strength)\n that only reference alleles were observed at that site. E.g. \"If not seen in 1000Genomes, treat it as AC\u003d0,\n AN\u003d2000\", where AN\u003d2*nSamples for human autosomes.",
      "defaultValue": "0",
      "minValue": "-Infinity",
      "maxValue": "Infinity",
      "minRecValue": "NA",
      "maxRecValue": "NA",
      "kind": "optional",
      "options": []
    },
    {
      "summary": "File to which variants should be written",
      "name": "--output",
      "synonyms": "-O",
      "type": "File",
      "required": "yes",
      "fulltext": "",
      "defaultValue": "null",
      "minValue": "NA",
      "maxValue": "NA",
      "minRecValue": "NA",
      "maxRecValue": "NA",
      "kind": "required",
      "options": []
    },
    {
      "summary": "Pedigree file for samples",
      "name": "--pedigree",
      "synonyms": "-ped",
      "type": "File",
      "required": "no",
      "fulltext": "See https://software.broadinstitute.org/gatk/documentation/article.php?id\u003d7696 for more details on the PED\n format. Note that each -ped argument can be tagged with NO_FAMILY_ID, NO_PARENTS, NO_SEX, NO_PHENOTYPE to\n tell the GATK PED parser that the corresponding fields are missing from the ped file.",
      "defaultValue": "null",
      "minValue": "NA",
      "maxValue": "NA",
      "minRecValue": "NA",
      "maxRecValue": "NA",
      "kind": "optional",
      "options": []
    },
    {
      "summary": "Whether to suppress job-summary info on System.err.",
      "name": "--QUIET",
      "synonyms": "NA",
      "type": "Boolean",
      "required": "no",
      "fulltext": "",
      "defaultValue": "false",
      "minValue": "NA",
      "maxValue": "NA",
      "minRecValue": "NA",
      "maxRecValue": "NA",
      "kind": "common",
      "options": []
    },
    {
      "summary": "Read filters to be applied before analysis",
      "name": "--read-filter",
      "synonyms": "-RF",
      "type": "List[String]",
      "required": "no",
      "fulltext": "",
      "defaultValue": "[]",
      "minValue": "NA",
      "maxValue": "NA",
      "minRecValue": "NA",
      "maxRecValue": "NA",
      "kind": "common",
      "options": []
    },
    {
      "summary": "Indices to use for the read inputs. If specified, an index must be provided for every read input and in the same order as the read inputs. If this argument is not specified, the path to the index for each input will be inferred automatically.",
      "name": "--read-index",
      "synonyms": "-read-index",
      "type": "List[String]",
      "required": "no",
      "fulltext": "",
      "defaultValue": "[]",
      "minValue": "NA",
      "maxValue": "NA",
      "minRecValue": "NA",
      "maxRecValue": "NA",
      "kind": "common",
      "options": []
    },
    {
      "summary": "Validation stringency for all SAM/BAM/CRAM/SRA files read by this program.  The default stringency value SILENT can improve performance when processing a BAM file in which variable-length data (read, qualities, tags) do not otherwise need to be decoded.",
      "name": "--read-validation-stringency",
      "synonyms": "-VS",
      "type": "ValidationStringency",
      "required": "no",
      "fulltext": "",
      "defaultValue": "SILENT",
      "minValue": "NA",
      "maxValue": "NA",
      "minRecValue": "NA",
      "maxRecValue": "NA",
      "kind": "common",
      "options": [
        {
          "summary": "",
          "name": "STRICT"
        },
        {
          "summary": "",
          "name": "LENIENT"
        },
        {
          "summary": "",
          "name": "SILENT"
        }
      ]
    },
    {
      "summary": "Reference sequence",
      "name": "--reference",
      "synonyms": "-R",
      "type": "String",
      "required": "no",
      "fulltext": "",
      "defaultValue": "null",
      "minValue": "NA",
      "maxValue": "NA",
      "minRecValue": "NA",
      "maxRecValue": "NA",
      "kind": "optional",
      "options": []
    },
    {
      "summary": "Output traversal statistics every time this many seconds elapse",
      "name": "--seconds-between-progress-updates",
      "synonyms": "-seconds-between-progress-updates",
      "type": "double",
      "required": "no",
      "fulltext": "",
      "defaultValue": "10.0",
      "minValue": "-Infinity",
      "maxValue": "Infinity",
      "minRecValue": "NA",
      "maxRecValue": "NA",
      "kind": "common",
      "options": []
    },
    {
      "summary": "Use the given sequence dictionary as the master/canonical sequence dictionary.  Must be a .dict file.",
      "name": "--sequence-dictionary",
      "synonyms": "-sequence-dictionary",
      "type": "String",
      "required": "no",
      "fulltext": "",
      "defaultValue": "null",
      "minValue": "NA",
      "maxValue": "NA",
      "minRecValue": "NA",
      "maxRecValue": "NA",
      "kind": "common",
      "options": []
    },
    {
      "summary": "display hidden arguments",
      "name": "--showHidden",
      "synonyms": "-showHidden",
      "type": "boolean",
      "required": "no",
      "fulltext": "",
      "defaultValue": "false",
      "minValue": "NA",
      "maxValue": "NA",
      "minRecValue": "NA",
      "maxRecValue": "NA",
      "kind": "advanced",
      "options": []
    },
    {
      "summary": "If true, don\u0027t emit genotype fields when writing vcf file output.",
      "name": "--sites-only-vcf-output",
      "synonyms": "NA",
      "type": "boolean",
      "required": "no",
      "fulltext": "",
      "defaultValue": "false",
      "minValue": "NA",
      "maxValue": "NA",
      "minRecValue": "NA",
      "maxRecValue": "NA",
      "kind": "optional",
      "options": []
    },
    {
      "summary": "Skip application of family-based priors",
      "name": "--skip-family-priors",
      "synonyms": "NA",
      "type": "boolean",
      "required": "no",
      "fulltext": "Skip application of family-based priors. Note: if pedigree file is absent, family-based priors will always be skipped.",
      "defaultValue": "false",
      "minValue": "NA",
      "maxValue": "NA",
      "minRecValue": "NA",
      "maxRecValue": "NA",
      "kind": "optional",
      "options": []
    },
    {
      "summary": "Skip application of population-based priors",
      "name": "--skip-population-priors",
      "synonyms": "NA",
      "type": "boolean",
      "required": "no",
      "fulltext": "Skip application of population-based priors",
      "defaultValue": "false",
      "minValue": "NA",
      "maxValue": "NA",
      "minRecValue": "NA",
      "maxRecValue": "NA",
      "kind": "optional",
      "options": []
    },
    {
      "summary": "Other callsets to use in generating genotype posteriors",
      "name": "--supporting-callsets",
      "synonyms": "-supporting",
      "type": "List[FeatureInput[VariantContext]]",
      "required": "no",
      "fulltext": "Supporting external panels. Allele counts from these panels (taken from AC,AN or MLEAC,AN or raw genotypes) will\n be used to inform the frequency distribution underlying the genotype priors. These files must be VCF 4.2 spec or later.",
      "defaultValue": "[]",
      "minValue": "NA",
      "maxValue": "NA",
      "minRecValue": "NA",
      "maxRecValue": "NA",
      "kind": "optional",
      "options": []
    },
    {
      "summary": "Temp directory to use.",
      "name": "--tmp-dir",
      "synonyms": "NA",
      "type": "GATKPathSpecifier",
      "required": "no",
      "fulltext": "",
      "defaultValue": "null",
      "minValue": "NA",
      "maxValue": "NA",
      "minRecValue": "NA",
      "maxRecValue": "NA",
      "kind": "common",
      "options": []
    },
    {
      "summary": "Use flat priors for indels",
      "name": "--use-flat-priors-for-indels",
      "synonyms": "-skipIndels",
      "type": "boolean",
      "required": "no",
      "fulltext": "Use flat priors for indels (can be used to replicate the legacy CalculateGenotypePosteriors behavior)\n If an input variant contains an indel allele, flat priors will be applied to that site. If a reference panel\n variant contains an indel allele, flat priors will be applied instead.",
      "defaultValue": "false",
      "minValue": "NA",
      "maxValue": "NA",
      "minRecValue": "NA",
      "maxRecValue": "NA",
      "kind": "optional",
      "options": []
    },
    {
      "summary": "Whether to use the JdkDeflater (as opposed to IntelDeflater)",
      "name": "--use-jdk-deflater",
      "synonyms": "-jdk-deflater",
      "type": "boolean",
      "required": "no",
      "fulltext": "",
      "defaultValue": "false",
      "minValue": "NA",
      "maxValue": "NA",
      "minRecValue": "NA",
      "maxRecValue": "NA",
      "kind": "common",
      "options": []
    },
    {
      "summary": "Whether to use the JdkInflater (as opposed to IntelInflater)",
      "name": "--use-jdk-inflater",
      "synonyms": "-jdk-inflater",
      "type": "boolean",
      "required": "no",
      "fulltext": "",
      "defaultValue": "false",
      "minValue": "NA",
      "maxValue": "NA",
      "minRecValue": "NA",
      "maxRecValue": "NA",
      "kind": "common",
      "options": []
    },
    {
      "summary": "A VCF file containing variants",
      "name": "--variant",
      "synonyms": "-V",
      "type": "String",
      "required": "yes",
      "fulltext": "",
      "defaultValue": "null",
      "minValue": "NA",
      "maxValue": "NA",
      "minRecValue": "NA",
      "maxRecValue": "NA",
      "kind": "required",
      "options": []
    },
    {
      "summary": "Control verbosity of logging.",
      "name": "--verbosity",
      "synonyms": "-verbosity",
      "type": "LogLevel",
      "required": "no",
      "fulltext": "",
      "defaultValue": "INFO",
      "minValue": "NA",
      "maxValue": "NA",
      "minRecValue": "NA",
      "maxRecValue": "NA",
      "kind": "common",
      "options": [
        {
          "summary": "",
          "name": "ERROR"
        },
        {
          "summary": "",
          "name": "WARNING"
        },
        {
          "summary": "",
          "name": "INFO"
        },
        {
          "summary": "",
          "name": "DEBUG"
        }
      ]
    },
    {
      "summary": "display the version number for this tool",
      "name": "--version",
      "synonyms": "NA",
      "type": "boolean",
      "required": "no",
      "fulltext": "",
      "defaultValue": "false",
      "minValue": "NA",
      "maxValue": "NA",
      "minRecValue": "NA",
      "maxRecValue": "NA",
      "kind": "optional",
      "options": []
    }
  ],
  "description": "Calculate genotype posterior probabilities given family and/or known population genotypes\n\n \u003cp\u003e\n The tool calculates the posterior genotype probability for each sample genotype in a given VCF format callset.\n The input variants must present genotype likelihoods generated by HaplotypeCaller, UnifiedGenotyper or other\n source that provides unbiased genotype likelihoods.\u003c/p\u003e\n\n \u003cp\u003e\n The tool can use priors from three different data sources: (i) one or more supporting germline population callsets\n with specific annotation(s) if supplied , (ii) the pedigree for a trio if supplied and if the trio is represented\n in the callset under refinement, and/or (iii) the allele counts of the callset samples themselves given at least\n ten samples. It is possible to deactivate the contribution of the callset samples with the --ignore-input-samples\n flag.\n \u003c/p\u003e\n\n \u003cp\u003e\n For more background information and for mathematical details, see GATK forum article at\n https://software.broadinstitute.org/gatk/documentation/article?id\u003d11074.\n Additional GATK mathematical notes are presented as whitepapers in the \u003ci\u003egatk\u003c/i\u003e GitHub repository docs section\n at https://github.com/broadinstitute/gatk/tree/master/docs.\n \u003c/p\u003e\n\n \u003ch3\u003eInputs\u003c/h3\u003e\n \u003cp\u003e\n     \u003cul\u003e\n         \u003cli\u003eA VCF with genotype likelihoods, and optionally genotypes, AC/AN fields, or MLEAC/AN fields.\n         The tool will use MLEAC if available or AC if MLEAC is not provided. AN is also required unless genotypes are\n         provided for all samples.\u003c/li\u003e\n         \u003cli\u003e(Optional) A PED pedigree file containing the description of the relationships between individuals. The\n         tool considers only trio groups. A trio consists of mother-father-child.\u003c/li\u003e\n     \u003c/ul\u003e\n \u003c/p\u003e\n\n \u003cp\u003e\n Optionally, a collection of VCFs can be provided for the purpose of informing population allele frequency priors. Each of\n these resource VCFs must satisfy at least one of the following requirement sets:\n \u003c/p\u003e\n \u003cul\u003e\n     \u003cli\u003eAC field and AN field\u003c/li\u003e\n     \u003cli\u003eMLEAC field and AN field\u003c/li\u003e\n     \u003cli\u003eGenotypes\u003c/li\u003e\n \u003c/ul\u003e\n \u003c/p\u003e\n\n \u003ch3\u003eOutput\u003c/h3\u003e\n \u003cp\u003eA new VCF with the following information:\u003c/p\u003e\n \u003cul\u003e\n     \u003cli\u003eGenotype posteriors added to the FORMAT fields (\"PP\")\u003c/li\u003e\n     \u003cli\u003eGenotypes and GQ assigned according to these posteriors (note that the original genotype and GQ may change)\u003c/li\u003e\n     \u003cli\u003ePer-site genotype priors added to the INFO field (\"PG\")\u003c/li\u003e\n     \u003cli\u003e(Optional) Per-site, per-trio joint likelihoods (JL) and joint posteriors (JP) given as Phred-scaled probability\n  of all genotypes in the trio being correct based on the PLs for JL and the PPs for JP. These annotations are added to\n  the FORMAT fields.\u003c/li\u003e\n \u003c/ul\u003e\n\n \u003ch3\u003eNotes\u003c/h3\u003e\n \u003cp\u003e\n By default, priors will be applied to each variant separately, provided each variant features data from at least\n 10 called samples (no-calls do not count). SNP sites in the input callset that have a SNP at the matching site in\n the supporting VCF will have priors applied based on the AC from the supporting samples and the input callset\n unless the --ignore-input-samples flag is used. If a site is not called in the supporting VCF, priors will be\n applied using the discovered AC from the input samples unless the --discovered-allele-count-priors-off flag is used.\n For any non-SNP sites in the input callset, flat priors are applied.\n \u003c/p\u003e\n\n \u003cp\u003e\n For versions of the tool 4.0.5.0+, the tool appropriately applies priors to indels.\n \u003c/p\u003e\n\n \u003cp\u003e\n If applying family priors, only diploid family genotypes are supported. In addition, family priors only apply to\n trios represented in both a supplied pedigree and in the callset under refinement. Note, if the pedigree is\n incomplete, the tools skips calculating family priors. In this case, and in the absence of other refinement, the\n results will be identical to the input.\n \u003c/p\u003e\n\n \u003ch3\u003eUsage examples\u003c/h3\u003e\n\n \u003ch4\u003eRefine genotypes based on the discovered allele frequency in an input VCF containing many samples\u003c/h4\u003e\n \u003cpre\u003e\n gatk --java-options \"-Xmx4g\" CalculateGenotypePosteriors \\\n   -V multisample_input.vcf.gz \\\n   -O output.vcf.gz\n \u003c/pre\u003e\n\n \u003ch4\u003eInform the genotype assignment of a single sample using the 1000G phase 3 samples\u003c/h4\u003e\n \u003cpre\u003e\n gatk --java-options \"-Xmx4g\" CalculateGenotypePosteriors \\\n   -V sample_input.vcf.gz \\\n   -O sample_output.1000G_PPs.vcf.gz \\\n   -supporting 1000G.phase3.integrated.sites_only.no_MATCHED_REV.hg38.vcf.gz\n \u003c/pre\u003e\n\n \u003ch4\u003eApply only family priors to a callset\u003c/h4\u003e\n \u003cpre\u003e\n gatk --java-options \"-Xmx4g\" CalculateGenotypePosteriors \\\n   -V input.vcf.gz \\\n   -O output.vcf.gz \\\n   -ped family.ped \\\n   --skip-population-priors\n \u003c/pre\u003e\n\n \u003ch4\u003eApply frequency and HWE-based priors to the genotypes of a family without including the family allele counts\n in the allele frequency estimates\u003c/h4\u003e\n \u003cpre\u003e\n gatk --java-options \"-Xmx4g\" CalculateGenotypePosteriors \\\n   -V input.vcf.gz \\\n   -O output.vcf.gz \\\n   --ignore-input-samples\n \u003c/pre\u003e\n\n \u003ch4\u003eCalculate the posterior genotypes of a callset, and impose that a variant *not seen* in the external panel\n is tantamount to being AC\u003d0, AN\u003d5008 within that panel\u003c/h4\u003e\n \u003cpre\u003e\n gatk --java-options \"-Xmx4g\" CalculateGenotypePosteriors \\\n   -V input.vcf.gz \\\n   -O output.vcf.gz \\\n   -supporting 1000G.phase3.integrated.sites_only.no_MATCHED_REV.hg38.vcf.gz \\\n   --num-reference-samples-if-no-call 2504\n \u003c/pre\u003e\n\n \u003ch3\u003eCaveat\u003c/h3\u003e\n \u003cp\u003eIf applying family priors, only diploid family genotypes are supported\u003c/p\u003e",
  "name": "CalculateGenotypePosteriors",
  "group": "Variant Evaluation and Refinement",
  "beta": false,
  "experimental": false
}