{
  "summary": "Build a recalibration model to score variant quality for filtering purposes",
  "arguments": [
    {
      "summary": "If true, adds a PG tag to created SAM/BAM/CRAM files.",
      "name": "--add-output-sam-program-record",
      "synonyms": "-add-output-sam-program-record",
      "type": "boolean",
      "required": "no",
      "fulltext": "",
      "defaultValue": "true",
      "minValue": "NA",
      "maxValue": "NA",
      "minRecValue": "NA",
      "maxRecValue": "NA",
      "kind": "common",
      "options": []
    },
    {
      "summary": "If true, adds a command line header line to created VCF files.",
      "name": "--add-output-vcf-command-line",
      "synonyms": "-add-output-vcf-command-line",
      "type": "boolean",
      "required": "no",
      "fulltext": "",
      "defaultValue": "true",
      "minValue": "NA",
      "maxValue": "NA",
      "minRecValue": "NA",
      "maxRecValue": "NA",
      "kind": "common",
      "options": []
    },
    {
      "summary": "Additional raw input variants to be used in building the model",
      "name": "--aggregate",
      "synonyms": "-aggregate",
      "type": "List[FeatureInput[VariantContext]]",
      "required": "no",
      "fulltext": "These additional calls should be unfiltered and annotated with the error covariates that are intended to be used for modeling.",
      "defaultValue": "[]",
      "minValue": "NA",
      "maxValue": "NA",
      "minRecValue": "NA",
      "maxRecValue": "NA",
      "kind": "optional",
      "options": []
    },
    {
      "summary": "read one or more arguments files and add them to the command line",
      "name": "--arguments_file",
      "synonyms": "NA",
      "type": "List[File]",
      "required": "no",
      "fulltext": "",
      "defaultValue": "[]",
      "minValue": "NA",
      "maxValue": "NA",
      "minRecValue": "NA",
      "maxRecValue": "NA",
      "kind": "optional",
      "options": []
    },
    {
      "summary": "LOD score cutoff for selecting bad variants",
      "name": "--bad-lod-score-cutoff",
      "synonyms": "-bad-lod-cutoff",
      "type": "double",
      "required": "no",
      "fulltext": "Variants scoring lower than this threshold will be used to build the Gaussian model of bad variants.",
      "defaultValue": "-5.0",
      "minValue": "-Infinity",
      "maxValue": "Infinity",
      "minRecValue": "NA",
      "maxRecValue": "NA",
      "kind": "advanced",
      "options": []
    },
    {
      "summary": "Size of the cloud-only prefetch buffer (in MB; 0 to disable). Defaults to cloudPrefetchBuffer if unset.",
      "name": "--cloud-index-prefetch-buffer",
      "synonyms": "-CIPB",
      "type": "int",
      "required": "no",
      "fulltext": "",
      "defaultValue": "-1",
      "minValue": "-Infinity",
      "maxValue": "Infinity",
      "minRecValue": "NA",
      "maxRecValue": "NA",
      "kind": "optional",
      "options": []
    },
    {
      "summary": "Size of the cloud-only prefetch buffer (in MB; 0 to disable).",
      "name": "--cloud-prefetch-buffer",
      "synonyms": "-CPB",
      "type": "int",
      "required": "no",
      "fulltext": "",
      "defaultValue": "40",
      "minValue": "-Infinity",
      "maxValue": "Infinity",
      "minRecValue": "NA",
      "maxRecValue": "NA",
      "kind": "optional",
      "options": []
    },
    {
      "summary": "If true, create a BAM/CRAM index when writing a coordinate-sorted BAM/CRAM file.",
      "name": "--create-output-bam-index",
      "synonyms": "-OBI",
      "type": "boolean",
      "required": "no",
      "fulltext": "",
      "defaultValue": "true",
      "minValue": "NA",
      "maxValue": "NA",
      "minRecValue": "NA",
      "maxRecValue": "NA",
      "kind": "common",
      "options": []
    },
    {
      "summary": "If true, create a MD5 digest for any BAM/SAM/CRAM file created",
      "name": "--create-output-bam-md5",
      "synonyms": "-OBM",
      "type": "boolean",
      "required": "no",
      "fulltext": "",
      "defaultValue": "false",
      "minValue": "NA",
      "maxValue": "NA",
      "minRecValue": "NA",
      "maxRecValue": "NA",
      "kind": "common",
      "options": []
    },
    {
      "summary": "If true, create a VCF index when writing a coordinate-sorted VCF file.",
      "name": "--create-output-variant-index",
      "synonyms": "-OVI",
      "type": "boolean",
      "required": "no",
      "fulltext": "",
      "defaultValue": "true",
      "minValue": "NA",
      "maxValue": "NA",
      "minRecValue": "NA",
      "maxRecValue": "NA",
      "kind": "common",
      "options": []
    },
    {
      "summary": "If true, create a a MD5 digest any VCF file created.",
      "name": "--create-output-variant-md5",
      "synonyms": "-OVM",
      "type": "boolean",
      "required": "no",
      "fulltext": "",
      "defaultValue": "false",
      "minValue": "NA",
      "maxValue": "NA",
      "minRecValue": "NA",
      "maxRecValue": "NA",
      "kind": "common",
      "options": []
    },
    {
      "summary": "The dirichlet parameter in the variational Bayes algorithm.",
      "name": "--dirichlet",
      "synonyms": "NA",
      "type": "double",
      "required": "no",
      "fulltext": "",
      "defaultValue": "0.001",
      "minValue": "-Infinity",
      "maxValue": "Infinity",
      "minRecValue": "NA",
      "maxRecValue": "NA",
      "kind": "advanced",
      "options": []
    },
    {
      "summary": "If true, don\u0027t cache bam indexes, this will reduce memory requirements but may harm performance if many intervals are specified.  Caching is automatically disabled if there are no intervals specified.",
      "name": "--disable-bam-index-caching",
      "synonyms": "-DBIC",
      "type": "boolean",
      "required": "no",
      "fulltext": "",
      "defaultValue": "false",
      "minValue": "NA",
      "maxValue": "NA",
      "minRecValue": "NA",
      "maxRecValue": "NA",
      "kind": "optional",
      "options": []
    },
    {
      "summary": "Read filters to be disabled before analysis",
      "name": "--disable-read-filter",
      "synonyms": "-DF",
      "type": "List[String]",
      "required": "no",
      "fulltext": "",
      "defaultValue": "[]",
      "minValue": "NA",
      "maxValue": "NA",
      "minRecValue": "NA",
      "maxRecValue": "NA",
      "kind": "common",
      "options": []
    },
    {
      "summary": "If specified, do not check the sequence dictionaries from our inputs for compatibility. Use at your own risk!",
      "name": "--disable-sequence-dictionary-validation",
      "synonyms": "-disable-sequence-dictionary-validation",
      "type": "boolean",
      "required": "no",
      "fulltext": "",
      "defaultValue": "false",
      "minValue": "NA",
      "maxValue": "NA",
      "minRecValue": "NA",
      "maxRecValue": "NA",
      "kind": "optional",
      "options": []
    },
    {
      "summary": "Disable all tool default read filters (WARNING: many tools will not function correctly without their default read filters on)",
      "name": "--disable-tool-default-read-filters",
      "synonyms": "-disable-tool-default-read-filters",
      "type": "boolean",
      "required": "no",
      "fulltext": "",
      "defaultValue": "false",
      "minValue": "NA",
      "maxValue": "NA",
      "minRecValue": "NA",
      "maxRecValue": "NA",
      "kind": "common",
      "options": []
    },
    {
      "summary": "One or more genomic intervals to exclude from processing",
      "name": "--exclude-intervals",
      "synonyms": "-XL",
      "type": "List[String]",
      "required": "no",
      "fulltext": "Use this argument to exclude certain parts of the genome from the analysis (like -L, but the opposite).\n This argument can be specified multiple times. You can use samtools-style intervals either explicitly on the\n command line (e.g. -XL 1 or -XL 1:100-200) or by loading in a file containing a list of intervals\n (e.g. -XL myFile.intervals).",
      "defaultValue": "[]",
      "minValue": "NA",
      "maxValue": "NA",
      "minRecValue": "NA",
      "maxRecValue": "NA",
      "kind": "common",
      "options": []
    },
    {
      "summary": "A configuration file to use with the GATK.",
      "name": "--gatk-config-file",
      "synonyms": "NA",
      "type": "String",
      "required": "no",
      "fulltext": "",
      "defaultValue": "null",
      "minValue": "NA",
      "maxValue": "NA",
      "minRecValue": "NA",
      "maxRecValue": "NA",
      "kind": "common",
      "options": []
    },
    {
      "summary": "If the GCS bucket channel errors out, how many times it will attempt to re-initiate the connection",
      "name": "--gcs-max-retries",
      "synonyms": "-gcs-retries",
      "type": "int",
      "required": "no",
      "fulltext": "",
      "defaultValue": "20",
      "minValue": "-Infinity",
      "maxValue": "Infinity",
      "minRecValue": "NA",
      "maxRecValue": "NA",
      "kind": "optional",
      "options": []
    },
    {
      "summary": "Project to bill when accessing \"requester pays\" buckets. If unset, these buckets cannot be accessed.",
      "name": "--gcs-project-for-requester-pays",
      "synonyms": "NA",
      "type": "String",
      "required": "no",
      "fulltext": "",
      "defaultValue": "\"\"",
      "minValue": "NA",
      "maxValue": "NA",
      "minRecValue": "NA",
      "maxRecValue": "NA",
      "kind": "optional",
      "options": []
    },
    {
      "summary": "display the help message",
      "name": "--help",
      "synonyms": "-h",
      "type": "boolean",
      "required": "no",
      "fulltext": "",
      "defaultValue": "false",
      "minValue": "NA",
      "maxValue": "NA",
      "minRecValue": "NA",
      "maxRecValue": "NA",
      "kind": "optional",
      "options": []
    },
    {
      "summary": "If specified, the variant recalibrator will ignore all input filters. Useful to rerun the VQSR from a filtered output file.",
      "name": "--ignore-all-filters",
      "synonyms": "NA",
      "type": "boolean",
      "required": "no",
      "fulltext": "",
      "defaultValue": "false",
      "minValue": "NA",
      "maxValue": "NA",
      "minRecValue": "NA",
      "maxRecValue": "NA",
      "kind": "optional",
      "options": []
    },
    {
      "summary": "If specified, the variant recalibrator will also use variants marked as filtered by the specified filter name in the input VCF file",
      "name": "--ignore-filter",
      "synonyms": "NA",
      "type": "List[String]",
      "required": "no",
      "fulltext": "For this to work properly, the --ignore-filter argument should also be applied to the ApplyRecalibration command.",
      "defaultValue": "[]",
      "minValue": "NA",
      "maxValue": "NA",
      "minRecValue": "NA",
      "maxRecValue": "NA",
      "kind": "optional",
      "options": []
    },
    {
      "summary": "BAM/SAM/CRAM file containing reads",
      "name": "--input",
      "synonyms": "-I",
      "type": "List[String]",
      "required": "no",
      "fulltext": "",
      "defaultValue": "[]",
      "minValue": "NA",
      "maxValue": "NA",
      "minRecValue": "NA",
      "maxRecValue": "NA",
      "kind": "common",
      "options": []
    },
    {
      "summary": "If specified, the variant recalibrator will read the VQSR model from this file path.",
      "name": "--input-model",
      "synonyms": "NA",
      "type": "String",
      "required": "no",
      "fulltext": "The filename for a VQSR model fit to use to recalibrate the input variants. This model should be generated using\n  a previous VariantRecalibration run with the --output-model argument.",
      "defaultValue": "null",
      "minValue": "NA",
      "maxValue": "NA",
      "minRecValue": "NA",
      "maxRecValue": "NA",
      "kind": "optional",
      "options": []
    },
    {
      "summary": "Amount of padding (in bp) to add to each interval you are excluding.",
      "name": "--interval-exclusion-padding",
      "synonyms": "-ixp",
      "type": "int",
      "required": "no",
      "fulltext": "Use this to add padding to the intervals specified using -XL. For example, \u0027-XL 1:100\u0027 with a\n padding value of 20 would turn into \u0027-XL 1:80-120\u0027. This is typically used to add padding around targets when\n analyzing exomes.",
      "defaultValue": "0",
      "minValue": "-Infinity",
      "maxValue": "Infinity",
      "minRecValue": "NA",
      "maxRecValue": "NA",
      "kind": "common",
      "options": []
    },
    {
      "summary": "Interval merging rule for abutting intervals",
      "name": "--interval-merging-rule",
      "synonyms": "-imr",
      "type": "IntervalMergingRule",
      "required": "no",
      "fulltext": "By default, the program merges abutting intervals (i.e. intervals that are directly side-by-side but do not\n actually overlap) into a single continuous interval. However you can change this behavior if you want them to be\n treated as separate intervals instead.",
      "defaultValue": "ALL",
      "minValue": "NA",
      "maxValue": "NA",
      "minRecValue": "NA",
      "maxRecValue": "NA",
      "kind": "optional",
      "options": [
        {
          "summary": "",
          "name": "ALL"
        },
        {
          "summary": "",
          "name": "OVERLAPPING_ONLY"
        }
      ]
    },
    {
      "summary": "Amount of padding (in bp) to add to each interval you are including.",
      "name": "--interval-padding",
      "synonyms": "-ip",
      "type": "int",
      "required": "no",
      "fulltext": "Use this to add padding to the intervals specified using -L. For example, \u0027-L 1:100\u0027 with a\n padding value of 20 would turn into \u0027-L 1:80-120\u0027. This is typically used to add padding around targets when\n analyzing exomes.",
      "defaultValue": "0",
      "minValue": "-Infinity",
      "maxValue": "Infinity",
      "minRecValue": "NA",
      "maxRecValue": "NA",
      "kind": "common",
      "options": []
    },
    {
      "summary": "Set merging approach to use for combining interval inputs",
      "name": "--interval-set-rule",
      "synonyms": "-isr",
      "type": "IntervalSetRule",
      "required": "no",
      "fulltext": "By default, the program will take the UNION of all intervals specified using -L and/or -XL. However, you can\n change this setting for -L, for example if you want to take the INTERSECTION of the sets instead. E.g. to\n perform the analysis only on chromosome 1 exomes, you could specify -L exomes.intervals -L 1 --interval-set-rule\n INTERSECTION. However, it is not possible to modify the merging approach for intervals passed using -XL (they will\n always be merged using UNION).\n\n Note that if you specify both -L and -XL, the -XL interval set will be subtracted from the -L interval set.",
      "defaultValue": "UNION",
      "minValue": "NA",
      "maxValue": "NA",
      "minRecValue": "NA",
      "maxRecValue": "NA",
      "kind": "common",
      "options": [
        {
          "summary": "Take the union of all intervals",
          "name": "UNION"
        },
        {
          "summary": "Take the intersection of intervals (the subset that overlaps all intervals specified)",
          "name": "INTERSECTION"
        }
      ]
    },
    {
      "summary": "One or more genomic intervals over which to operate",
      "name": "--intervals",
      "synonyms": "-L",
      "type": "List[String]",
      "required": "no",
      "fulltext": "",
      "defaultValue": "[]",
      "minValue": "NA",
      "maxValue": "NA",
      "minRecValue": "NA",
      "maxRecValue": "NA",
      "kind": "optional",
      "options": []
    },
    {
      "summary": "Number of k-means iterations",
      "name": "--k-means-iterations",
      "synonyms": "NA",
      "type": "int",
      "required": "no",
      "fulltext": "This parameter determines the number of k-means iterations to perform in order to initialize the means of\n the Gaussians in the Gaussian mixture model.",
      "defaultValue": "100",
      "minValue": "-Infinity",
      "maxValue": "Infinity",
      "minRecValue": "NA",
      "maxRecValue": "NA",
      "kind": "advanced",
      "options": []
    },
    {
      "summary": "Lenient processing of VCF files",
      "name": "--lenient",
      "synonyms": "-LE",
      "type": "boolean",
      "required": "no",
      "fulltext": "",
      "defaultValue": "false",
      "minValue": "NA",
      "maxValue": "NA",
      "minRecValue": "NA",
      "maxRecValue": "NA",
      "kind": "common",
      "options": []
    },
    {
      "summary": "Number of attempts to build a model before failing",
      "name": "--max-attempts",
      "synonyms": "NA",
      "type": "int",
      "required": "no",
      "fulltext": "The statistical model being built by this tool may fail due to simple statistical sampling\n issues. Rather than dying immediately when the initial model fails, this argument allows the\n tool to restart with a different random seed and try to build the model again. The first\n successfully built model will be kept.\n\n Note that the most common underlying cause of model building failure is that there is insufficient data to\n build a really robust model. This argument provides a workaround for that issue but it is\n preferable to provide this tool with more data (typically by including more samples or more territory)\n in order to generate a more robust model.",
      "defaultValue": "1",
      "minValue": "-Infinity",
      "maxValue": "Infinity",
      "minRecValue": "NA",
      "maxRecValue": "NA",
      "kind": "advanced",
      "options": []
    },
    {
      "summary": "Max number of Gaussians for the positive model",
      "name": "--max-gaussians",
      "synonyms": "NA",
      "type": "int",
      "required": "no",
      "fulltext": "This parameter determines the maximum number of Gaussians that should be used when building a positive model\n using the variational Bayes algorithm.",
      "defaultValue": "8",
      "minValue": "-Infinity",
      "maxValue": "Infinity",
      "minRecValue": "NA",
      "maxRecValue": "NA",
      "kind": "advanced",
      "options": []
    },
    {
      "summary": "Maximum number of VBEM iterations",
      "name": "--max-iterations",
      "synonyms": "NA",
      "type": "int",
      "required": "no",
      "fulltext": "This parameter determines the maximum number of VBEM iterations to be performed in the variational Bayes algorithm.\n The procedure will normally end when convergence is detected.",
      "defaultValue": "150",
      "minValue": "-Infinity",
      "maxValue": "Infinity",
      "minRecValue": "NA",
      "maxRecValue": "NA",
      "kind": "advanced",
      "options": []
    },
    {
      "summary": "Max number of Gaussians for the negative model",
      "name": "--max-negative-gaussians",
      "synonyms": "NA",
      "type": "int",
      "required": "no",
      "fulltext": "This parameter determines the maximum number of Gaussians that should be used when building a negative model\n using the variational Bayes algorithm. The actual maximum used is the smaller value between the mG and mNG\n arguments, meaning that if -mG is smaller than -mNG, -mG will be used for both. Note that this number should\n be small (e.g. 4) to achieve the best results.",
      "defaultValue": "2",
      "minValue": "-Infinity",
      "maxValue": "Infinity",
      "minRecValue": "NA",
      "maxRecValue": "NA",
      "kind": "advanced",
      "options": []
    },
    {
      "summary": "Maximum number of training data",
      "name": "--maximum-training-variants",
      "synonyms": "NA",
      "type": "int",
      "required": "no",
      "fulltext": "The number of variants to use in building the Gaussian mixture model. Training sets larger than this will be randomly downsampled.",
      "defaultValue": "2500000",
      "minValue": "-Infinity",
      "maxValue": "Infinity",
      "minRecValue": "NA",
      "maxRecValue": "NA",
      "kind": "advanced",
      "options": []
    },
    {
      "summary": "Minimum number of bad variants",
      "name": "--minimum-bad-variants",
      "synonyms": "NA",
      "type": "int",
      "required": "no",
      "fulltext": "This parameter determines the minimum number of variants that will be selected from the list of worst scoring\n variants to use for building the Gaussian mixture model of bad variants.",
      "defaultValue": "1000",
      "minValue": "-Infinity",
      "maxValue": "Infinity",
      "minRecValue": "NA",
      "maxRecValue": "NA",
      "kind": "advanced",
      "options": []
    },
    {
      "summary": "Recalibration mode to employ",
      "name": "--mode",
      "synonyms": "-mode",
      "type": "Mode",
      "required": "no",
      "fulltext": "Use either SNP for recalibrating only SNPs (emitting indels untouched in the output VCF) or INDEL for indels (emitting SNPs untouched in the output VCF). There is also a BOTH option for recalibrating both SNPs and indels simultaneously, but this is meant for testing purposes only and should not be used in actual analyses.",
      "defaultValue": "SNP",
      "minValue": "NA",
      "maxValue": "NA",
      "minRecValue": "NA",
      "maxRecValue": "NA",
      "kind": "optional",
      "options": [
        {
          "summary": "",
          "name": "SNP"
        },
        {
          "summary": "",
          "name": "INDEL"
        },
        {
          "summary": "",
          "name": "BOTH"
        }
      ]
    },
    {
      "summary": "Apply logit transform and jitter to MQ values",
      "name": "--mq-cap-for-logit-jitter-transform",
      "synonyms": "-mq-cap",
      "type": "int",
      "required": "no",
      "fulltext": "MQ is capped at a \"max\" value (60 for bwa-mem) when the alignment is considered perfect. Typically, a huge\n proportion of the reads in a dataset are perfectly mapped, which yields a distribution of MQ values with a\n blob below the max value and a huge peak at the max value. This does not conform to the expectations of the\n Gaussian mixture model of VQSR and has been observed to yield a ROC curve with a jump.\n\n This argument aims to mitigate this problem. Using MQCap \u003d X has 2 effects:  (1) MQs are transformed by a scaled\n logit on [0,X] (+ epsilon to avoid division by zero) to make the blob more Gaussian-like and (2) the transformed\n MQ\u003dX are jittered to break the peak into a narrow Gaussian.\n\n Beware that IndelRealigner, if used, adds 10 to MQ for successfully realigned indels. We recommend to either use\n --read-filter ReassignOriginalMQAfterIndelRealignment with HaplotypeCaller or use a MQCap\u003dmax+10 to take that\n into account.\n\n If this option is not used, or if MQCap is set to 0, MQ will not be transformed.",
      "defaultValue": "0",
      "minValue": "-Infinity",
      "maxValue": "Infinity",
      "minRecValue": "NA",
      "maxRecValue": "NA",
      "kind": "advanced",
      "options": []
    },
    {
      "summary": "The output recal file used by ApplyRecalibration",
      "name": "--output",
      "synonyms": "-O",
      "type": "String",
      "required": "yes",
      "fulltext": "",
      "defaultValue": "null",
      "minValue": "NA",
      "maxValue": "NA",
      "minRecValue": "NA",
      "maxRecValue": "NA",
      "kind": "required",
      "options": []
    },
    {
      "summary": "If specified, the variant recalibrator will output the VQSR model to this file path.",
      "name": "--output-model",
      "synonyms": "NA",
      "type": "String",
      "required": "no",
      "fulltext": "This GATKReport gives information to describe the VQSR model fit. Normalized means for the positive model are\n  concatenated as one table and negative model normalized means as another table. Covariances are also concatenated\n  for positive and negative models, respectively. Tables of annotation means and standard deviations are provided\n  to help describe the normalization. The model fit report can be read in with our R gsalib package. Individual\n  model Gaussians can be subset by the value in the \"Gaussian\" column if desired.",
      "defaultValue": "null",
      "minValue": "NA",
      "maxValue": "NA",
      "minRecValue": "NA",
      "maxRecValue": "NA",
      "kind": "optional",
      "options": []
    },
    {
      "summary": "The number of prior counts to use in the variational Bayes algorithm.",
      "name": "--prior-counts",
      "synonyms": "NA",
      "type": "double",
      "required": "no",
      "fulltext": "",
      "defaultValue": "20.0",
      "minValue": "-Infinity",
      "maxValue": "Infinity",
      "minRecValue": "NA",
      "maxRecValue": "NA",
      "kind": "advanced",
      "options": []
    },
    {
      "summary": "Whether to suppress job-summary info on System.err.",
      "name": "--QUIET",
      "synonyms": "NA",
      "type": "Boolean",
      "required": "no",
      "fulltext": "",
      "defaultValue": "false",
      "minValue": "NA",
      "maxValue": "NA",
      "minRecValue": "NA",
      "maxRecValue": "NA",
      "kind": "common",
      "options": []
    },
    {
      "summary": "Read filters to be applied before analysis",
      "name": "--read-filter",
      "synonyms": "-RF",
      "type": "List[String]",
      "required": "no",
      "fulltext": "",
      "defaultValue": "[]",
      "minValue": "NA",
      "maxValue": "NA",
      "minRecValue": "NA",
      "maxRecValue": "NA",
      "kind": "common",
      "options": []
    },
    {
      "summary": "Indices to use for the read inputs. If specified, an index must be provided for every read input and in the same order as the read inputs. If this argument is not specified, the path to the index for each input will be inferred automatically.",
      "name": "--read-index",
      "synonyms": "-read-index",
      "type": "List[String]",
      "required": "no",
      "fulltext": "",
      "defaultValue": "[]",
      "minValue": "NA",
      "maxValue": "NA",
      "minRecValue": "NA",
      "maxRecValue": "NA",
      "kind": "common",
      "options": []
    },
    {
      "summary": "Validation stringency for all SAM/BAM/CRAM/SRA files read by this program.  The default stringency value SILENT can improve performance when processing a BAM file in which variable-length data (read, qualities, tags) do not otherwise need to be decoded.",
      "name": "--read-validation-stringency",
      "synonyms": "-VS",
      "type": "ValidationStringency",
      "required": "no",
      "fulltext": "",
      "defaultValue": "SILENT",
      "minValue": "NA",
      "maxValue": "NA",
      "minRecValue": "NA",
      "maxRecValue": "NA",
      "kind": "common",
      "options": [
        {
          "summary": "",
          "name": "STRICT"
        },
        {
          "summary": "",
          "name": "LENIENT"
        },
        {
          "summary": "",
          "name": "SILENT"
        }
      ]
    },
    {
      "summary": "Reference sequence",
      "name": "--reference",
      "synonyms": "-R",
      "type": "String",
      "required": "no",
      "fulltext": "",
      "defaultValue": "null",
      "minValue": "NA",
      "maxValue": "NA",
      "minRecValue": "NA",
      "maxRecValue": "NA",
      "kind": "optional",
      "options": []
    },
    {
      "summary": "A list of sites for which to apply a prior probability of being correct but which aren\u0027t used by the algorithm (training and truth sets are required to run)",
      "name": "--resource",
      "synonyms": "-resource",
      "type": "List[FeatureInput[VariantContext]]",
      "required": "yes",
      "fulltext": "Any set of VCF files to use as lists of training, truth, or known sites.\n Training - The program builds the Gaussian mixture model using input variants that overlap with these training sites.\n Truth - The program uses these truth sites to determine where to set the cutoff in VQSLOD sensitivity.\n Known - The program only uses known sites for reporting purposes (to indicate whether variants are already known or\n novel). They are not used in any calculations by the algorithm itself.\n Bad - A database of known bad variants can be used to supplement the set of worst ranked variants (compared to the\n Gaussian mixture model) that the program selects from the data to model \"bad\" variants.",
      "defaultValue": "[]",
      "minValue": "NA",
      "maxValue": "NA",
      "minRecValue": "NA",
      "maxRecValue": "NA",
      "kind": "required",
      "options": []
    },
    {
      "summary": "The output rscript file generated by the VQSR to aid in visualization of the input data and learned model",
      "name": "--rscript-file",
      "synonyms": "NA",
      "type": "String",
      "required": "no",
      "fulltext": "",
      "defaultValue": "null",
      "minValue": "NA",
      "maxValue": "NA",
      "minRecValue": "NA",
      "maxRecValue": "NA",
      "kind": "optional",
      "options": []
    },
    {
      "summary": "Output traversal statistics every time this many seconds elapse",
      "name": "--seconds-between-progress-updates",
      "synonyms": "-seconds-between-progress-updates",
      "type": "double",
      "required": "no",
      "fulltext": "",
      "defaultValue": "10.0",
      "minValue": "-Infinity",
      "maxValue": "Infinity",
      "minRecValue": "NA",
      "maxRecValue": "NA",
      "kind": "common",
      "options": []
    },
    {
      "summary": "Use the given sequence dictionary as the master/canonical sequence dictionary.  Must be a .dict file.",
      "name": "--sequence-dictionary",
      "synonyms": "-sequence-dictionary",
      "type": "String",
      "required": "no",
      "fulltext": "",
      "defaultValue": "null",
      "minValue": "NA",
      "maxValue": "NA",
      "minRecValue": "NA",
      "maxRecValue": "NA",
      "kind": "common",
      "options": []
    },
    {
      "summary": "display hidden arguments",
      "name": "--showHidden",
      "synonyms": "-showHidden",
      "type": "boolean",
      "required": "no",
      "fulltext": "",
      "defaultValue": "false",
      "minValue": "NA",
      "maxValue": "NA",
      "minRecValue": "NA",
      "maxRecValue": "NA",
      "kind": "advanced",
      "options": []
    },
    {
      "summary": "The shrinkage parameter in the variational Bayes algorithm.",
      "name": "--shrinkage",
      "synonyms": "NA",
      "type": "double",
      "required": "no",
      "fulltext": "",
      "defaultValue": "1.0",
      "minValue": "-Infinity",
      "maxValue": "Infinity",
      "minRecValue": "NA",
      "maxRecValue": "NA",
      "kind": "advanced",
      "options": []
    },
    {
      "summary": "If true, don\u0027t emit genotype fields when writing vcf file output.",
      "name": "--sites-only-vcf-output",
      "synonyms": "NA",
      "type": "boolean",
      "required": "no",
      "fulltext": "",
      "defaultValue": "false",
      "minValue": "NA",
      "maxValue": "NA",
      "minRecValue": "NA",
      "maxRecValue": "NA",
      "kind": "optional",
      "options": []
    },
    {
      "summary": "Annotation value divergence threshold (number of standard deviations from the means) ",
      "name": "--standard-deviation-threshold",
      "synonyms": "-std",
      "type": "double",
      "required": "no",
      "fulltext": "If a variant has annotations more than -std standard deviations away from mean, it won\u0027t be used for building\n the Gaussian mixture model.",
      "defaultValue": "10.0",
      "minValue": "-Infinity",
      "maxValue": "Infinity",
      "minRecValue": "NA",
      "maxRecValue": "NA",
      "kind": "advanced",
      "options": []
    },
    {
      "summary": "The expected novel Ti/Tv ratio to use when calculating FDR tranches and for display on the optimization curve output figures. (approx 2.15 for whole genome experiments). ONLY USED FOR PLOTTING PURPOSES!",
      "name": "--target-titv",
      "synonyms": "-titv",
      "type": "double",
      "required": "no",
      "fulltext": "The expected transition / transversion ratio of true novel variants in your targeted region (whole genome, exome, specific\n genes), which varies greatly by the CpG and GC content of the region. See expected Ti/Tv ratios section of the GATK best\n practices documentation (https://software.broadinstitute.org/gatk/guide/best-practices) for more information.\n Normal values are 2.15 for human whole genome values and 3.2 for human whole exomes. Note\n that this parameter is used for display purposes only and isn\u0027t used anywhere in the algorithm!",
      "defaultValue": "2.15",
      "minValue": "-Infinity",
      "maxValue": "Infinity",
      "minRecValue": "NA",
      "maxRecValue": "NA",
      "kind": "optional",
      "options": []
    },
    {
      "summary": "Temp directory to use.",
      "name": "--tmp-dir",
      "synonyms": "NA",
      "type": "GATKPathSpecifier",
      "required": "no",
      "fulltext": "",
      "defaultValue": "null",
      "minValue": "NA",
      "maxValue": "NA",
      "minRecValue": "NA",
      "maxRecValue": "NA",
      "kind": "common",
      "options": []
    },
    {
      "summary": "The output tranches file used by ApplyRecalibration",
      "name": "--tranches-file",
      "synonyms": "NA",
      "type": "String",
      "required": "yes",
      "fulltext": "",
      "defaultValue": "null",
      "minValue": "NA",
      "maxValue": "NA",
      "minRecValue": "NA",
      "maxRecValue": "NA",
      "kind": "required",
      "options": []
    },
    {
      "summary": "Trust that all the input training sets\u0027 unfiltered records contain only polymorphic sites to drastically speed up the computation.",
      "name": "--trust-all-polymorphic",
      "synonyms": "NA",
      "type": "boolean",
      "required": "no",
      "fulltext": "",
      "defaultValue": "false",
      "minValue": "NA",
      "maxValue": "NA",
      "minRecValue": "NA",
      "maxRecValue": "NA",
      "kind": "advanced",
      "options": []
    },
    {
      "summary": "The levels of truth sensitivity at which to slice the data. (in percent, that is 1.0 for 1 percent)",
      "name": "--truth-sensitivity-tranche",
      "synonyms": "-tranche",
      "type": "List[Double]",
      "required": "no",
      "fulltext": "Add truth sensitivity slices through the call set at the given values. The default values are 100.0, 99.9, 99.0, and 90.0\n which will result in 4 estimated tranches in the final call set: the full set of calls (100% sensitivity at the accessible\n sites in the truth set), a 99.9% truth sensitivity tranche, along with progressively smaller tranches at 99% and 90%.\n Note: You must pass in each tranche as a separate value (e.g. -tranche 100.0 -tranche 99.9).",
      "defaultValue": "[100.0, 99.9, 99.0, 90.0]",
      "minValue": "NA",
      "maxValue": "NA",
      "minRecValue": "NA",
      "maxRecValue": "NA",
      "kind": "optional",
      "options": []
    },
    {
      "summary": "If specified, the variant recalibrator will attempt to use the allele-specific versions of the specified annotations.",
      "name": "--use-allele-specific-annotations",
      "synonyms": "-AS",
      "type": "boolean",
      "required": "no",
      "fulltext": "Generate a VQSR model using per-allele data instead of the default per-site data, assuming that the input VCF contains allele-specific annotations.\n Annotations should be specified using their full names with AS_ prefix. Non-allele-specific (scalar) annotations will be applied to all alleles.",
      "defaultValue": "false",
      "minValue": "NA",
      "maxValue": "NA",
      "minRecValue": "NA",
      "maxRecValue": "NA",
      "kind": "optional",
      "options": []
    },
    {
      "summary": "The names of the annotations which should used for calculations",
      "name": "--use-annotation",
      "synonyms": "-an",
      "type": "List[String]",
      "required": "yes",
      "fulltext": "See the input VCF file\u0027s INFO field for a list of all available annotations.",
      "defaultValue": "[]",
      "minValue": "NA",
      "maxValue": "NA",
      "minRecValue": "NA",
      "maxRecValue": "NA",
      "kind": "required",
      "options": []
    },
    {
      "summary": "Whether to use the JdkDeflater (as opposed to IntelDeflater)",
      "name": "--use-jdk-deflater",
      "synonyms": "-jdk-deflater",
      "type": "boolean",
      "required": "no",
      "fulltext": "",
      "defaultValue": "false",
      "minValue": "NA",
      "maxValue": "NA",
      "minRecValue": "NA",
      "maxRecValue": "NA",
      "kind": "common",
      "options": []
    },
    {
      "summary": "Whether to use the JdkInflater (as opposed to IntelInflater)",
      "name": "--use-jdk-inflater",
      "synonyms": "-jdk-inflater",
      "type": "boolean",
      "required": "no",
      "fulltext": "",
      "defaultValue": "false",
      "minValue": "NA",
      "maxValue": "NA",
      "minRecValue": "NA",
      "maxRecValue": "NA",
      "kind": "common",
      "options": []
    },
    {
      "summary": "One or more VCF files containing variants",
      "name": "--variant",
      "synonyms": "-V",
      "type": "List[String]",
      "required": "yes",
      "fulltext": "",
      "defaultValue": "[]",
      "minValue": "NA",
      "maxValue": "NA",
      "minRecValue": "NA",
      "maxRecValue": "NA",
      "kind": "required",
      "options": []
    },
    {
      "summary": "Control verbosity of logging.",
      "name": "--verbosity",
      "synonyms": "-verbosity",
      "type": "LogLevel",
      "required": "no",
      "fulltext": "",
      "defaultValue": "INFO",
      "minValue": "NA",
      "maxValue": "NA",
      "minRecValue": "NA",
      "maxRecValue": "NA",
      "kind": "common",
      "options": [
        {
          "summary": "",
          "name": "ERROR"
        },
        {
          "summary": "",
          "name": "WARNING"
        },
        {
          "summary": "",
          "name": "INFO"
        },
        {
          "summary": "",
          "name": "DEBUG"
        }
      ]
    },
    {
      "summary": "display the version number for this tool",
      "name": "--version",
      "synonyms": "NA",
      "type": "boolean",
      "required": "no",
      "fulltext": "",
      "defaultValue": "false",
      "minValue": "NA",
      "maxValue": "NA",
      "minRecValue": "NA",
      "maxRecValue": "NA",
      "kind": "optional",
      "options": []
    }
  ],
  "description": "Build a recalibration model to score variant quality for filtering purposes\n\n \u003cp\u003eThis tool performs the first pass in a two-stage process called Variant Quality Score Recalibration (VQSR).\n Specifically, it builds the model that will be used in the second step to actually filter variants. This model\n attempts to describe the relationship between variant annotations (such as QD, MQ and ReadPosRankSum, for example)\n and the probability that a variant is a true genetic variant versus a sequencing or data processing artifact. It is\n developed adaptively based on \"true sites\" provided as input, typically HapMap sites and those sites found to be\n polymorphic on the Omni 2.5M SNP chip array (in humans). This adaptive error model can then be applied to both known\n and novel variation discovered in the call set of interest to evaluate the probability that each call is real. The\n result is a score called the VQSLOD that gets added to the INFO field of each variant. This score is the log odds of\n being a true variant versus being false under the trained Gaussian mixture model. \u003c/p\u003e\n\n \u003ch4\u003eSummary of the VQSR procedure\u003c/h4\u003e\n \u003cp\u003eThe purpose of variant recalibration is to assign a well-calibrated probability to each variant call in a call set.\n These probabilities can then be used to filter the variants with a greater level of accuracy and flexibility than\n can typically be achieved by traditional hard-filter (filtering on individual annotation value thresholds). The first\n pass consists of building a model that describes how variant annotation values co-vary with the truthfulness of\n variant calls in a training set, and then scoring all input variants according to the model. The second pass simply\n consists of specifying a target sensitivity value (which corresponds to an empirical VQSLOD cutoff) and applying\n filters to each variant call according to their ranking. The result is a VCF file in which variants have been\n assigned a score and filter status.\u003c/p\u003e\n\n \u003cp\u003eVQSR is probably the hardest part of the Best Practices to get right, so be sure to read the\n \u003ca href\u003d\u0027https://software.broadinstitute.org/gatk/guide/article?id\u003d39\u0027\u003emethod documentation\u003c/a\u003e,\n \u003ca href\u003d\u0027https://software.broadinstitute.org/gatk/guide/article?id\u003d1259\u0027\u003eparameter recommendations\u003c/a\u003e and\n \u003ca href\u003d\u0027https://software.broadinstitute.org/gatk/guide/article?id\u003d2805\u0027\u003etutorial\u003c/a\u003e to really understand what these\n tools do and how to use them for best results on your own data.\u003c/p\u003e\n\n \u003ch3\u003eInputs\u003c/h3\u003e\n \u003cul\u003e\n      \u003cli\u003eThe input variants to be recalibrated. These variant calls must be annotated with the annotations that will be\n used for modeling. If the calls come from multiple samples, they must have been obtained by joint calling the samples,\n either directly (running HaplotypeCaller on all samples together) or via the GVCF workflow (HaplotypeCaller with -ERC\n GVCF per-sample then GenotypeGVCFs on the resulting gVCFs) which is more scalable.\u003c/li\u003e\n      \u003cli\u003eKnown, truth, and training sets to be used by the algorithm. See the method documentation linked above for\n more details.\u003c/li\u003e\n \u003c/ul\u003e\n\n \u003ch3\u003eOutputs\u003c/h3\u003e\n \u003cul\u003e\n \u003cli\u003eA recalibration table file that will be used by the ApplyVQSR tool.\u003c/li\u003e\n \u003cli\u003eA tranches file that shows various metrics of the recalibration callset for slices of the data.\u003c/li\u003e\n \u003c/ul\u003e\n\n \u003ch3\u003eUsage example\u003c/h3\u003e\n\n \u003ch4\u003eRecalibrating SNPs in exome data\u003c/h4\u003e\n \u003cpre\u003e\n gatk VariantRecalibrator \\\n   -R Homo_sapiens_assembly38.fasta \\\n   -V input.vcf.gz \\\n   --resource:hapmap,known\u003dfalse,training\u003dtrue,truth\u003dtrue,prior\u003d15.0 hapmap_3.3.hg38.sites.vcf.gz \\\n   --resource:omni,known\u003dfalse,training\u003dtrue,truth\u003dfalse,prior\u003d12.0 1000G_omni2.5.hg38.sites.vcf.gz \\\n   --resource:1000G,known\u003dfalse,training\u003dtrue,truth\u003dfalse,prior\u003d10.0 1000G_phase1.snps.high_confidence.hg38.vcf.gz \\\n   --resource:dbsnp,known\u003dtrue,training\u003dfalse,truth\u003dfalse,prior\u003d2.0 Homo_sapiens_assembly38.dbsnp138.vcf.gz \\\n   -an QD -an MQ -an MQRankSum -an ReadPosRankSum -an FS -an SOR \\\n   -mode SNP \\\n   -O output.recal \\\n   --tranches-file output.tranches \\\n   --rscript-file output.plots.R\n \u003c/pre\u003e\n\n \u003ch4\u003eAllele-specific version of the SNP recalibration (beta)\u003c/h4\u003e\n \u003cpre\u003e\n gatk VariantRecalibrator \\\n   -R Homo_sapiens_assembly38.fasta \\\n   -V input.vcf.gz \\\n   -AS \\\n   --resource:hapmap,known\u003dfalse,training\u003dtrue,truth\u003dtrue,prior\u003d15.0 hapmap_3.3.hg38.sites.vcf.gz \\\n   --resource:omni,known\u003dfalse,training\u003dtrue,truth\u003dfalse,prior\u003d12.0 1000G_omni2.5.hg38.sites.vcf.gz \\\n   --resource:1000G,known\u003dfalse,training\u003dtrue,truth\u003dfalse,prior\u003d10.0 1000G_phase1.snps.high_confidence.hg38.vcf.gz \\\n   --resource:dbsnp,known\u003dtrue,training\u003dfalse,truth\u003dfalse,prior\u003d2.0 Homo_sapiens_assembly38.dbsnp138.vcf.gz \\\n   -an QD -an MQ -an MQRankSum -an ReadPosRankSum -an FS -an SOR \\\n   -mode SNP \\\n   -O output.AS.recal \\\n   --tranches-file output.AS.tranches \\\n   --rscript-file output.plots.AS.R\n \u003c/pre\u003e\n \u003cp\u003eNote that to use the allele-specific (AS) mode, the input VCF must have been produced using allele-specific\n annotations in HaplotypeCaller. Note also that each allele will have a separate line in the output recalibration\n file with its own VQSLOD and `culprit`, which will be transferred to the final VCF by the ApplyRecalibration tool.\n\n \u003ch3\u003eCaveats\u003c/h3\u003e\n\n \u003cul\u003e\n \u003cli\u003eThe values used in the example above are only meant to show how the command lines are composed.\n They are not meant to be taken as specific recommendations of values to use in your own work, and they may be\n different from the values cited elsewhere in our documentation. For the latest and greatest recommendations on\n how to set parameter values for your own analyses, please read the Best Practices section of the documentation,\n especially the \u003ca href\u003d\u0027https://software.broadinstitute.org/gatk/guide/article?id\u003d1259\u0027\u003eFAQ document\u003c/a\u003e on VQSR parameters.\u003c/li\u003e\n \u003cli\u003eWhole genomes and exomes take slightly different parameters, so make sure you adapt your commands accordingly! See\n the documents linked above for details.\u003c/li\u003e\n \u003cli\u003eIf you work with small datasets (e.g. targeted capture experiments or small number of exomes), you will run into\n problems. Read the docs linked above for advice on how to deal with those issues.\u003c/li\u003e\n \u003cli\u003eIn order to create the model reporting plots, the Rscript executable needs to be in your environment PATH\n (this is the scripting version of R, not the interactive version).\n See \u003ca target\u003d\"r-project\" href\u003d\"http://www.r-project.org\"\u003ehttp://www.r-project.org\u003c/a\u003e for more information on how\n to download and install R.\u003c/li\u003e\n \u003c/ul\u003e\n\n \u003ch3\u003eAdditional notes\u003c/h3\u003e\n \u003cul\u003e\n     \u003cli\u003eThis tool only accepts a single input variant file unlike earlier version of GATK, which accepted multiple\n     input variant files.\u003c/li\u003e\n     \u003cli\u003eSNPs and indels must be recalibrated in separate runs, but it is not necessary to separate them into different\n files. See the tutorial linked above for an example workflow. Note that mixed records are treated as indels.\u003c/li\u003e\n     \u003cli\u003e\u003c/li\u003e\n \u003c/ul\u003e",
  "name": "VariantRecalibrator",
  "group": "Variant Filtering",
  "beta": false,
  "experimental": false
}