{
  "summary": "Keep only reads with mates mapped on the different strand",
  "arguments": [],
  "description": "For paired reads (0x1), keep only reads that are mapped, have a mate that is mapped (read is not 0x8), and both\n the read and its mate are on different strands (when read is 0x20, it is not 0x10), as is the typical case.\n\n \u003cp\u003eSee MappedReadFilter for criteria defining an mapped read.\u003c/p\u003e",
  "name": "MateDifferentStrandReadFilter",
  "group": "Read Filters",
  "beta": false,
  "experimental": false
}