{
  "summary": "Keep only reads with this read name",
  "arguments": [
    {
      "summary": "Keep only reads with this read name",
      "name": "--read-name",
      "synonyms": "NA",
      "type": "String",
      "required": "yes",
      "fulltext": "",
      "defaultValue": "null",
      "minValue": "NA",
      "maxValue": "NA",
      "minRecValue": "NA",
      "maxRecValue": "NA",
      "kind": "required",
      "options": []
    }
  ],
  "description": "Keep only reads with this read name.\n\n \u003cp\u003eMatching is done by case-sensitive exact match.\u003c/p\u003e",
  "name": "ReadNameReadFilter",
  "group": "Read Filters",
  "beta": false,
  "experimental": false
}