{
  "summary": "Keep only reads with matching Read Group platform",
  "arguments": [
    {
      "summary": "Platform attribute (PL) to match",
      "name": "--platform-filter-name",
      "synonyms": "NA",
      "type": "Set[String]",
      "required": "yes",
      "fulltext": "",
      "defaultValue": "[]",
      "minValue": "NA",
      "maxValue": "NA",
      "minRecValue": "NA",
      "maxRecValue": "NA",
      "kind": "required",
      "options": []
    }
  ],
  "description": "Keep only reads where the the Read Group platform attribute (RG:PL tag) contains the given string.\n\n \u003cp\u003eNote: Matching is done by case-insensitive substring matching.\u003c/p\u003e",
  "name": "PlatformReadFilter",
  "group": "Read Filters",
  "beta": false,
  "experimental": false
}