{
  "summary": "Filter Mutect2 somatic variant calls using orientation bias",
  "arguments": [
    {
      "summary": "If true, adds a PG tag to created SAM/BAM/CRAM files.",
      "name": "--add-output-sam-program-record",
      "synonyms": "-add-output-sam-program-record",
      "type": "boolean",
      "required": "no",
      "fulltext": "",
      "defaultValue": "true",
      "minValue": "NA",
      "maxValue": "NA",
      "minRecValue": "NA",
      "maxRecValue": "NA",
      "kind": "common",
      "options": []
    },
    {
      "summary": "If true, adds a command line header line to created VCF files.",
      "name": "--add-output-vcf-command-line",
      "synonyms": "-add-output-vcf-command-line",
      "type": "boolean",
      "required": "no",
      "fulltext": "",
      "defaultValue": "true",
      "minValue": "NA",
      "maxValue": "NA",
      "minRecValue": "NA",
      "maxRecValue": "NA",
      "kind": "common",
      "options": []
    },
    {
      "summary": "read one or more arguments files and add them to the command line",
      "name": "--arguments_file",
      "synonyms": "NA",
      "type": "List[File]",
      "required": "no",
      "fulltext": "",
      "defaultValue": "[]",
      "minValue": "NA",
      "maxValue": "NA",
      "minRecValue": "NA",
      "maxRecValue": "NA",
      "kind": "optional",
      "options": []
    },
    {
      "summary": "PreAdapter Detail artifacts of interest on the forward strand.  \u0027C/A\u0027 for a single artifact.  Specify this parameter multiple times to process multiple artifacts at the same time:  \u0027C/A,T/G\u0027  Artifacts must be one base to one base (e.g. \u0027CC/CA\u0027 is illegal).  G\u003eT is OxoG.",
      "name": "--artifact-modes",
      "synonyms": "-AM",
      "type": "List[String]",
      "required": "no",
      "fulltext": "",
      "defaultValue": "[]",
      "minValue": "NA",
      "maxValue": "NA",
      "minRecValue": "NA",
      "maxRecValue": "NA",
      "kind": "optional",
      "options": []
    },
    {
      "summary": "Size of the cloud-only prefetch buffer (in MB; 0 to disable). Defaults to cloudPrefetchBuffer if unset.",
      "name": "--cloud-index-prefetch-buffer",
      "synonyms": "-CIPB",
      "type": "int",
      "required": "no",
      "fulltext": "",
      "defaultValue": "-1",
      "minValue": "-Infinity",
      "maxValue": "Infinity",
      "minRecValue": "NA",
      "maxRecValue": "NA",
      "kind": "optional",
      "options": []
    },
    {
      "summary": "Size of the cloud-only prefetch buffer (in MB; 0 to disable).",
      "name": "--cloud-prefetch-buffer",
      "synonyms": "-CPB",
      "type": "int",
      "required": "no",
      "fulltext": "",
      "defaultValue": "40",
      "minValue": "-Infinity",
      "maxValue": "Infinity",
      "minRecValue": "NA",
      "maxRecValue": "NA",
      "kind": "optional",
      "options": []
    },
    {
      "summary": "If true, create a BAM/CRAM index when writing a coordinate-sorted BAM/CRAM file.",
      "name": "--create-output-bam-index",
      "synonyms": "-OBI",
      "type": "boolean",
      "required": "no",
      "fulltext": "",
      "defaultValue": "true",
      "minValue": "NA",
      "maxValue": "NA",
      "minRecValue": "NA",
      "maxRecValue": "NA",
      "kind": "common",
      "options": []
    },
    {
      "summary": "If true, create a MD5 digest for any BAM/SAM/CRAM file created",
      "name": "--create-output-bam-md5",
      "synonyms": "-OBM",
      "type": "boolean",
      "required": "no",
      "fulltext": "",
      "defaultValue": "false",
      "minValue": "NA",
      "maxValue": "NA",
      "minRecValue": "NA",
      "maxRecValue": "NA",
      "kind": "common",
      "options": []
    },
    {
      "summary": "If true, create a VCF index when writing a coordinate-sorted VCF file.",
      "name": "--create-output-variant-index",
      "synonyms": "-OVI",
      "type": "boolean",
      "required": "no",
      "fulltext": "",
      "defaultValue": "true",
      "minValue": "NA",
      "maxValue": "NA",
      "minRecValue": "NA",
      "maxRecValue": "NA",
      "kind": "common",
      "options": []
    },
    {
      "summary": "If true, create a a MD5 digest any VCF file created.",
      "name": "--create-output-variant-md5",
      "synonyms": "-OVM",
      "type": "boolean",
      "required": "no",
      "fulltext": "",
      "defaultValue": "false",
      "minValue": "NA",
      "maxValue": "NA",
      "minRecValue": "NA",
      "maxRecValue": "NA",
      "kind": "common",
      "options": []
    },
    {
      "summary": "If true, don\u0027t cache bam indexes, this will reduce memory requirements but may harm performance if many intervals are specified.  Caching is automatically disabled if there are no intervals specified.",
      "name": "--disable-bam-index-caching",
      "synonyms": "-DBIC",
      "type": "boolean",
      "required": "no",
      "fulltext": "",
      "defaultValue": "false",
      "minValue": "NA",
      "maxValue": "NA",
      "minRecValue": "NA",
      "maxRecValue": "NA",
      "kind": "optional",
      "options": []
    },
    {
      "summary": "Read filters to be disabled before analysis",
      "name": "--disable-read-filter",
      "synonyms": "-DF",
      "type": "List[String]",
      "required": "no",
      "fulltext": "",
      "defaultValue": "[]",
      "minValue": "NA",
      "maxValue": "NA",
      "minRecValue": "NA",
      "maxRecValue": "NA",
      "kind": "common",
      "options": []
    },
    {
      "summary": "If specified, do not check the sequence dictionaries from our inputs for compatibility. Use at your own risk!",
      "name": "--disable-sequence-dictionary-validation",
      "synonyms": "-disable-sequence-dictionary-validation",
      "type": "boolean",
      "required": "no",
      "fulltext": "",
      "defaultValue": "false",
      "minValue": "NA",
      "maxValue": "NA",
      "minRecValue": "NA",
      "maxRecValue": "NA",
      "kind": "optional",
      "options": []
    },
    {
      "summary": "Disable all tool default read filters (WARNING: many tools will not function correctly without their default read filters on)",
      "name": "--disable-tool-default-read-filters",
      "synonyms": "-disable-tool-default-read-filters",
      "type": "boolean",
      "required": "no",
      "fulltext": "",
      "defaultValue": "false",
      "minValue": "NA",
      "maxValue": "NA",
      "minRecValue": "NA",
      "maxRecValue": "NA",
      "kind": "common",
      "options": []
    },
    {
      "summary": "One or more genomic intervals to exclude from processing",
      "name": "--exclude-intervals",
      "synonyms": "-XL",
      "type": "List[String]",
      "required": "no",
      "fulltext": "Use this argument to exclude certain parts of the genome from the analysis (like -L, but the opposite).\n This argument can be specified multiple times. You can use samtools-style intervals either explicitly on the\n command line (e.g. -XL 1 or -XL 1:100-200) or by loading in a file containing a list of intervals\n (e.g. -XL myFile.intervals).",
      "defaultValue": "[]",
      "minValue": "NA",
      "maxValue": "NA",
      "minRecValue": "NA",
      "maxRecValue": "NA",
      "kind": "common",
      "options": []
    },
    {
      "summary": "A configuration file to use with the GATK.",
      "name": "--gatk-config-file",
      "synonyms": "NA",
      "type": "String",
      "required": "no",
      "fulltext": "",
      "defaultValue": "null",
      "minValue": "NA",
      "maxValue": "NA",
      "minRecValue": "NA",
      "maxRecValue": "NA",
      "kind": "common",
      "options": []
    },
    {
      "summary": "If the GCS bucket channel errors out, how many times it will attempt to re-initiate the connection",
      "name": "--gcs-max-retries",
      "synonyms": "-gcs-retries",
      "type": "int",
      "required": "no",
      "fulltext": "",
      "defaultValue": "20",
      "minValue": "-Infinity",
      "maxValue": "Infinity",
      "minRecValue": "NA",
      "maxRecValue": "NA",
      "kind": "optional",
      "options": []
    },
    {
      "summary": "Project to bill when accessing \"requester pays\" buckets. If unset, these buckets cannot be accessed.",
      "name": "--gcs-project-for-requester-pays",
      "synonyms": "NA",
      "type": "String",
      "required": "no",
      "fulltext": "",
      "defaultValue": "\"\"",
      "minValue": "NA",
      "maxValue": "NA",
      "minRecValue": "NA",
      "maxRecValue": "NA",
      "kind": "optional",
      "options": []
    },
    {
      "summary": "display the help message",
      "name": "--help",
      "synonyms": "-h",
      "type": "boolean",
      "required": "no",
      "fulltext": "",
      "defaultValue": "false",
      "minValue": "NA",
      "maxValue": "NA",
      "minRecValue": "NA",
      "maxRecValue": "NA",
      "kind": "optional",
      "options": []
    },
    {
      "summary": "BAM/SAM/CRAM file containing reads",
      "name": "--input",
      "synonyms": "-I",
      "type": "List[String]",
      "required": "no",
      "fulltext": "",
      "defaultValue": "[]",
      "minValue": "NA",
      "maxValue": "NA",
      "minRecValue": "NA",
      "maxRecValue": "NA",
      "kind": "common",
      "options": []
    },
    {
      "summary": "Amount of padding (in bp) to add to each interval you are excluding.",
      "name": "--interval-exclusion-padding",
      "synonyms": "-ixp",
      "type": "int",
      "required": "no",
      "fulltext": "Use this to add padding to the intervals specified using -XL. For example, \u0027-XL 1:100\u0027 with a\n padding value of 20 would turn into \u0027-XL 1:80-120\u0027. This is typically used to add padding around targets when\n analyzing exomes.",
      "defaultValue": "0",
      "minValue": "-Infinity",
      "maxValue": "Infinity",
      "minRecValue": "NA",
      "maxRecValue": "NA",
      "kind": "common",
      "options": []
    },
    {
      "summary": "Interval merging rule for abutting intervals",
      "name": "--interval-merging-rule",
      "synonyms": "-imr",
      "type": "IntervalMergingRule",
      "required": "no",
      "fulltext": "By default, the program merges abutting intervals (i.e. intervals that are directly side-by-side but do not\n actually overlap) into a single continuous interval. However you can change this behavior if you want them to be\n treated as separate intervals instead.",
      "defaultValue": "ALL",
      "minValue": "NA",
      "maxValue": "NA",
      "minRecValue": "NA",
      "maxRecValue": "NA",
      "kind": "optional",
      "options": [
        {
          "summary": "",
          "name": "ALL"
        },
        {
          "summary": "",
          "name": "OVERLAPPING_ONLY"
        }
      ]
    },
    {
      "summary": "Amount of padding (in bp) to add to each interval you are including.",
      "name": "--interval-padding",
      "synonyms": "-ip",
      "type": "int",
      "required": "no",
      "fulltext": "Use this to add padding to the intervals specified using -L. For example, \u0027-L 1:100\u0027 with a\n padding value of 20 would turn into \u0027-L 1:80-120\u0027. This is typically used to add padding around targets when\n analyzing exomes.",
      "defaultValue": "0",
      "minValue": "-Infinity",
      "maxValue": "Infinity",
      "minRecValue": "NA",
      "maxRecValue": "NA",
      "kind": "common",
      "options": []
    },
    {
      "summary": "Set merging approach to use for combining interval inputs",
      "name": "--interval-set-rule",
      "synonyms": "-isr",
      "type": "IntervalSetRule",
      "required": "no",
      "fulltext": "By default, the program will take the UNION of all intervals specified using -L and/or -XL. However, you can\n change this setting for -L, for example if you want to take the INTERSECTION of the sets instead. E.g. to\n perform the analysis only on chromosome 1 exomes, you could specify -L exomes.intervals -L 1 --interval-set-rule\n INTERSECTION. However, it is not possible to modify the merging approach for intervals passed using -XL (they will\n always be merged using UNION).\n\n Note that if you specify both -L and -XL, the -XL interval set will be subtracted from the -L interval set.",
      "defaultValue": "UNION",
      "minValue": "NA",
      "maxValue": "NA",
      "minRecValue": "NA",
      "maxRecValue": "NA",
      "kind": "common",
      "options": [
        {
          "summary": "Take the union of all intervals",
          "name": "UNION"
        },
        {
          "summary": "Take the intersection of intervals (the subset that overlaps all intervals specified)",
          "name": "INTERSECTION"
        }
      ]
    },
    {
      "summary": "One or more genomic intervals over which to operate",
      "name": "--intervals",
      "synonyms": "-L",
      "type": "List[String]",
      "required": "no",
      "fulltext": "",
      "defaultValue": "[]",
      "minValue": "NA",
      "maxValue": "NA",
      "minRecValue": "NA",
      "maxRecValue": "NA",
      "kind": "optional",
      "options": []
    },
    {
      "summary": "Lenient processing of VCF files",
      "name": "--lenient",
      "synonyms": "-LE",
      "type": "boolean",
      "required": "no",
      "fulltext": "",
      "defaultValue": "false",
      "minValue": "NA",
      "maxValue": "NA",
      "minRecValue": "NA",
      "maxRecValue": "NA",
      "kind": "common",
      "options": []
    },
    {
      "summary": "Output Somatic SNP/Indel VCF file",
      "name": "--output",
      "synonyms": "-O",
      "type": "File",
      "required": "yes",
      "fulltext": "",
      "defaultValue": "null",
      "minValue": "NA",
      "maxValue": "NA",
      "minRecValue": "NA",
      "maxRecValue": "NA",
      "kind": "required",
      "options": []
    },
    {
      "summary": "PreAdapter Detail metrics file.  Usually, generated by CollectSequencingArtifactMetrics.",
      "name": "--pre-adapter-detail-file",
      "synonyms": "-P",
      "type": "File",
      "required": "yes",
      "fulltext": "",
      "defaultValue": "null",
      "minValue": "NA",
      "maxValue": "NA",
      "minRecValue": "NA",
      "maxRecValue": "NA",
      "kind": "required",
      "options": []
    },
    {
      "summary": "Whether to suppress job-summary info on System.err.",
      "name": "--QUIET",
      "synonyms": "NA",
      "type": "Boolean",
      "required": "no",
      "fulltext": "",
      "defaultValue": "false",
      "minValue": "NA",
      "maxValue": "NA",
      "minRecValue": "NA",
      "maxRecValue": "NA",
      "kind": "common",
      "options": []
    },
    {
      "summary": "Read filters to be applied before analysis",
      "name": "--read-filter",
      "synonyms": "-RF",
      "type": "List[String]",
      "required": "no",
      "fulltext": "",
      "defaultValue": "[]",
      "minValue": "NA",
      "maxValue": "NA",
      "minRecValue": "NA",
      "maxRecValue": "NA",
      "kind": "common",
      "options": []
    },
    {
      "summary": "Indices to use for the read inputs. If specified, an index must be provided for every read input and in the same order as the read inputs. If this argument is not specified, the path to the index for each input will be inferred automatically.",
      "name": "--read-index",
      "synonyms": "-read-index",
      "type": "List[String]",
      "required": "no",
      "fulltext": "",
      "defaultValue": "[]",
      "minValue": "NA",
      "maxValue": "NA",
      "minRecValue": "NA",
      "maxRecValue": "NA",
      "kind": "common",
      "options": []
    },
    {
      "summary": "Validation stringency for all SAM/BAM/CRAM/SRA files read by this program.  The default stringency value SILENT can improve performance when processing a BAM file in which variable-length data (read, qualities, tags) do not otherwise need to be decoded.",
      "name": "--read-validation-stringency",
      "synonyms": "-VS",
      "type": "ValidationStringency",
      "required": "no",
      "fulltext": "",
      "defaultValue": "SILENT",
      "minValue": "NA",
      "maxValue": "NA",
      "minRecValue": "NA",
      "maxRecValue": "NA",
      "kind": "common",
      "options": [
        {
          "summary": "",
          "name": "STRICT"
        },
        {
          "summary": "",
          "name": "LENIENT"
        },
        {
          "summary": "",
          "name": "SILENT"
        }
      ]
    },
    {
      "summary": "Reference sequence",
      "name": "--reference",
      "synonyms": "-R",
      "type": "String",
      "required": "no",
      "fulltext": "",
      "defaultValue": "null",
      "minValue": "NA",
      "maxValue": "NA",
      "minRecValue": "NA",
      "maxRecValue": "NA",
      "kind": "optional",
      "options": []
    },
    {
      "summary": "Output traversal statistics every time this many seconds elapse",
      "name": "--seconds-between-progress-updates",
      "synonyms": "-seconds-between-progress-updates",
      "type": "double",
      "required": "no",
      "fulltext": "",
      "defaultValue": "10.0",
      "minValue": "-Infinity",
      "maxValue": "Infinity",
      "minRecValue": "NA",
      "maxRecValue": "NA",
      "kind": "common",
      "options": []
    },
    {
      "summary": "Use the given sequence dictionary as the master/canonical sequence dictionary.  Must be a .dict file.",
      "name": "--sequence-dictionary",
      "synonyms": "-sequence-dictionary",
      "type": "String",
      "required": "no",
      "fulltext": "",
      "defaultValue": "null",
      "minValue": "NA",
      "maxValue": "NA",
      "minRecValue": "NA",
      "maxRecValue": "NA",
      "kind": "common",
      "options": []
    },
    {
      "summary": "display hidden arguments",
      "name": "--showHidden",
      "synonyms": "-showHidden",
      "type": "boolean",
      "required": "no",
      "fulltext": "",
      "defaultValue": "false",
      "minValue": "NA",
      "maxValue": "NA",
      "minRecValue": "NA",
      "maxRecValue": "NA",
      "kind": "advanced",
      "options": []
    },
    {
      "summary": "If true, don\u0027t emit genotype fields when writing vcf file output.",
      "name": "--sites-only-vcf-output",
      "synonyms": "NA",
      "type": "boolean",
      "required": "no",
      "fulltext": "",
      "defaultValue": "false",
      "minValue": "NA",
      "maxValue": "NA",
      "minRecValue": "NA",
      "maxRecValue": "NA",
      "kind": "optional",
      "options": []
    },
    {
      "summary": "Temp directory to use.",
      "name": "--tmp-dir",
      "synonyms": "NA",
      "type": "GATKPathSpecifier",
      "required": "no",
      "fulltext": "",
      "defaultValue": "null",
      "minValue": "NA",
      "maxValue": "NA",
      "minRecValue": "NA",
      "maxRecValue": "NA",
      "kind": "common",
      "options": []
    },
    {
      "summary": "Whether to use the JdkDeflater (as opposed to IntelDeflater)",
      "name": "--use-jdk-deflater",
      "synonyms": "-jdk-deflater",
      "type": "boolean",
      "required": "no",
      "fulltext": "",
      "defaultValue": "false",
      "minValue": "NA",
      "maxValue": "NA",
      "minRecValue": "NA",
      "maxRecValue": "NA",
      "kind": "common",
      "options": []
    },
    {
      "summary": "Whether to use the JdkInflater (as opposed to IntelInflater)",
      "name": "--use-jdk-inflater",
      "synonyms": "-jdk-inflater",
      "type": "boolean",
      "required": "no",
      "fulltext": "",
      "defaultValue": "false",
      "minValue": "NA",
      "maxValue": "NA",
      "minRecValue": "NA",
      "maxRecValue": "NA",
      "kind": "common",
      "options": []
    },
    {
      "summary": "A VCF file containing variants",
      "name": "--variant",
      "synonyms": "-V",
      "type": "String",
      "required": "yes",
      "fulltext": "",
      "defaultValue": "null",
      "minValue": "NA",
      "maxValue": "NA",
      "minRecValue": "NA",
      "maxRecValue": "NA",
      "kind": "required",
      "options": []
    },
    {
      "summary": "Control verbosity of logging.",
      "name": "--verbosity",
      "synonyms": "-verbosity",
      "type": "LogLevel",
      "required": "no",
      "fulltext": "",
      "defaultValue": "INFO",
      "minValue": "NA",
      "maxValue": "NA",
      "minRecValue": "NA",
      "maxRecValue": "NA",
      "kind": "common",
      "options": [
        {
          "summary": "",
          "name": "ERROR"
        },
        {
          "summary": "",
          "name": "WARNING"
        },
        {
          "summary": "",
          "name": "INFO"
        },
        {
          "summary": "",
          "name": "DEBUG"
        }
      ]
    },
    {
      "summary": "display the version number for this tool",
      "name": "--version",
      "synonyms": "NA",
      "type": "boolean",
      "required": "no",
      "fulltext": "",
      "defaultValue": "false",
      "minValue": "NA",
      "maxValue": "NA",
      "minRecValue": "NA",
      "maxRecValue": "NA",
      "kind": "optional",
      "options": []
    }
  ],
  "description": "\u003cp\u003eAdditionally filter Mutect2 somatic variant calls for sequence context-dependent artifacts, e.g. OxoG or FFPE deamination.\u003c/p\u003e\n\n \u003cp\u003e\n     This tool is complementary to FilterMutectCalls and if run, should be run \u003ci\u003eafter\u003c/i\u003e FilterMutectCalls.\n     The tool requires the pre-adapter detailed metrics calculated by Picard CollectSequencingArtifactMetrics and specification\n     of the base substitution(s) to consider for orientation bias. For a given base substitution specified with\n     the --artifact-modes argument, the tool considers both the forward and reverse complement for filtering.  That is, specifying\n     --artifact-modes \u0027G/T\u0027 means the tool considers G to T \u003ci\u003eand\u003c/i\u003e A to C artifacts for filtering.\n \u003c/p\u003e\n \u003cp\u003e\n     The metrics from CollectSequencingArtifactMetrics give a global view across a sample\u0027s genome that empowers\n     decision making in ways site-specific analyses cannot. The detailed metrics measure orientation\n     bias for all three-base contexts and help determine whether variant filtering for a sequence context is necessary.\n \u003c/p\u003e\n \u003cp\u003e\n     The most common artifact to consider for filtering is the OxoG (8-Oxoguanine) artifact. OxoG artifacts stem from oxidation of\n     guanine to 8-oxoguanine, which results in G to T transversions. If samples were derived from histological\n     slides, then consider the FFPE (formalin-fixed paraffin-embedded) artifact. FFPE artifacts stem from formaldehyde\n     deamination of cytosines, which results in C to T transitions.\n \u003c/p\u003e\n \u003cp\u003e\n     This tool is featured in the Somatic Short Mutation calling Best Practice Workflow.\n     See \u003ca href\u003d\"https://software.broadinstitute.org/gatk/documentation/article?id\u003d11136\"\u003eTutorial#11136\u003c/a\u003e for a\n     step-by-step description of the workflow and \u003ca href\u003d\"https://software.broadinstitute.org/gatk/documentation/article?id\u003d11127\"\u003eArticle#11127\u003c/a\u003e\n     for an overview of what traditional somatic calling entails. For the latest pipeline scripts, see the\n     \u003ca href\u003d\"https://github.com/broadinstitute/gatk/tree/master/scripts/mutect2_wdl\"\u003eMutect2 WDL scripts directory\u003c/a\u003e.\n \u003c/p\u003e\n\n \u003ch3\u003eExample workflow \u003c/h3\u003e\n \u003ch4\u003eStep 1. Run CollectSequencingArtifactMetrics on sample BAM.\u003c/h4\u003e\n \u003cp\u003eEither invoke CollectSequencingArtifactMetrics using the GATK4 launch script:\u003c/p\u003e\n \u003cpre\u003e\n gatk CollectSequencingArtifactMetrics \\\n   -R reference.fa \\\n   -I tumor.bam \\\n   --FILE_EXTENSION \".txt\" \\\n   -O tumor_artifact\n \u003c/pre\u003e\n\n \u003cp\u003eOr run CollectSequencingArtifactMetrics from a standalone Picard jar:\u003c/p\u003e\n \u003cpre\u003e\n java -jar picard.jar CollectSequencingArtifactMetrics \\\n   R\u003dreference.fa \\\n   I\u003dtumor.bam \\\n   --FILE_EXTENSION\u003d.txt \\\n   O\u003dtumor_artifact\n\u003c/pre\u003e\n \u003cp\u003eThis generates a number of metrics files, including tumor_artifact.pre_adapter_detail_metrics.txt.\u003c/p\u003e\n\n \u003ch4\u003eStep 2. Run FilterByOrientationBias on Mutect2 calls that have been filtered by FilterMutectCalls.\u003c/h4\u003e\n \u003cp\u003eHere we specify the G to T OxoG artifact and provide the pre_adapter_detail_metrics from step 1.\u003c/p\u003e\n \u003cpre\u003e\n gatk FilterByOrientationBias \\\n   -V filtered.vcf.gz \\\n   --artifact-modes \u0027G/T\u0027 \\\n   -P tumor_artifact.pre_adapter_detail_metrics.txt \\\n   -O oxog_filtered.vcf.gz\n \u003c/pre\u003e\n\n \u003cp\u003eThis produces variant calls filtered with the orientation_bias filter and a summary oxog_filtered.vcf.gz.summary file.\n The summary tallies the number of calls for the sequence context(s) and the number of those that the tool filtered.\u003c/p\u003e\n\n \u003ch3\u003eFurther points of interest\u003c/h3\u003e\n \u003cul\u003e\n     \u003cli\u003eThe tool only considers passing calls and relies on the presence of sample-level F1R2 and F2R1 annotations.\u003c/li\u003e\n     \u003cli\u003eIf a site is multiallelic, only the first alternate allele is considered in filtering. If a sample call is triallelic, it may not be considered for filtering.\n     The implication is that FilterByOrientationBias is only recommended for use with Mutect2 callsets from originally diploid and non-pooled samples.\u003c/li\u003e\n     \u003cli\u003eFor calls that the tool filters, the FILTER and sample fields are each annotated with the \u0027orientation_bias\u0027 label.\u003c/li\u003e\n \u003c/ul\u003e",
  "name": "FilterByOrientationBias",
  "group": "Variant Filtering",
  "beta": false,
  "experimental": true
}