{
  "summary": "Calls copy-number variants in germline samples given their counts and the output of DetermineGermlineContigPloidy",
  "arguments": [
    {
      "summary": "If copy-number-posterior-expectation-mode is set to HYBRID, CNV-active intervals determined at any time will be padded by this value (in the units of bp) in order to obtain the set of intervals on which copy number posterior expectation is performed exactly.",
      "name": "--active-class-padding-hybrid-mode",
      "synonyms": "NA",
      "type": "int",
      "required": "no",
      "fulltext": "",
      "defaultValue": "50000",
      "minValue": "-Infinity",
      "maxValue": "Infinity",
      "minRecValue": "NA",
      "maxRecValue": "NA",
      "kind": "optional",
      "options": []
    },
    {
      "summary": "Adamax optimizer first moment estimation forgetting factor.",
      "name": "--adamax-beta-1",
      "synonyms": "NA",
      "type": "double",
      "required": "no",
      "fulltext": "",
      "defaultValue": "0.9",
      "minValue": "0.0",
      "maxValue": "1.0",
      "minRecValue": "NA",
      "maxRecValue": "NA",
      "kind": "optional",
      "options": []
    },
    {
      "summary": "Adamax optimizer second moment estimation forgetting factor.",
      "name": "--adamax-beta-2",
      "synonyms": "NA",
      "type": "double",
      "required": "no",
      "fulltext": "",
      "defaultValue": "0.99",
      "minValue": "0.0",
      "maxValue": "1.0",
      "minRecValue": "NA",
      "maxRecValue": "NA",
      "kind": "optional",
      "options": []
    },
    {
      "summary": "Input annotated-intervals file containing annotations for GC content in genomic intervals (output of AnnotateIntervals).  All intervals specified via -L must be contained.  This input should not be provided if an input denoising-model directory is given (the latter already contains the annotated-interval file).",
      "name": "--annotated-intervals",
      "synonyms": "NA",
      "type": "File",
      "required": "no",
      "fulltext": "",
      "defaultValue": "null",
      "minValue": "NA",
      "maxValue": "NA",
      "minRecValue": "NA",
      "maxRecValue": "NA",
      "kind": "optional",
      "options": []
    },
    {
      "summary": "read one or more arguments files and add them to the command line",
      "name": "--arguments_file",
      "synonyms": "NA",
      "type": "List[File]",
      "required": "no",
      "fulltext": "",
      "defaultValue": "[]",
      "minValue": "NA",
      "maxValue": "NA",
      "minRecValue": "NA",
      "maxRecValue": "NA",
      "kind": "optional",
      "options": []
    },
    {
      "summary": "Admixing ratio of new and old called posteriors (between 0 and 1; larger values implies using more of the new posterior and less of the old posterior) after convergence.",
      "name": "--caller-external-admixing-rate",
      "synonyms": "NA",
      "type": "double",
      "required": "no",
      "fulltext": "",
      "defaultValue": "1.0",
      "minValue": "0.0",
      "maxValue": "Infinity",
      "minRecValue": "NA",
      "maxRecValue": "NA",
      "kind": "optional",
      "options": []
    },
    {
      "summary": "Admixing ratio of new and old called posteriors (between 0 and 1; larger values implies using more of the new posterior and less of the old posterior) for internal convergence loops.",
      "name": "--caller-internal-admixing-rate",
      "synonyms": "NA",
      "type": "double",
      "required": "no",
      "fulltext": "",
      "defaultValue": "0.75",
      "minValue": "0.0",
      "maxValue": "Infinity",
      "minRecValue": "NA",
      "maxRecValue": "NA",
      "kind": "optional",
      "options": []
    },
    {
      "summary": "Maximum tolerated calling update size for convergence.",
      "name": "--caller-update-convergence-threshold",
      "synonyms": "NA",
      "type": "double",
      "required": "no",
      "fulltext": "",
      "defaultValue": "0.001",
      "minValue": "0.0",
      "maxValue": "Infinity",
      "minRecValue": "NA",
      "maxRecValue": "NA",
      "kind": "optional",
      "options": []
    },
    {
      "summary": "Coherence length of CNV-active and CNV-silent domains (in the units of bp).",
      "name": "--class-coherence-length",
      "synonyms": "NA",
      "type": "double",
      "required": "no",
      "fulltext": "",
      "defaultValue": "10000.0",
      "minValue": "0.0",
      "maxValue": "Infinity",
      "minRecValue": "NA",
      "maxRecValue": "NA",
      "kind": "optional",
      "options": []
    },
    {
      "summary": "Coherence length of CNV events (in the units of bp).",
      "name": "--cnv-coherence-length",
      "synonyms": "NA",
      "type": "double",
      "required": "no",
      "fulltext": "",
      "defaultValue": "10000.0",
      "minValue": "0.0",
      "maxValue": "Infinity",
      "minRecValue": "NA",
      "maxRecValue": "NA",
      "kind": "optional",
      "options": []
    },
    {
      "summary": "Input contig-ploidy calls directory (output of DetermineGermlineContigPloidy).",
      "name": "--contig-ploidy-calls",
      "synonyms": "NA",
      "type": "File",
      "required": "yes",
      "fulltext": "",
      "defaultValue": "null",
      "minValue": "NA",
      "maxValue": "NA",
      "minRecValue": "NA",
      "maxRecValue": "NA",
      "kind": "required",
      "options": []
    },
    {
      "summary": "Averaging window for calculating training signal-to-noise ratio (SNR) for convergence checking.",
      "name": "--convergence-snr-averaging-window",
      "synonyms": "NA",
      "type": "int",
      "required": "no",
      "fulltext": "",
      "defaultValue": "500",
      "minValue": "0.0",
      "maxValue": "Infinity",
      "minRecValue": "NA",
      "maxRecValue": "NA",
      "kind": "optional",
      "options": []
    },
    {
      "summary": "The number of ADVI iterations during which the SNR is required to stay below the set threshold for convergence.",
      "name": "--convergence-snr-countdown-window",
      "synonyms": "NA",
      "type": "int",
      "required": "no",
      "fulltext": "",
      "defaultValue": "10",
      "minValue": "0.0",
      "maxValue": "Infinity",
      "minRecValue": "NA",
      "maxRecValue": "NA",
      "kind": "optional",
      "options": []
    },
    {
      "summary": "The SNR threshold to be reached before triggering the convergence countdown.",
      "name": "--convergence-snr-trigger-threshold",
      "synonyms": "NA",
      "type": "double",
      "required": "no",
      "fulltext": "",
      "defaultValue": "0.1",
      "minValue": "0.0",
      "maxValue": "Infinity",
      "minRecValue": "NA",
      "maxRecValue": "NA",
      "kind": "optional",
      "options": []
    },
    {
      "summary": "The strategy for calculating copy number posterior expectations in the coverage denoising model.",
      "name": "--copy-number-posterior-expectation-mode",
      "synonyms": "NA",
      "type": "CopyNumberPosteriorExpectationMode",
      "required": "no",
      "fulltext": "",
      "defaultValue": "HYBRID",
      "minValue": "NA",
      "maxValue": "NA",
      "minRecValue": "NA",
      "maxRecValue": "NA",
      "kind": "optional",
      "options": [
        {
          "summary": "",
          "name": "MAP"
        },
        {
          "summary": "",
          "name": "EXACT"
        },
        {
          "summary": "",
          "name": "HYBRID"
        }
      ]
    },
    {
      "summary": "Precision of read depth pinning to its global value.",
      "name": "--depth-correction-tau",
      "synonyms": "NA",
      "type": "double",
      "required": "no",
      "fulltext": "",
      "defaultValue": "10000.0",
      "minValue": "0.0",
      "maxValue": "Infinity",
      "minRecValue": "NA",
      "maxRecValue": "NA",
      "kind": "optional",
      "options": []
    },
    {
      "summary": "(advanced) Disable annealing.",
      "name": "--disable-annealing",
      "synonyms": "NA",
      "type": "boolean",
      "required": "no",
      "fulltext": "",
      "defaultValue": "false",
      "minValue": "NA",
      "maxValue": "NA",
      "minRecValue": "NA",
      "maxRecValue": "NA",
      "kind": "optional",
      "options": []
    },
    {
      "summary": "(advanced) Disable caller.",
      "name": "--disable-caller",
      "synonyms": "NA",
      "type": "boolean",
      "required": "no",
      "fulltext": "",
      "defaultValue": "false",
      "minValue": "NA",
      "maxValue": "NA",
      "minRecValue": "NA",
      "maxRecValue": "NA",
      "kind": "optional",
      "options": []
    },
    {
      "summary": "(advanced) Disable sampler.",
      "name": "--disable-sampler",
      "synonyms": "NA",
      "type": "boolean",
      "required": "no",
      "fulltext": "",
      "defaultValue": "false",
      "minValue": "NA",
      "maxValue": "NA",
      "minRecValue": "NA",
      "maxRecValue": "NA",
      "kind": "optional",
      "options": []
    },
    {
      "summary": "Enable discovery of bias factors.",
      "name": "--enable-bias-factors",
      "synonyms": "NA",
      "type": "boolean",
      "required": "no",
      "fulltext": "",
      "defaultValue": "true",
      "minValue": "NA",
      "maxValue": "NA",
      "minRecValue": "NA",
      "maxRecValue": "NA",
      "kind": "optional",
      "options": []
    },
    {
      "summary": "One or more genomic intervals to exclude from processing",
      "name": "--exclude-intervals",
      "synonyms": "-XL",
      "type": "List[String]",
      "required": "no",
      "fulltext": "Use this argument to exclude certain parts of the genome from the analysis (like -L, but the opposite).\n This argument can be specified multiple times. You can use samtools-style intervals either explicitly on the\n command line (e.g. -XL 1 or -XL 1:100-200) or by loading in a file containing a list of intervals\n (e.g. -XL myFile.intervals).",
      "defaultValue": "[]",
      "minValue": "NA",
      "maxValue": "NA",
      "minRecValue": "NA",
      "maxRecValue": "NA",
      "kind": "common",
      "options": []
    },
    {
      "summary": "A configuration file to use with the GATK.",
      "name": "--gatk-config-file",
      "synonyms": "NA",
      "type": "String",
      "required": "no",
      "fulltext": "",
      "defaultValue": "null",
      "minValue": "NA",
      "maxValue": "NA",
      "minRecValue": "NA",
      "maxRecValue": "NA",
      "kind": "common",
      "options": []
    },
    {
      "summary": "Prior standard deviation of the GC curve from flat.",
      "name": "--gc-curve-standard-deviation",
      "synonyms": "NA",
      "type": "double",
      "required": "no",
      "fulltext": "",
      "defaultValue": "1.0",
      "minValue": "0.0",
      "maxValue": "Infinity",
      "minRecValue": "NA",
      "maxRecValue": "NA",
      "kind": "optional",
      "options": []
    },
    {
      "summary": "If the GCS bucket channel errors out, how many times it will attempt to re-initiate the connection",
      "name": "--gcs-max-retries",
      "synonyms": "-gcs-retries",
      "type": "int",
      "required": "no",
      "fulltext": "",
      "defaultValue": "20",
      "minValue": "-Infinity",
      "maxValue": "Infinity",
      "minRecValue": "NA",
      "maxRecValue": "NA",
      "kind": "optional",
      "options": []
    },
    {
      "summary": "Project to bill when accessing \"requester pays\" buckets. If unset, these buckets cannot be accessed.",
      "name": "--gcs-project-for-requester-pays",
      "synonyms": "NA",
      "type": "String",
      "required": "no",
      "fulltext": "",
      "defaultValue": "\"\"",
      "minValue": "NA",
      "maxValue": "NA",
      "minRecValue": "NA",
      "maxRecValue": "NA",
      "kind": "optional",
      "options": []
    },
    {
      "summary": "display the help message",
      "name": "--help",
      "synonyms": "-h",
      "type": "boolean",
      "required": "no",
      "fulltext": "",
      "defaultValue": "false",
      "minValue": "NA",
      "maxValue": "NA",
      "minRecValue": "NA",
      "maxRecValue": "NA",
      "kind": "optional",
      "options": []
    },
    {
      "summary": "Initial value of ARD prior precisions relative to the scale of interval-specific unexplained variance.",
      "name": "--init-ard-rel-unexplained-variance",
      "synonyms": "NA",
      "type": "double",
      "required": "no",
      "fulltext": "",
      "defaultValue": "0.1",
      "minValue": "0.0",
      "maxValue": "Infinity",
      "minRecValue": "NA",
      "maxRecValue": "NA",
      "kind": "optional",
      "options": []
    },
    {
      "summary": "Initial temperature (for DA-ADVI).",
      "name": "--initial-temperature",
      "synonyms": "NA",
      "type": "double",
      "required": "no",
      "fulltext": "",
      "defaultValue": "1.5",
      "minValue": "0.0",
      "maxValue": "Infinity",
      "minRecValue": "NA",
      "maxRecValue": "NA",
      "kind": "optional",
      "options": []
    },
    {
      "summary": "Input read-count files containing integer read counts in genomic intervals for all samples.  All intervals specified via -L must be contained; if none are specified, then intervals must be identical and in the same order for all samples.",
      "name": "--input",
      "synonyms": "-I",
      "type": "List[File]",
      "required": "yes",
      "fulltext": "",
      "defaultValue": "[]",
      "minValue": "NA",
      "maxValue": "NA",
      "minRecValue": "NA",
      "maxRecValue": "NA",
      "kind": "required",
      "options": []
    },
    {
      "summary": "Amount of padding (in bp) to add to each interval you are excluding.",
      "name": "--interval-exclusion-padding",
      "synonyms": "-ixp",
      "type": "int",
      "required": "no",
      "fulltext": "Use this to add padding to the intervals specified using -XL. For example, \u0027-XL 1:100\u0027 with a\n padding value of 20 would turn into \u0027-XL 1:80-120\u0027. This is typically used to add padding around targets when\n analyzing exomes.",
      "defaultValue": "0",
      "minValue": "-Infinity",
      "maxValue": "Infinity",
      "minRecValue": "NA",
      "maxRecValue": "NA",
      "kind": "common",
      "options": []
    },
    {
      "summary": "Interval merging rule for abutting intervals",
      "name": "--interval-merging-rule",
      "synonyms": "-imr",
      "type": "IntervalMergingRule",
      "required": "no",
      "fulltext": "By default, the program merges abutting intervals (i.e. intervals that are directly side-by-side but do not\n actually overlap) into a single continuous interval. However you can change this behavior if you want them to be\n treated as separate intervals instead.",
      "defaultValue": "ALL",
      "minValue": "NA",
      "maxValue": "NA",
      "minRecValue": "NA",
      "maxRecValue": "NA",
      "kind": "optional",
      "options": [
        {
          "summary": "",
          "name": "ALL"
        },
        {
          "summary": "",
          "name": "OVERLAPPING_ONLY"
        }
      ]
    },
    {
      "summary": "Amount of padding (in bp) to add to each interval you are including.",
      "name": "--interval-padding",
      "synonyms": "-ip",
      "type": "int",
      "required": "no",
      "fulltext": "Use this to add padding to the intervals specified using -L. For example, \u0027-L 1:100\u0027 with a\n padding value of 20 would turn into \u0027-L 1:80-120\u0027. This is typically used to add padding around targets when\n analyzing exomes.",
      "defaultValue": "0",
      "minValue": "-Infinity",
      "maxValue": "Infinity",
      "minRecValue": "NA",
      "maxRecValue": "NA",
      "kind": "common",
      "options": []
    },
    {
      "summary": "Typical scale of interval-specific unexplained variance.",
      "name": "--interval-psi-scale",
      "synonyms": "NA",
      "type": "double",
      "required": "no",
      "fulltext": "",
      "defaultValue": "0.001",
      "minValue": "0.0",
      "maxValue": "Infinity",
      "minRecValue": "NA",
      "maxRecValue": "NA",
      "kind": "optional",
      "options": []
    },
    {
      "summary": "Set merging approach to use for combining interval inputs",
      "name": "--interval-set-rule",
      "synonyms": "-isr",
      "type": "IntervalSetRule",
      "required": "no",
      "fulltext": "By default, the program will take the UNION of all intervals specified using -L and/or -XL. However, you can\n change this setting for -L, for example if you want to take the INTERSECTION of the sets instead. E.g. to\n perform the analysis only on chromosome 1 exomes, you could specify -L exomes.intervals -L 1 --interval-set-rule\n INTERSECTION. However, it is not possible to modify the merging approach for intervals passed using -XL (they will\n always be merged using UNION).\n\n Note that if you specify both -L and -XL, the -XL interval set will be subtracted from the -L interval set.",
      "defaultValue": "UNION",
      "minValue": "NA",
      "maxValue": "NA",
      "minRecValue": "NA",
      "maxRecValue": "NA",
      "kind": "common",
      "options": [
        {
          "summary": "Take the union of all intervals",
          "name": "UNION"
        },
        {
          "summary": "Take the intersection of intervals (the subset that overlaps all intervals specified)",
          "name": "INTERSECTION"
        }
      ]
    },
    {
      "summary": "One or more genomic intervals over which to operate",
      "name": "--intervals",
      "synonyms": "-L",
      "type": "List[String]",
      "required": "no",
      "fulltext": "",
      "defaultValue": "[]",
      "minValue": "NA",
      "maxValue": "NA",
      "minRecValue": "NA",
      "maxRecValue": "NA",
      "kind": "optional",
      "options": []
    },
    {
      "summary": "Adamax optimizer learning rate.",
      "name": "--learning-rate",
      "synonyms": "NA",
      "type": "double",
      "required": "no",
      "fulltext": "",
      "defaultValue": "0.01",
      "minValue": "0.0",
      "maxValue": "Infinity",
      "minRecValue": "NA",
      "maxRecValue": "NA",
      "kind": "optional",
      "options": []
    },
    {
      "summary": "Log emission samples drawn per round of sampling.",
      "name": "--log-emission-samples-per-round",
      "synonyms": "NA",
      "type": "int",
      "required": "no",
      "fulltext": "",
      "defaultValue": "50",
      "minValue": "0.0",
      "maxValue": "Infinity",
      "minRecValue": "NA",
      "maxRecValue": "NA",
      "kind": "optional",
      "options": []
    },
    {
      "summary": "Maximum tolerated median relative error in log emission sampling.",
      "name": "--log-emission-sampling-median-rel-error",
      "synonyms": "NA",
      "type": "double",
      "required": "no",
      "fulltext": "",
      "defaultValue": "0.005",
      "minValue": "0.0",
      "maxValue": "Infinity",
      "minRecValue": "NA",
      "maxRecValue": "NA",
      "kind": "optional",
      "options": []
    },
    {
      "summary": "Log emission maximum sampling rounds.",
      "name": "--log-emission-sampling-rounds",
      "synonyms": "NA",
      "type": "int",
      "required": "no",
      "fulltext": "",
      "defaultValue": "10",
      "minValue": "0.0",
      "maxValue": "Infinity",
      "minRecValue": "NA",
      "maxRecValue": "NA",
      "kind": "optional",
      "options": []
    },
    {
      "summary": "Standard deviation of log mean bias.",
      "name": "--log-mean-bias-standard-deviation",
      "synonyms": "NA",
      "type": "double",
      "required": "no",
      "fulltext": "",
      "defaultValue": "0.1",
      "minValue": "0.0",
      "maxValue": "Infinity",
      "minRecValue": "NA",
      "maxRecValue": "NA",
      "kind": "optional",
      "options": []
    },
    {
      "summary": "Typical mapping error rate.",
      "name": "--mapping-error-rate",
      "synonyms": "NA",
      "type": "double",
      "required": "no",
      "fulltext": "",
      "defaultValue": "0.01",
      "minValue": "0.0",
      "maxValue": "1.0",
      "minRecValue": "NA",
      "maxRecValue": "NA",
      "kind": "optional",
      "options": []
    },
    {
      "summary": "Maximum ADVI iterations in the first epoch.",
      "name": "--max-advi-iter-first-epoch",
      "synonyms": "NA",
      "type": "int",
      "required": "no",
      "fulltext": "",
      "defaultValue": "5000",
      "minValue": "0.0",
      "maxValue": "Infinity",
      "minRecValue": "NA",
      "maxRecValue": "NA",
      "kind": "optional",
      "options": []
    },
    {
      "summary": "Maximum ADVI iterations in subsequent epochs.",
      "name": "--max-advi-iter-subsequent-epochs",
      "synonyms": "NA",
      "type": "int",
      "required": "no",
      "fulltext": "",
      "defaultValue": "200",
      "minValue": "0.0",
      "maxValue": "Infinity",
      "minRecValue": "NA",
      "maxRecValue": "NA",
      "kind": "optional",
      "options": []
    },
    {
      "summary": "Maximum number of bias factors.",
      "name": "--max-bias-factors",
      "synonyms": "NA",
      "type": "int",
      "required": "no",
      "fulltext": "",
      "defaultValue": "5",
      "minValue": "0.0",
      "maxValue": "Infinity",
      "minRecValue": "NA",
      "maxRecValue": "NA",
      "kind": "optional",
      "options": []
    },
    {
      "summary": "Maximum number of internal self-consistency iterations within each calling step.",
      "name": "--max-calling-iters",
      "synonyms": "NA",
      "type": "int",
      "required": "no",
      "fulltext": "",
      "defaultValue": "10",
      "minValue": "0.0",
      "maxValue": "Infinity",
      "minRecValue": "NA",
      "maxRecValue": "NA",
      "kind": "optional",
      "options": []
    },
    {
      "summary": "Highest allowed copy-number state.",
      "name": "--max-copy-number",
      "synonyms": "NA",
      "type": "int",
      "required": "no",
      "fulltext": "",
      "defaultValue": "5",
      "minValue": "0.0",
      "maxValue": "Infinity",
      "minRecValue": "NA",
      "maxRecValue": "NA",
      "kind": "optional",
      "options": []
    },
    {
      "summary": "Maximum number of training epochs.",
      "name": "--max-training-epochs",
      "synonyms": "NA",
      "type": "int",
      "required": "no",
      "fulltext": "",
      "defaultValue": "50",
      "minValue": "0.0",
      "maxValue": "Infinity",
      "minRecValue": "NA",
      "maxRecValue": "NA",
      "kind": "optional",
      "options": []
    },
    {
      "summary": "Minimum number of training epochs.",
      "name": "--min-training-epochs",
      "synonyms": "NA",
      "type": "int",
      "required": "no",
      "fulltext": "",
      "defaultValue": "10",
      "minValue": "0.0",
      "maxValue": "Infinity",
      "minRecValue": "NA",
      "maxRecValue": "NA",
      "kind": "optional",
      "options": []
    },
    {
      "summary": "Input denoising-model directory. In COHORT mode, this argument is optional; if provided,a new model will be built using this input model to initialize. In CASE mode, this argument is required and the denoising model parameters are set to this input model.",
      "name": "--model",
      "synonyms": "NA",
      "type": "File",
      "required": "no",
      "fulltext": "",
      "defaultValue": "null",
      "minValue": "NA",
      "maxValue": "NA",
      "minRecValue": "NA",
      "maxRecValue": "NA",
      "kind": "optional",
      "options": []
    },
    {
      "summary": "Number of bins used to represent the GC-bias curves.",
      "name": "--num-gc-bins",
      "synonyms": "NA",
      "type": "int",
      "required": "no",
      "fulltext": "",
      "defaultValue": "20",
      "minValue": "2.0",
      "maxValue": "Infinity",
      "minRecValue": "NA",
      "maxRecValue": "NA",
      "kind": "optional",
      "options": []
    },
    {
      "summary": "Number of thermal ADVI iterations (for DA-ADVI).",
      "name": "--num-thermal-advi-iters",
      "synonyms": "NA",
      "type": "int",
      "required": "no",
      "fulltext": "",
      "defaultValue": "2500",
      "minValue": "0.0",
      "maxValue": "Infinity",
      "minRecValue": "NA",
      "maxRecValue": "NA",
      "kind": "optional",
      "options": []
    },
    {
      "summary": "Output directory.  This will be created if it does not exist.",
      "name": "--output",
      "synonyms": "-O",
      "type": "File",
      "required": "yes",
      "fulltext": "",
      "defaultValue": "null",
      "minValue": "NA",
      "maxValue": "NA",
      "minRecValue": "NA",
      "maxRecValue": "NA",
      "kind": "required",
      "options": []
    },
    {
      "summary": "Prefix for output filenames.",
      "name": "--output-prefix",
      "synonyms": "NA",
      "type": "String",
      "required": "yes",
      "fulltext": "",
      "defaultValue": "null",
      "minValue": "NA",
      "maxValue": "NA",
      "minRecValue": "NA",
      "maxRecValue": "NA",
      "kind": "required",
      "options": []
    },
    {
      "summary": "Prior probability of treating an interval as CNV-active (in a CNV-active domains, all copy-number states are equally likely to be called).",
      "name": "--p-active",
      "synonyms": "NA",
      "type": "double",
      "required": "no",
      "fulltext": "",
      "defaultValue": "0.01",
      "minValue": "0.0",
      "maxValue": "1.0",
      "minRecValue": "NA",
      "maxRecValue": "NA",
      "kind": "optional",
      "options": []
    },
    {
      "summary": "Total prior probability of alternative copy-number states (the reference copy-number is set to the contig integer ploidy)",
      "name": "--p-alt",
      "synonyms": "NA",
      "type": "double",
      "required": "no",
      "fulltext": "",
      "defaultValue": "1.0E-6",
      "minValue": "0.0",
      "maxValue": "1.0",
      "minRecValue": "NA",
      "maxRecValue": "NA",
      "kind": "optional",
      "options": []
    },
    {
      "summary": "Whether to suppress job-summary info on System.err.",
      "name": "--QUIET",
      "synonyms": "NA",
      "type": "Boolean",
      "required": "no",
      "fulltext": "",
      "defaultValue": "false",
      "minValue": "NA",
      "maxValue": "NA",
      "minRecValue": "NA",
      "maxRecValue": "NA",
      "kind": "common",
      "options": []
    },
    {
      "summary": "Tool run-mode.",
      "name": "--run-mode",
      "synonyms": "NA",
      "type": "RunMode",
      "required": "yes",
      "fulltext": "",
      "defaultValue": "null",
      "minValue": "NA",
      "maxValue": "NA",
      "minRecValue": "NA",
      "maxRecValue": "NA",
      "kind": "required",
      "options": [
        {
          "summary": "",
          "name": "COHORT"
        },
        {
          "summary": "",
          "name": "CASE"
        }
      ]
    },
    {
      "summary": "Typical scale of sample-specific correction to the unexplained variance.",
      "name": "--sample-psi-scale",
      "synonyms": "NA",
      "type": "double",
      "required": "no",
      "fulltext": "",
      "defaultValue": "1.0E-4",
      "minValue": "0.0",
      "maxValue": "Infinity",
      "minRecValue": "NA",
      "maxRecValue": "NA",
      "kind": "optional",
      "options": []
    },
    {
      "summary": "display hidden arguments",
      "name": "--showHidden",
      "synonyms": "-showHidden",
      "type": "boolean",
      "required": "no",
      "fulltext": "",
      "defaultValue": "false",
      "minValue": "NA",
      "maxValue": "NA",
      "minRecValue": "NA",
      "maxRecValue": "NA",
      "kind": "advanced",
      "options": []
    },
    {
      "summary": "Temp directory to use.",
      "name": "--tmp-dir",
      "synonyms": "NA",
      "type": "GATKPathSpecifier",
      "required": "no",
      "fulltext": "",
      "defaultValue": "null",
      "minValue": "NA",
      "maxValue": "NA",
      "minRecValue": "NA",
      "maxRecValue": "NA",
      "kind": "common",
      "options": []
    },
    {
      "summary": "Whether to use the JdkDeflater (as opposed to IntelDeflater)",
      "name": "--use-jdk-deflater",
      "synonyms": "-jdk-deflater",
      "type": "boolean",
      "required": "no",
      "fulltext": "",
      "defaultValue": "false",
      "minValue": "NA",
      "maxValue": "NA",
      "minRecValue": "NA",
      "maxRecValue": "NA",
      "kind": "common",
      "options": []
    },
    {
      "summary": "Whether to use the JdkInflater (as opposed to IntelInflater)",
      "name": "--use-jdk-inflater",
      "synonyms": "-jdk-inflater",
      "type": "boolean",
      "required": "no",
      "fulltext": "",
      "defaultValue": "false",
      "minValue": "NA",
      "maxValue": "NA",
      "minRecValue": "NA",
      "maxRecValue": "NA",
      "kind": "common",
      "options": []
    },
    {
      "summary": "Control verbosity of logging.",
      "name": "--verbosity",
      "synonyms": "-verbosity",
      "type": "LogLevel",
      "required": "no",
      "fulltext": "",
      "defaultValue": "INFO",
      "minValue": "NA",
      "maxValue": "NA",
      "minRecValue": "NA",
      "maxRecValue": "NA",
      "kind": "common",
      "options": [
        {
          "summary": "",
          "name": "ERROR"
        },
        {
          "summary": "",
          "name": "WARNING"
        },
        {
          "summary": "",
          "name": "INFO"
        },
        {
          "summary": "",
          "name": "DEBUG"
        }
      ]
    },
    {
      "summary": "display the version number for this tool",
      "name": "--version",
      "synonyms": "NA",
      "type": "boolean",
      "required": "no",
      "fulltext": "",
      "defaultValue": "false",
      "minValue": "NA",
      "maxValue": "NA",
      "minRecValue": "NA",
      "maxRecValue": "NA",
      "kind": "optional",
      "options": []
    }
  ],
  "description": "Calls copy-number variants in germline samples given their counts and the corresponding output of\n DetermineGermlineContigPloidy. The former should be either HDF5 or TSV count files generated by\n CollectReadCounts.\n\n \u003ch3\u003eIntroduction\u003c/h3\u003e\n\n \u003cp\u003eReliable detection of copy-number variation (CNV) from read-depth (\"coverage\" or \"counts\") data such as whole\n exome sequencing (WES), whole genome sequencing (WGS), and custom gene sequencing panels requires a comprehensive\n model to account for technical variation in library preparation and sequencing. The Bayesian model and the associated\n inference scheme implemented in GermlineCNVCaller includes provisions for inferring and explaining away much\n of the technical variation. Furthermore, CNV calling confidence is automatically adjusted for each sample and\n genomic interval.\n\n \u003cp\u003eThe parameters of the probabilistic model for read-depth bias and variance estimation (hereafter, \"the coverage\n model\") can be automatically inferred by GermlineCNVCaller by providing a cohort of germline samples\n sequenced using the same sequencing platform and library preparation protocol (in case of WES, the same capture\n kit). We refer to this run mode of the tool as the \u003cb\u003eCOHORT\u003c/b\u003e mode. The number of samples required for the\n COHORT mode depends on several factors such as the sequencing depth, tissue type/quality and similarity in the cohort,\n and the stringency of following the library preparation and sequencing protocols. For WES and WGS samples, we\n recommend including at least 30 samples.\u003c/p\u003e\n\n \u003cp\u003eThe parametrized coverage model can be used for CNV calling on future case samples provided that they are\n strictly compatible with the cohort used to generate the model parameters (in terms of tissue type(s), library\n preparation and sequencing protocols). We refer to this mode as the \u003cb\u003eCASE\u003c/b\u003e run mode. There is no lower\n limit on the number of samples for running GermlineCNVCaller in CASE mode.\u003c/p\u003e\n\n \u003cp\u003eIn both tool run modes, GermlineCNVCaller requires karyotyping and global read-depth information for\n all samples. Such information can be automatically generated by running DetermineGermlineContigPloidy\n on all samples, and passed on to GermlineCNVCaller by providing the ploidy output calls using the argument\n contig-ploidy-calls. The ploidy state of a contig is used as the \u003cem\u003ebaseline\u003c/em\u003e\n (\"default\") copy-number state of all intervals contained in that contig for the corresponding sample. All other\n copy-number states are treated as alternative states and get equal shares from the total alternative state\n probability (set using the p-alt argument).\u003c/p\u003e\n\n \u003ch3\u003ePython environment setup\u003c/h3\u003e\n\n \u003cp\u003eThe computation done by this tool, aside from input data parsing and validation, is performed outside of the Java\n Virtual Machine and using the \u003cem\u003egCNV computational python module\u003c/em\u003e, namely gcnvkernel. It is crucial that\n the user has properly set up a python conda environment with gcnvkernel and its dependencies\n installed. If the user intends to run GermlineCNVCaller using one of the official GATK Docker images,\n the python environment is already set up. Otherwise, the environment must be created and activated as described in the\n main GATK README.md file.\u003c/p\u003e\n\n \u003ch3\u003eTool run modes\u003c/h3\u003e\n \u003cdl\u003e\n     \u003cdt\u003eCOHORT mode:\u003c/dt\u003e\n     \u003cdd\u003e\u003cp\u003eThe tool will be run in COHORT mode using the argument run-mode COHORT.\n      In this mode, coverage model parameters are inferred simultaneously with the CNV states. Depending on\n      available memory, it may be necessary to run the tool over a subset of all intervals, which can be specified\n      by -L; this can be used to pass a filtered interval list produced by FilterIntervals to mask\n      intervals from modeling. The specified intervals must be present in all of the input count files. The output\n      will contain two subdirectories, one ending with \"-model\" and the other with \"-calls\".\u003c/p\u003e\n\n      \u003cp\u003eThe model subdirectory contains a snapshot of the inferred parameters of the coverage model, which may be\n      used later for CNV calling in one or more similarly-sequenced samples as mentioned earlier. Optionally, the path\n      to a previously obtained coverage model parametrization can be provided via the model argument\n      in COHORT mode, in which case, the provided parameters will be only used for model initialization and\n      a new parametrization will be generated based on the input count files. Furthermore, the genomic intervals are\n      set to those used in creating the previous parametrization and interval-related arguments will be ignored.\n      Note that the newly obtained parametrization ultimately reflects the input count files from the last run,\n      regardless of whether or not an initialization parameter set is given. If the users wishes to model coverage\n      data from two or more cohorts simultaneously, all of the input counts files must be given to the tool at once.\n\n      \u003cp\u003eThe calls subdirectory contains sequentially-ordered subdirectories for each sample, each listing various\n      sample-specific estimated quantities such as the probability of various copy-number states for each interval,\n      a parametrization of the GC curve, sample-specific unexplained variance, read-depth, and loadings of\n      coverage bias factors.\u003c/p\u003e\u003c/dd\u003e\n\n     \u003cdt\u003eCASE mode:\u003c/dt\u003e\n     \u003cdd\u003e\u003cp\u003eThe tool will be run in CASE mode using the argument run-mode CASE. The path to a previously\n     obtained model directory must be provided via the model argument in this mode. The modeled intervals are\n     then specified by a file contained in the model directory, all interval-related arguments are ignored in this\n     mode, and all model intervals must be present in all of the input count files. The tool output in CASE mode\n     is only the \"-calls\" subdirectory and is organized similarly to that in COHORT mode.\u003c/p\u003e\n\n      \u003cp\u003eNote that at the moment, this tool does not automatically verify the compatibility of the provided parametrization\n      with the provided count files. Model compatibility may be assessed a posteriori by inspecting the magnitude of\n      sample-specific unexplained variance of each sample, and asserting that they lie within the same range as\n      those obtained from the cohort used to generate the parametrization. This manual step is expected to be made\n      automatic in the future.\u003c/p\u003e\n \u003c/dl\u003e\n\n \u003ch3\u003eImportant Remarks\u003c/h3\u003e\n \u003cdl\u003e\n     \u003cdt\u003eChoice of hyperparameters:\u003c/dt\u003e\n     \u003cdd\u003e\u003cp\u003eThe quality of coverage model parametrization and the sensitivity/precision of germline CNV calling are\n     sensitive to the choice of model hyperparameters, including the prior probability of alternative copy-number states\n     (set using the p-alt argument), prevalence of active (i.e. CNV-rich) intervals (set via the\n     p-active argument), the coherence length of CNV events and active/silent domains\n     across intervals (set using the cnv-coherence-length and class-coherence-length arguments,\n     respectively), and the typical scale of interval- and sample-specific unexplained variance\n     (set using the interval-psi-scale and sample-psi-scale arguments, respectively). It is crucial\n     to note that these hyperparameters are \u003cem\u003enot\u003c/em\u003e universal and must be tuned for each sequencing protocol\n     and properly set at runtime.\u003c/p\u003e\u003c/dd\u003e\n\n     \u003cdt\u003eRunning GermlineCNVCaller on a subset of intervals:\u003c/dt\u003e\n     \u003cdd\u003e\u003cp\u003eAs mentioned earlier, it may be necessary to run the tool over a subset of all intervals depending on\n     available memory. The number of intervals must be large enough to include a genomically diverse set of regions\n     for reliable inference of the GC bias curve, as well as other bias factors. For WES and WGS, we recommend no less\n     than 10000 consecutive intervals spanning at least 10 - 50 mb.\u003c/p\u003e\u003c/dd\u003e\n\n     \u003cdt\u003eMemory requirements for the python subprocess (\"gcnvkernel\"):\u003c/dt\u003e\n     \u003cdd\u003e\u003cp\u003eThe computation done by this tool, for the most part, is performed outside of JVM and via a spawned\n     python subprocess. The Java heap memory is only used for loading sample counts and preparing raw data for the\n     python subprocess. The user must ensure that the machine has enough free physical memory for spawning and executing\n     the python subprocess. Generally speaking, the resource requirements of this tool scale linearly with each of the\n     number of samples, the number of modeled intervals, the highest copy number state, the number of bias factors, and\n     the number of knobs on the GC curve. For example, the python subprocess requires approximately 16GB of physical memory\n     for modeling 10000 intervals for 100 samples, with 16 maximum bias factors, maximum copy-number state of 10, and\n     explicit GC bias modeling.\u003c/p\u003e\u003c/dd\u003e\n \u003c/dl\u003e\n\n \u003ch3\u003eUsage examples\u003c/h3\u003e\n\n \u003cp\u003eCOHORT mode:\u003c/p\u003e\n \u003cpre\u003e\n gatk GermlineCNVCaller \\\n   --run-mode COHORT \\\n   -L intervals.interval_list \\\n   --interval-merging-rule OVERLAPPING_ONLY \\\n   --contig-ploidy-calls path_to_contig_ploidy_calls \\\n   --input normal_1.counts.hdf5 \\\n   --input normal_2.counts.hdf5 \\\n   ... \\\n   --output output_dir \\\n   --output-prefix normal_cohort_run\n \u003c/pre\u003e\n\n \u003cp\u003eCASE mode:\u003c/p\u003e\n \u003cpre\u003e\n gatk GermlineCNVCaller \\\n   --run-mode CASE \\\n   --contig-ploidy-calls path_to_contig_ploidy_calls \\\n   --model previous_model_path \\\n   --input normal_1.counts.hdf5 \\\n   ... \\\n   --output output_dir \\\n   --output-prefix normal_case_run\n \u003c/pre\u003e",
  "name": "GermlineCNVCaller",
  "group": "Copy Number Variant Discovery",
  "beta": false,
  "experimental": false
}