{
  "summary": "Calls copy-ratio segments as amplified, deleted, or copy-number neutral",
  "arguments": [
    {
      "summary": "read one or more arguments files and add them to the command line",
      "name": "--arguments_file",
      "synonyms": "NA",
      "type": "List[File]",
      "required": "no",
      "fulltext": "",
      "defaultValue": "[]",
      "minValue": "NA",
      "maxValue": "NA",
      "minRecValue": "NA",
      "maxRecValue": "NA",
      "kind": "optional",
      "options": []
    },
    {
      "summary": "Threshold on z-score of non-log2 copy ratio used for calling segments.",
      "name": "--calling-copy-ratio-z-score-threshold",
      "synonyms": "NA",
      "type": "double",
      "required": "no",
      "fulltext": "",
      "defaultValue": "2.0",
      "minValue": "0.0",
      "maxValue": "Infinity",
      "minRecValue": "NA",
      "maxRecValue": "NA",
      "kind": "optional",
      "options": []
    },
    {
      "summary": "A configuration file to use with the GATK.",
      "name": "--gatk-config-file",
      "synonyms": "NA",
      "type": "String",
      "required": "no",
      "fulltext": "",
      "defaultValue": "null",
      "minValue": "NA",
      "maxValue": "NA",
      "minRecValue": "NA",
      "maxRecValue": "NA",
      "kind": "common",
      "options": []
    },
    {
      "summary": "If the GCS bucket channel errors out, how many times it will attempt to re-initiate the connection",
      "name": "--gcs-max-retries",
      "synonyms": "-gcs-retries",
      "type": "int",
      "required": "no",
      "fulltext": "",
      "defaultValue": "20",
      "minValue": "-Infinity",
      "maxValue": "Infinity",
      "minRecValue": "NA",
      "maxRecValue": "NA",
      "kind": "optional",
      "options": []
    },
    {
      "summary": "Project to bill when accessing \"requester pays\" buckets. If unset, these buckets cannot be accessed.",
      "name": "--gcs-project-for-requester-pays",
      "synonyms": "NA",
      "type": "String",
      "required": "no",
      "fulltext": "",
      "defaultValue": "\"\"",
      "minValue": "NA",
      "maxValue": "NA",
      "minRecValue": "NA",
      "maxRecValue": "NA",
      "kind": "optional",
      "options": []
    },
    {
      "summary": "display the help message",
      "name": "--help",
      "synonyms": "-h",
      "type": "boolean",
      "required": "no",
      "fulltext": "",
      "defaultValue": "false",
      "minValue": "NA",
      "maxValue": "NA",
      "minRecValue": "NA",
      "maxRecValue": "NA",
      "kind": "optional",
      "options": []
    },
    {
      "summary": "Input file containing copy-ratio segments (.cr.seg output of ModelSegments).",
      "name": "--input",
      "synonyms": "-I",
      "type": "File",
      "required": "yes",
      "fulltext": "",
      "defaultValue": "null",
      "minValue": "NA",
      "maxValue": "NA",
      "minRecValue": "NA",
      "maxRecValue": "NA",
      "kind": "required",
      "options": []
    },
    {
      "summary": "Lower bound on non-log2 copy ratio used for determining copy-neutral segments.",
      "name": "--neutral-segment-copy-ratio-lower-bound",
      "synonyms": "NA",
      "type": "double",
      "required": "no",
      "fulltext": "",
      "defaultValue": "0.9",
      "minValue": "0.0",
      "maxValue": "Infinity",
      "minRecValue": "NA",
      "maxRecValue": "NA",
      "kind": "optional",
      "options": []
    },
    {
      "summary": "Upper bound on non-log2 copy ratio used for determining copy-neutral segments.",
      "name": "--neutral-segment-copy-ratio-upper-bound",
      "synonyms": "NA",
      "type": "double",
      "required": "no",
      "fulltext": "",
      "defaultValue": "1.1",
      "minValue": "0.0",
      "maxValue": "Infinity",
      "minRecValue": "NA",
      "maxRecValue": "NA",
      "kind": "optional",
      "options": []
    },
    {
      "summary": "Threshold on z-score of non-log2 copy ratio used for determining outlier copy-neutral segments.  If non-log2 copy ratio z-score is above this threshold for a copy-neutral segment, it is considered an outlier and not used in the calculation of the length-weighted mean and standard deviation used for calling.",
      "name": "--outlier-neutral-segment-copy-ratio-z-score-threshold",
      "synonyms": "NA",
      "type": "double",
      "required": "no",
      "fulltext": "",
      "defaultValue": "2.0",
      "minValue": "0.0",
      "maxValue": "Infinity",
      "minRecValue": "NA",
      "maxRecValue": "NA",
      "kind": "optional",
      "options": []
    },
    {
      "summary": "Output file for called copy-ratio segments.",
      "name": "--output",
      "synonyms": "-O",
      "type": "File",
      "required": "yes",
      "fulltext": "",
      "defaultValue": "null",
      "minValue": "NA",
      "maxValue": "NA",
      "minRecValue": "NA",
      "maxRecValue": "NA",
      "kind": "required",
      "options": []
    },
    {
      "summary": "Whether to suppress job-summary info on System.err.",
      "name": "--QUIET",
      "synonyms": "NA",
      "type": "Boolean",
      "required": "no",
      "fulltext": "",
      "defaultValue": "false",
      "minValue": "NA",
      "maxValue": "NA",
      "minRecValue": "NA",
      "maxRecValue": "NA",
      "kind": "common",
      "options": []
    },
    {
      "summary": "display hidden arguments",
      "name": "--showHidden",
      "synonyms": "-showHidden",
      "type": "boolean",
      "required": "no",
      "fulltext": "",
      "defaultValue": "false",
      "minValue": "NA",
      "maxValue": "NA",
      "minRecValue": "NA",
      "maxRecValue": "NA",
      "kind": "advanced",
      "options": []
    },
    {
      "summary": "Temp directory to use.",
      "name": "--tmp-dir",
      "synonyms": "NA",
      "type": "GATKPathSpecifier",
      "required": "no",
      "fulltext": "",
      "defaultValue": "null",
      "minValue": "NA",
      "maxValue": "NA",
      "minRecValue": "NA",
      "maxRecValue": "NA",
      "kind": "common",
      "options": []
    },
    {
      "summary": "Whether to use the JdkDeflater (as opposed to IntelDeflater)",
      "name": "--use-jdk-deflater",
      "synonyms": "-jdk-deflater",
      "type": "boolean",
      "required": "no",
      "fulltext": "",
      "defaultValue": "false",
      "minValue": "NA",
      "maxValue": "NA",
      "minRecValue": "NA",
      "maxRecValue": "NA",
      "kind": "common",
      "options": []
    },
    {
      "summary": "Whether to use the JdkInflater (as opposed to IntelInflater)",
      "name": "--use-jdk-inflater",
      "synonyms": "-jdk-inflater",
      "type": "boolean",
      "required": "no",
      "fulltext": "",
      "defaultValue": "false",
      "minValue": "NA",
      "maxValue": "NA",
      "minRecValue": "NA",
      "maxRecValue": "NA",
      "kind": "common",
      "options": []
    },
    {
      "summary": "Control verbosity of logging.",
      "name": "--verbosity",
      "synonyms": "-verbosity",
      "type": "LogLevel",
      "required": "no",
      "fulltext": "",
      "defaultValue": "INFO",
      "minValue": "NA",
      "maxValue": "NA",
      "minRecValue": "NA",
      "maxRecValue": "NA",
      "kind": "common",
      "options": [
        {
          "summary": "",
          "name": "ERROR"
        },
        {
          "summary": "",
          "name": "WARNING"
        },
        {
          "summary": "",
          "name": "INFO"
        },
        {
          "summary": "",
          "name": "DEBUG"
        }
      ]
    },
    {
      "summary": "display the version number for this tool",
      "name": "--version",
      "synonyms": "NA",
      "type": "boolean",
      "required": "no",
      "fulltext": "",
      "defaultValue": "false",
      "minValue": "NA",
      "maxValue": "NA",
      "minRecValue": "NA",
      "maxRecValue": "NA",
      "kind": "optional",
      "options": []
    }
  ],
  "description": "Calls copy-ratio segments as amplified, deleted, or copy-number neutral.\n\n \u003cp\u003e\n     This is a relatively naive caller that takes the modeled-segments output of ModelSegments and\n     performs a simple statistical test on the segmented log2 copy ratios to call amplifications and deletions,\n     given a specified range for determining copy-number neutral segments.  This caller is\n     based on the calling functionality of\n     \u003ca href\u003d\"https://gatkforums.broadinstitute.org/gatk/discussion/5640/recapseg-overview\"\u003eReCapSeg\u003c/a\u003e.\n \u003c/p\u003e\n\n \u003cp\u003e\n     If provided ModelSegments results that incorporate allele-fraction data, i.e. data with presumably improved segmentation,\n     the statistical test performed by CallCopyRatioSegments ignores the modeled minor-allele fractions when making calls.\n \u003c/p\u003e\n\n \u003ch3\u003eInput\u003c/h3\u003e\n\n \u003cul\u003e\n     \u003cli\u003e\n         Copy-ratio-segments .cr.seg file from ModelSegments.\n         This is a tab-separated values (TSV) file with a SAM-style header containing a read group sample name, a sequence dictionary,\n         a row specifying the column headers contained in CopyRatioSegmentCollection.CopyRatioSegmentTableColumn,\n         and the corresponding entry rows.\n     \u003c/li\u003e\n \u003c/ul\u003e\n\n \u003ch3\u003eOutput\u003c/h3\u003e\n\n \u003cul\u003e\n     \u003cli\u003e\n         Called copy-ratio-segments file.\n         This is a tab-separated values (TSV) file with a SAM-style header containing a read group sample name, a sequence dictionary,\n         a row specifying the column headers contained in CalledCopyRatioSegmentCollection.CalledCopyRatioSegmentTableColumn,\n         and the corresponding entry rows.\n     \u003c/li\u003e\n     \u003cli\u003e\n         CBS-formatted .igv.seg file (compatible with IGV).\n         This is a tab-separated values (TSV) file with CBS-format column headers\n         (see \u003ca href\u003d\"http://software.broadinstitute.org/cancer/software/genepattern/file-formats-guide#CBS\"\u003e\n             http://software.broadinstitute.org/cancer/software/genepattern/file-formats-guide#CBS\u003c/a\u003e)\n         and the corresponding entry rows that can be plotted using IGV (see\n         \u003ca href\u003d\"https://software.broadinstitute.org/software/igv/SEG\"\u003e\n             https://software.broadinstitute.org/software/igv/SEG\u003c/a\u003e).\n         The mean log2 copy ratio is given in the SEGMENT_MEAN column.\n     \u003c/li\u003e\n \u003c/ul\u003e\n\n \u003ch3\u003eUsage example\u003c/h3\u003e\n\n \u003cpre\u003e\n     gatk CallCopyRatioSegments \\\n          -I tumor.cr.seg \\\n          -O tumor.called.seg\n \u003c/pre\u003e",
  "name": "CallCopyRatioSegments",
  "group": "Copy Number Variant Discovery",
  "beta": false,
  "experimental": false
}