{
  "summary": "Denoises read counts to produce denoised copy ratios",
  "arguments": [
    {
      "summary": "Input file containing annotations for GC content in genomic intervals (output of AnnotateIntervals).  Intervals must be identical to and in the same order as those in the input read-counts file.  If a panel of normals is provided, this input will be ignored.",
      "name": "--annotated-intervals",
      "synonyms": "NA",
      "type": "File",
      "required": "no",
      "fulltext": "",
      "defaultValue": "null",
      "minValue": "NA",
      "maxValue": "NA",
      "minRecValue": "NA",
      "maxRecValue": "NA",
      "kind": "optional",
      "options": []
    },
    {
      "summary": "read one or more arguments files and add them to the command line",
      "name": "--arguments_file",
      "synonyms": "NA",
      "type": "List[File]",
      "required": "no",
      "fulltext": "",
      "defaultValue": "[]",
      "minValue": "NA",
      "maxValue": "NA",
      "minRecValue": "NA",
      "maxRecValue": "NA",
      "kind": "optional",
      "options": []
    },
    {
      "summary": "Input HDF5 file containing the panel of normals (output of CreateReadCountPanelOfNormals).",
      "name": "--count-panel-of-normals",
      "synonyms": "NA",
      "type": "File",
      "required": "no",
      "fulltext": "",
      "defaultValue": "null",
      "minValue": "NA",
      "maxValue": "NA",
      "minRecValue": "NA",
      "maxRecValue": "NA",
      "kind": "optional",
      "options": []
    },
    {
      "summary": "Output file for denoised copy ratios.",
      "name": "--denoised-copy-ratios",
      "synonyms": "NA",
      "type": "File",
      "required": "yes",
      "fulltext": "",
      "defaultValue": "null",
      "minValue": "NA",
      "maxValue": "NA",
      "minRecValue": "NA",
      "maxRecValue": "NA",
      "kind": "required",
      "options": []
    },
    {
      "summary": "A configuration file to use with the GATK.",
      "name": "--gatk-config-file",
      "synonyms": "NA",
      "type": "String",
      "required": "no",
      "fulltext": "",
      "defaultValue": "null",
      "minValue": "NA",
      "maxValue": "NA",
      "minRecValue": "NA",
      "maxRecValue": "NA",
      "kind": "common",
      "options": []
    },
    {
      "summary": "If the GCS bucket channel errors out, how many times it will attempt to re-initiate the connection",
      "name": "--gcs-max-retries",
      "synonyms": "-gcs-retries",
      "type": "int",
      "required": "no",
      "fulltext": "",
      "defaultValue": "20",
      "minValue": "-Infinity",
      "maxValue": "Infinity",
      "minRecValue": "NA",
      "maxRecValue": "NA",
      "kind": "optional",
      "options": []
    },
    {
      "summary": "Project to bill when accessing \"requester pays\" buckets. If unset, these buckets cannot be accessed.",
      "name": "--gcs-project-for-requester-pays",
      "synonyms": "NA",
      "type": "String",
      "required": "no",
      "fulltext": "",
      "defaultValue": "\"\"",
      "minValue": "NA",
      "maxValue": "NA",
      "minRecValue": "NA",
      "maxRecValue": "NA",
      "kind": "optional",
      "options": []
    },
    {
      "summary": "display the help message",
      "name": "--help",
      "synonyms": "-h",
      "type": "boolean",
      "required": "no",
      "fulltext": "",
      "defaultValue": "false",
      "minValue": "NA",
      "maxValue": "NA",
      "minRecValue": "NA",
      "maxRecValue": "NA",
      "kind": "optional",
      "options": []
    },
    {
      "summary": "Input TSV or HDF5 file containing integer read counts in genomic intervals for a single case sample (output of CollectReadCounts).",
      "name": "--input",
      "synonyms": "-I",
      "type": "File",
      "required": "yes",
      "fulltext": "",
      "defaultValue": "null",
      "minValue": "NA",
      "maxValue": "NA",
      "minRecValue": "NA",
      "maxRecValue": "NA",
      "kind": "required",
      "options": []
    },
    {
      "summary": "Number of eigensamples to use for denoising.  If not specified or if the number of eigensamples available in the panel of normals is smaller than this, all eigensamples will be used.",
      "name": "--number-of-eigensamples",
      "synonyms": "NA",
      "type": "Integer",
      "required": "no",
      "fulltext": "",
      "defaultValue": "null",
      "minValue": "NA",
      "maxValue": "NA",
      "minRecValue": "NA",
      "maxRecValue": "NA",
      "kind": "optional",
      "options": []
    },
    {
      "summary": "Whether to suppress job-summary info on System.err.",
      "name": "--QUIET",
      "synonyms": "NA",
      "type": "Boolean",
      "required": "no",
      "fulltext": "",
      "defaultValue": "false",
      "minValue": "NA",
      "maxValue": "NA",
      "minRecValue": "NA",
      "maxRecValue": "NA",
      "kind": "common",
      "options": []
    },
    {
      "summary": "display hidden arguments",
      "name": "--showHidden",
      "synonyms": "-showHidden",
      "type": "boolean",
      "required": "no",
      "fulltext": "",
      "defaultValue": "false",
      "minValue": "NA",
      "maxValue": "NA",
      "minRecValue": "NA",
      "maxRecValue": "NA",
      "kind": "advanced",
      "options": []
    },
    {
      "summary": "Output file for standardized copy ratios.  GC-bias correction will be performed if annotations for GC content are provided.",
      "name": "--standardized-copy-ratios",
      "synonyms": "NA",
      "type": "File",
      "required": "yes",
      "fulltext": "",
      "defaultValue": "null",
      "minValue": "NA",
      "maxValue": "NA",
      "minRecValue": "NA",
      "maxRecValue": "NA",
      "kind": "required",
      "options": []
    },
    {
      "summary": "Temp directory to use.",
      "name": "--tmp-dir",
      "synonyms": "NA",
      "type": "GATKPathSpecifier",
      "required": "no",
      "fulltext": "",
      "defaultValue": "null",
      "minValue": "NA",
      "maxValue": "NA",
      "minRecValue": "NA",
      "maxRecValue": "NA",
      "kind": "common",
      "options": []
    },
    {
      "summary": "Whether to use the JdkDeflater (as opposed to IntelDeflater)",
      "name": "--use-jdk-deflater",
      "synonyms": "-jdk-deflater",
      "type": "boolean",
      "required": "no",
      "fulltext": "",
      "defaultValue": "false",
      "minValue": "NA",
      "maxValue": "NA",
      "minRecValue": "NA",
      "maxRecValue": "NA",
      "kind": "common",
      "options": []
    },
    {
      "summary": "Whether to use the JdkInflater (as opposed to IntelInflater)",
      "name": "--use-jdk-inflater",
      "synonyms": "-jdk-inflater",
      "type": "boolean",
      "required": "no",
      "fulltext": "",
      "defaultValue": "false",
      "minValue": "NA",
      "maxValue": "NA",
      "minRecValue": "NA",
      "maxRecValue": "NA",
      "kind": "common",
      "options": []
    },
    {
      "summary": "Control verbosity of logging.",
      "name": "--verbosity",
      "synonyms": "-verbosity",
      "type": "LogLevel",
      "required": "no",
      "fulltext": "",
      "defaultValue": "INFO",
      "minValue": "NA",
      "maxValue": "NA",
      "minRecValue": "NA",
      "maxRecValue": "NA",
      "kind": "common",
      "options": [
        {
          "summary": "",
          "name": "ERROR"
        },
        {
          "summary": "",
          "name": "WARNING"
        },
        {
          "summary": "",
          "name": "INFO"
        },
        {
          "summary": "",
          "name": "DEBUG"
        }
      ]
    },
    {
      "summary": "display the version number for this tool",
      "name": "--version",
      "synonyms": "NA",
      "type": "boolean",
      "required": "no",
      "fulltext": "",
      "defaultValue": "false",
      "minValue": "NA",
      "maxValue": "NA",
      "minRecValue": "NA",
      "maxRecValue": "NA",
      "kind": "optional",
      "options": []
    }
  ],
  "description": "Denoises read counts to produce denoised copy ratios.\n\n \u003cp\u003e\n     Typically, a panel of normals produced by CreateReadCountPanelOfNormals is provided as input.\n     The input counts are then standardized by 1) transforming to fractional coverage,\n     2) performing optional explicit GC-bias correction (if the panel contains GC-content annotated intervals),\n     3) filtering intervals to those contained in the panel, 4) dividing by interval medians contained in the panel,\n     5) dividing by the sample median, and 6) transforming to log2 copy ratio.  The result is then denoised by\n     subtracting the projection onto the specified number of principal components from the panel.\n \u003c/p\u003e\n\n \u003cp\u003e\n     If no panel is provided, then the input counts are instead standardized by 1) transforming to fractional coverage,\n     2) performing optional explicit GC-bias correction (if GC-content annotated intervals are provided),\n     3) dividing by the sample median, and 4) transforming to log2 copy ratio.  No denoising is performed,\n     so the denoised result is simply taken to be identical to the standardized result.\n \u003c/p\u003e\n\n \u003cp\u003e\n     If performed, explicit GC-bias correction is done by GCBiasCorrector.\n \u003c/p\u003e\n\n \u003cp\u003e\n     Note that number-of-eigensamples principal components from the input panel will be used for\n     denoising; if only fewer are available in the panel, then they will all be used.  This parameter can\n     thus be used to control the amount of denoising, which will ultimately affect the sensitivity of the analysis.\n \u003c/p\u003e\n\n \u003cp\u003e\n     See comments for CreateReadCountPanelOfNormals regarding coverage on sex chromosomes.  If sex\n     chromosomes are not excluded from coverage collection, it is strongly recommended that case samples are\n     denoised only with panels containing only individuals of the same sex as the case samples.\n \u003c/p\u003e\n\n \u003ch3\u003eInputs\u003c/h3\u003e\n\n \u003cul\u003e\n     \u003cli\u003e\n         Counts TSV or HDF5 file from CollectReadCounts.\n     \u003c/li\u003e\n     \u003cli\u003e\n         (Optional) Panel-of-normals from CreateReadCountPanelOfNormals.\n         If provided, it will be used to standardize and denoise the input counts.  This may include\n         explicit GC-bias correction if annotated intervals were used to create the panel.\n     \u003c/li\u003e\n     \u003cli\u003e\n         (Optional) GC-content annotated-intervals from AnnotateIntervals.\n         This can be provided in place of a panel of normals to perform explicit GC-bias correction.\n     \u003c/li\u003e\n \u003c/ul\u003e\n\n \u003ch3\u003eOutputs\u003c/h3\u003e\n\n \u003cul\u003e\n     \u003cli\u003e\n         Standardized-copy-ratios file.\n         This is a tab-separated values (TSV) file with a SAM-style header containing a read group sample name, a sequence dictionary,\n         a row specifying the column headers contained in CopyRatioCollection.CopyRatioTableColumn,\n         and the corresponding entry rows.\n     \u003c/li\u003e\n     \u003cli\u003e\n         Denoised-copy-ratios file.\n         This is a tab-separated values (TSV) file with a SAM-style header containing a read group sample name, a sequence dictionary,\n         a row specifying the column headers contained in CopyRatioCollection.CopyRatioTableColumn,\n         and the corresponding entry rows.\n     \u003c/li\u003e\n \u003c/ul\u003e\n\n \u003ch3\u003eUsage examples\u003c/h3\u003e\n\n \u003cpre\u003e\n     gatk DenoiseReadCounts \\\n          -I sample.counts.hdf5 \\\n          --count-panel-of-normals panel_of_normals.pon.hdf5 \\\n          --standardized-copy-ratios sample.standardizedCR.tsv \\\n          --denoised-copy-ratios sample.denoisedCR.tsv\n \u003c/pre\u003e\n\n \u003cpre\u003e\n     gatk DenoiseReadCounts \\\n          -I sample.counts.hdf5 \\\n          --annotated-intervals annotated_intervals.tsv \\\n          --standardized-copy-ratios sample.standardizedCR.tsv \\\n          --denoised-copy-ratios sample.denoisedCR.tsv\n \u003c/pre\u003e\n\n \u003cpre\u003e\n     gatk DenoiseReadCounts \\\n          -I sample.counts.hdf5 \\\n          --standardized-copy-ratios sample.standardizedCR.tsv \\\n          --denoised-copy-ratios sample.denoisedCR.tsv\n \u003c/pre\u003e",
  "name": "DenoiseReadCounts",
  "group": "Copy Number Variant Discovery",
  "beta": false,
  "experimental": false
}