{
  "summary": "Tandem repeat unit composition and counts per allele (STR, RU, RPA)",
  "arguments": [],
  "description": "Tandem repeat unit composition and counts per allele\n\n \u003cp\u003eThis annotation tags variants that fall within tandem repeat sets. It also provides the composition of the tandem repeat units and the number of times they are repeated for each allele (including the REF allele).\u003c/p\u003e\n\n \u003cp\u003eA tandem repeat unit is composed of one or more nucleotides that are repeated multiple times in series. Repetitive sequences are difficult to map to the reference because they are associated with multiple alignment possibilities. Knowing the number of repeat units in a set of tandem repeats tells you the number of different positions the tandem repeat can be placed in. The observation of many tandem repeat units multiplies the number of possible representations that can be made of the region.\n\n \u003ch3\u003eCaveat\u003c/h3\u003e\n \u003cul\u003e\n     \u003cli\u003eThis annotation is currently not compatible with HaplotypeCaller.\u003c/li\u003e\n \u003c/ul\u003e",
  "name": "TandemRepeat",
  "group": "Variant Annotations",
  "beta": false,
  "experimental": false
}