{
  "summary": "Create a Hadoop BAM splitting index",
  "arguments": [
    {
      "summary": "read one or more arguments files and add them to the command line",
      "name": "--arguments_file",
      "synonyms": "NA",
      "type": "List[File]",
      "required": "no",
      "fulltext": "",
      "defaultValue": "[]",
      "minValue": "NA",
      "maxValue": "NA",
      "minRecValue": "NA",
      "maxRecValue": "NA",
      "kind": "optional",
      "options": []
    },
    {
      "summary": "Set this to create a bai index at the same time as creating a splitting index",
      "name": "--create-bai",
      "synonyms": "NA",
      "type": "boolean",
      "required": "no",
      "fulltext": "",
      "defaultValue": "false",
      "minValue": "NA",
      "maxValue": "NA",
      "minRecValue": "NA",
      "maxRecValue": "NA",
      "kind": "optional",
      "options": []
    },
    {
      "summary": "A configuration file to use with the GATK.",
      "name": "--gatk-config-file",
      "synonyms": "NA",
      "type": "String",
      "required": "no",
      "fulltext": "",
      "defaultValue": "null",
      "minValue": "NA",
      "maxValue": "NA",
      "minRecValue": "NA",
      "maxRecValue": "NA",
      "kind": "common",
      "options": []
    },
    {
      "summary": "If the GCS bucket channel errors out, how many times it will attempt to re-initiate the connection",
      "name": "--gcs-max-retries",
      "synonyms": "-gcs-retries",
      "type": "int",
      "required": "no",
      "fulltext": "",
      "defaultValue": "20",
      "minValue": "-Infinity",
      "maxValue": "Infinity",
      "minRecValue": "NA",
      "maxRecValue": "NA",
      "kind": "optional",
      "options": []
    },
    {
      "summary": "Project to bill when accessing \"requester pays\" buckets. If unset, these buckets cannot be accessed.",
      "name": "--gcs-project-for-requester-pays",
      "synonyms": "NA",
      "type": "String",
      "required": "no",
      "fulltext": "",
      "defaultValue": "\"\"",
      "minValue": "NA",
      "maxValue": "NA",
      "minRecValue": "NA",
      "maxRecValue": "NA",
      "kind": "optional",
      "options": []
    },
    {
      "summary": "display the help message",
      "name": "--help",
      "synonyms": "-h",
      "type": "boolean",
      "required": "no",
      "fulltext": "",
      "defaultValue": "false",
      "minValue": "NA",
      "maxValue": "NA",
      "minRecValue": "NA",
      "maxRecValue": "NA",
      "kind": "optional",
      "options": []
    },
    {
      "summary": "BAM file to create a HadoopBam splitting index for",
      "name": "--input",
      "synonyms": "-I",
      "type": "File",
      "required": "yes",
      "fulltext": "",
      "defaultValue": "null",
      "minValue": "NA",
      "maxValue": "NA",
      "minRecValue": "NA",
      "maxRecValue": "NA",
      "kind": "required",
      "options": []
    },
    {
      "summary": "The splitting index (SBI) file. If this is unspecified an index will be created with the same name as the input file but with the additional extension .sbi",
      "name": "--output",
      "synonyms": "-O",
      "type": "File",
      "required": "no",
      "fulltext": "",
      "defaultValue": "null",
      "minValue": "NA",
      "maxValue": "NA",
      "minRecValue": "NA",
      "maxRecValue": "NA",
      "kind": "optional",
      "options": []
    },
    {
      "summary": "Whether to suppress job-summary info on System.err.",
      "name": "--QUIET",
      "synonyms": "NA",
      "type": "Boolean",
      "required": "no",
      "fulltext": "",
      "defaultValue": "false",
      "minValue": "NA",
      "maxValue": "NA",
      "minRecValue": "NA",
      "maxRecValue": "NA",
      "kind": "common",
      "options": []
    },
    {
      "summary": "Validation stringency for all SAM/BAM/CRAM/SRA files read by this program.  The default stringency value SILENT can improve performance when processing a BAM file in which variable-length data (read, qualities, tags) do not otherwise need to be decoded.",
      "name": "--read-validation-stringency",
      "synonyms": "-VS",
      "type": "ValidationStringency",
      "required": "no",
      "fulltext": "",
      "defaultValue": "SILENT",
      "minValue": "NA",
      "maxValue": "NA",
      "minRecValue": "NA",
      "maxRecValue": "NA",
      "kind": "common",
      "options": [
        {
          "summary": "",
          "name": "STRICT"
        },
        {
          "summary": "",
          "name": "LENIENT"
        },
        {
          "summary": "",
          "name": "SILENT"
        }
      ]
    },
    {
      "summary": "display hidden arguments",
      "name": "--showHidden",
      "synonyms": "-showHidden",
      "type": "boolean",
      "required": "no",
      "fulltext": "",
      "defaultValue": "false",
      "minValue": "NA",
      "maxValue": "NA",
      "minRecValue": "NA",
      "maxRecValue": "NA",
      "kind": "advanced",
      "options": []
    },
    {
      "summary": "Splitting index granularity, an entry is created in the index every this many reads.",
      "name": "--splitting-index-granularity",
      "synonyms": "NA",
      "type": "long",
      "required": "no",
      "fulltext": "",
      "defaultValue": "4096",
      "minValue": "-Infinity",
      "maxValue": "Infinity",
      "minRecValue": "NA",
      "maxRecValue": "NA",
      "kind": "optional",
      "options": []
    },
    {
      "summary": "Temp directory to use.",
      "name": "--tmp-dir",
      "synonyms": "NA",
      "type": "GATKPathSpecifier",
      "required": "no",
      "fulltext": "",
      "defaultValue": "null",
      "minValue": "NA",
      "maxValue": "NA",
      "minRecValue": "NA",
      "maxRecValue": "NA",
      "kind": "common",
      "options": []
    },
    {
      "summary": "Whether to use the JdkDeflater (as opposed to IntelDeflater)",
      "name": "--use-jdk-deflater",
      "synonyms": "-jdk-deflater",
      "type": "boolean",
      "required": "no",
      "fulltext": "",
      "defaultValue": "false",
      "minValue": "NA",
      "maxValue": "NA",
      "minRecValue": "NA",
      "maxRecValue": "NA",
      "kind": "common",
      "options": []
    },
    {
      "summary": "Whether to use the JdkInflater (as opposed to IntelInflater)",
      "name": "--use-jdk-inflater",
      "synonyms": "-jdk-inflater",
      "type": "boolean",
      "required": "no",
      "fulltext": "",
      "defaultValue": "false",
      "minValue": "NA",
      "maxValue": "NA",
      "minRecValue": "NA",
      "maxRecValue": "NA",
      "kind": "common",
      "options": []
    },
    {
      "summary": "Control verbosity of logging.",
      "name": "--verbosity",
      "synonyms": "-verbosity",
      "type": "LogLevel",
      "required": "no",
      "fulltext": "",
      "defaultValue": "INFO",
      "minValue": "NA",
      "maxValue": "NA",
      "minRecValue": "NA",
      "maxRecValue": "NA",
      "kind": "common",
      "options": [
        {
          "summary": "",
          "name": "ERROR"
        },
        {
          "summary": "",
          "name": "WARNING"
        },
        {
          "summary": "",
          "name": "INFO"
        },
        {
          "summary": "",
          "name": "DEBUG"
        }
      ]
    },
    {
      "summary": "display the version number for this tool",
      "name": "--version",
      "synonyms": "NA",
      "type": "boolean",
      "required": "no",
      "fulltext": "",
      "defaultValue": "false",
      "minValue": "NA",
      "maxValue": "NA",
      "minRecValue": "NA",
      "maxRecValue": "NA",
      "kind": "optional",
      "options": []
    }
  ],
  "description": "Create a Hadoop BAM splitting index and optionally a BAM index from a BAM file.\n\n \u003ch3\u003eInput\u003c/h3\u003e\n\n \u003cul\u003e\n     \u003cli\u003eA BAM file\u003c/li\u003e\n \u003c/ul\u003e\n\n \u003ch3\u003eOutput\u003c/h3\u003e\n\n \u003cul\u003e\n     \u003cli\u003eBAM splitting index file\u003c/li\u003e\n     \u003cli\u003eBAM bai index (optional)\u003c/li\u003e\n \u003c/ul\u003e\n\n \u003ch3\u003eUsage example\u003c/h3\u003e\n \u003cpre\u003e\n     gatk CreateHadoopBamSplittingIndex \\\n         -I input_reads.bam \\\n         -O input_reads.bam.sbi\n \u003c/pre\u003e\n or if one wants to generate bai as well\n \u003cpre\u003e\n     gatk CreateHadoopBamSplittingIndex \\\n         -I input_reads.bam \\\n         -O input_reads.bam.sbi \\\n         --create-bai\n \u003c/pre\u003e",
  "name": "CreateHadoopBamSplittingIndex",
  "group": "Other",
  "beta": true,
  "experimental": false
}