{
  "summary": "Create an alternative reference by combining a fasta with a vcf.",
  "arguments": [
    {
      "summary": "If true, adds a PG tag to created SAM/BAM/CRAM files.",
      "name": "--add-output-sam-program-record",
      "synonyms": "-add-output-sam-program-record",
      "type": "boolean",
      "required": "no",
      "fulltext": "",
      "defaultValue": "true",
      "minValue": "NA",
      "maxValue": "NA",
      "minRecValue": "NA",
      "maxRecValue": "NA",
      "kind": "common",
      "options": []
    },
    {
      "summary": "If true, adds a command line header line to created VCF files.",
      "name": "--add-output-vcf-command-line",
      "synonyms": "-add-output-vcf-command-line",
      "type": "boolean",
      "required": "no",
      "fulltext": "",
      "defaultValue": "true",
      "minValue": "NA",
      "maxValue": "NA",
      "minRecValue": "NA",
      "maxRecValue": "NA",
      "kind": "common",
      "options": []
    },
    {
      "summary": "read one or more arguments files and add them to the command line",
      "name": "--arguments_file",
      "synonyms": "NA",
      "type": "List[File]",
      "required": "no",
      "fulltext": "",
      "defaultValue": "[]",
      "minValue": "NA",
      "maxValue": "NA",
      "minRecValue": "NA",
      "maxRecValue": "NA",
      "kind": "optional",
      "options": []
    },
    {
      "summary": "Size of the cloud-only prefetch buffer (in MB; 0 to disable). Defaults to cloudPrefetchBuffer if unset.",
      "name": "--cloud-index-prefetch-buffer",
      "synonyms": "-CIPB",
      "type": "int",
      "required": "no",
      "fulltext": "",
      "defaultValue": "-1",
      "minValue": "-Infinity",
      "maxValue": "Infinity",
      "minRecValue": "NA",
      "maxRecValue": "NA",
      "kind": "optional",
      "options": []
    },
    {
      "summary": "Size of the cloud-only prefetch buffer (in MB; 0 to disable).",
      "name": "--cloud-prefetch-buffer",
      "synonyms": "-CPB",
      "type": "int",
      "required": "no",
      "fulltext": "",
      "defaultValue": "40",
      "minValue": "-Infinity",
      "maxValue": "Infinity",
      "minRecValue": "NA",
      "maxRecValue": "NA",
      "kind": "optional",
      "options": []
    },
    {
      "summary": "If true, create a BAM/CRAM index when writing a coordinate-sorted BAM/CRAM file.",
      "name": "--create-output-bam-index",
      "synonyms": "-OBI",
      "type": "boolean",
      "required": "no",
      "fulltext": "",
      "defaultValue": "true",
      "minValue": "NA",
      "maxValue": "NA",
      "minRecValue": "NA",
      "maxRecValue": "NA",
      "kind": "common",
      "options": []
    },
    {
      "summary": "If true, create a MD5 digest for any BAM/SAM/CRAM file created",
      "name": "--create-output-bam-md5",
      "synonyms": "-OBM",
      "type": "boolean",
      "required": "no",
      "fulltext": "",
      "defaultValue": "false",
      "minValue": "NA",
      "maxValue": "NA",
      "minRecValue": "NA",
      "maxRecValue": "NA",
      "kind": "common",
      "options": []
    },
    {
      "summary": "If true, create a VCF index when writing a coordinate-sorted VCF file.",
      "name": "--create-output-variant-index",
      "synonyms": "-OVI",
      "type": "boolean",
      "required": "no",
      "fulltext": "",
      "defaultValue": "true",
      "minValue": "NA",
      "maxValue": "NA",
      "minRecValue": "NA",
      "maxRecValue": "NA",
      "kind": "common",
      "options": []
    },
    {
      "summary": "If true, create a a MD5 digest any VCF file created.",
      "name": "--create-output-variant-md5",
      "synonyms": "-OVM",
      "type": "boolean",
      "required": "no",
      "fulltext": "",
      "defaultValue": "false",
      "minValue": "NA",
      "maxValue": "NA",
      "minRecValue": "NA",
      "maxRecValue": "NA",
      "kind": "common",
      "options": []
    },
    {
      "summary": "If true, don\u0027t cache bam indexes, this will reduce memory requirements but may harm performance if many intervals are specified.  Caching is automatically disabled if there are no intervals specified.",
      "name": "--disable-bam-index-caching",
      "synonyms": "-DBIC",
      "type": "boolean",
      "required": "no",
      "fulltext": "",
      "defaultValue": "false",
      "minValue": "NA",
      "maxValue": "NA",
      "minRecValue": "NA",
      "maxRecValue": "NA",
      "kind": "optional",
      "options": []
    },
    {
      "summary": "Read filters to be disabled before analysis",
      "name": "--disable-read-filter",
      "synonyms": "-DF",
      "type": "List[String]",
      "required": "no",
      "fulltext": "",
      "defaultValue": "[]",
      "minValue": "NA",
      "maxValue": "NA",
      "minRecValue": "NA",
      "maxRecValue": "NA",
      "kind": "common",
      "options": []
    },
    {
      "summary": "If specified, do not check the sequence dictionaries from our inputs for compatibility. Use at your own risk!",
      "name": "--disable-sequence-dictionary-validation",
      "synonyms": "-disable-sequence-dictionary-validation",
      "type": "boolean",
      "required": "no",
      "fulltext": "",
      "defaultValue": "false",
      "minValue": "NA",
      "maxValue": "NA",
      "minRecValue": "NA",
      "maxRecValue": "NA",
      "kind": "optional",
      "options": []
    },
    {
      "summary": "Disable all tool default read filters (WARNING: many tools will not function correctly without their default read filters on)",
      "name": "--disable-tool-default-read-filters",
      "synonyms": "-disable-tool-default-read-filters",
      "type": "boolean",
      "required": "no",
      "fulltext": "",
      "defaultValue": "false",
      "minValue": "NA",
      "maxValue": "NA",
      "minRecValue": "NA",
      "maxRecValue": "NA",
      "kind": "common",
      "options": []
    },
    {
      "summary": "One or more genomic intervals to exclude from processing",
      "name": "--exclude-intervals",
      "synonyms": "-XL",
      "type": "List[String]",
      "required": "no",
      "fulltext": "Use this argument to exclude certain parts of the genome from the analysis (like -L, but the opposite).\n This argument can be specified multiple times. You can use samtools-style intervals either explicitly on the\n command line (e.g. -XL 1 or -XL 1:100-200) or by loading in a file containing a list of intervals\n (e.g. -XL myFile.intervals).",
      "defaultValue": "[]",
      "minValue": "NA",
      "maxValue": "NA",
      "minRecValue": "NA",
      "maxRecValue": "NA",
      "kind": "common",
      "options": []
    },
    {
      "summary": "A configuration file to use with the GATK.",
      "name": "--gatk-config-file",
      "synonyms": "NA",
      "type": "String",
      "required": "no",
      "fulltext": "",
      "defaultValue": "null",
      "minValue": "NA",
      "maxValue": "NA",
      "minRecValue": "NA",
      "maxRecValue": "NA",
      "kind": "common",
      "options": []
    },
    {
      "summary": "If the GCS bucket channel errors out, how many times it will attempt to re-initiate the connection",
      "name": "--gcs-max-retries",
      "synonyms": "-gcs-retries",
      "type": "int",
      "required": "no",
      "fulltext": "",
      "defaultValue": "20",
      "minValue": "-Infinity",
      "maxValue": "Infinity",
      "minRecValue": "NA",
      "maxRecValue": "NA",
      "kind": "optional",
      "options": []
    },
    {
      "summary": "Project to bill when accessing \"requester pays\" buckets. If unset, these buckets cannot be accessed.",
      "name": "--gcs-project-for-requester-pays",
      "synonyms": "NA",
      "type": "String",
      "required": "no",
      "fulltext": "",
      "defaultValue": "\"\"",
      "minValue": "NA",
      "maxValue": "NA",
      "minRecValue": "NA",
      "maxRecValue": "NA",
      "kind": "optional",
      "options": []
    },
    {
      "summary": "display the help message",
      "name": "--help",
      "synonyms": "-h",
      "type": "boolean",
      "required": "no",
      "fulltext": "",
      "defaultValue": "false",
      "minValue": "NA",
      "maxValue": "NA",
      "minRecValue": "NA",
      "maxRecValue": "NA",
      "kind": "optional",
      "options": []
    },
    {
      "summary": "BAM/SAM/CRAM file containing reads",
      "name": "--input",
      "synonyms": "-I",
      "type": "List[String]",
      "required": "no",
      "fulltext": "",
      "defaultValue": "[]",
      "minValue": "NA",
      "maxValue": "NA",
      "minRecValue": "NA",
      "maxRecValue": "NA",
      "kind": "common",
      "options": []
    },
    {
      "summary": "Amount of padding (in bp) to add to each interval you are excluding.",
      "name": "--interval-exclusion-padding",
      "synonyms": "-ixp",
      "type": "int",
      "required": "no",
      "fulltext": "Use this to add padding to the intervals specified using -XL. For example, \u0027-XL 1:100\u0027 with a\n padding value of 20 would turn into \u0027-XL 1:80-120\u0027. This is typically used to add padding around targets when\n analyzing exomes.",
      "defaultValue": "0",
      "minValue": "-Infinity",
      "maxValue": "Infinity",
      "minRecValue": "NA",
      "maxRecValue": "NA",
      "kind": "common",
      "options": []
    },
    {
      "summary": "Interval merging rule for abutting intervals",
      "name": "--interval-merging-rule",
      "synonyms": "-imr",
      "type": "IntervalMergingRule",
      "required": "no",
      "fulltext": "By default, the program merges abutting intervals (i.e. intervals that are directly side-by-side but do not\n actually overlap) into a single continuous interval. However you can change this behavior if you want them to be\n treated as separate intervals instead.",
      "defaultValue": "ALL",
      "minValue": "NA",
      "maxValue": "NA",
      "minRecValue": "NA",
      "maxRecValue": "NA",
      "kind": "optional",
      "options": [
        {
          "summary": "",
          "name": "ALL"
        },
        {
          "summary": "",
          "name": "OVERLAPPING_ONLY"
        }
      ]
    },
    {
      "summary": "Amount of padding (in bp) to add to each interval you are including.",
      "name": "--interval-padding",
      "synonyms": "-ip",
      "type": "int",
      "required": "no",
      "fulltext": "Use this to add padding to the intervals specified using -L. For example, \u0027-L 1:100\u0027 with a\n padding value of 20 would turn into \u0027-L 1:80-120\u0027. This is typically used to add padding around targets when\n analyzing exomes.",
      "defaultValue": "0",
      "minValue": "-Infinity",
      "maxValue": "Infinity",
      "minRecValue": "NA",
      "maxRecValue": "NA",
      "kind": "common",
      "options": []
    },
    {
      "summary": "Set merging approach to use for combining interval inputs",
      "name": "--interval-set-rule",
      "synonyms": "-isr",
      "type": "IntervalSetRule",
      "required": "no",
      "fulltext": "By default, the program will take the UNION of all intervals specified using -L and/or -XL. However, you can\n change this setting for -L, for example if you want to take the INTERSECTION of the sets instead. E.g. to\n perform the analysis only on chromosome 1 exomes, you could specify -L exomes.intervals -L 1 --interval-set-rule\n INTERSECTION. However, it is not possible to modify the merging approach for intervals passed using -XL (they will\n always be merged using UNION).\n\n Note that if you specify both -L and -XL, the -XL interval set will be subtracted from the -L interval set.",
      "defaultValue": "UNION",
      "minValue": "NA",
      "maxValue": "NA",
      "minRecValue": "NA",
      "maxRecValue": "NA",
      "kind": "common",
      "options": [
        {
          "summary": "Take the union of all intervals",
          "name": "UNION"
        },
        {
          "summary": "Take the intersection of intervals (the subset that overlaps all intervals specified)",
          "name": "INTERSECTION"
        }
      ]
    },
    {
      "summary": "One or more genomic intervals over which to operate",
      "name": "--intervals",
      "synonyms": "-L",
      "type": "List[String]",
      "required": "no",
      "fulltext": "",
      "defaultValue": "[]",
      "minValue": "NA",
      "maxValue": "NA",
      "minRecValue": "NA",
      "maxRecValue": "NA",
      "kind": "optional",
      "options": []
    },
    {
      "summary": "Lenient processing of VCF files",
      "name": "--lenient",
      "synonyms": "-LE",
      "type": "boolean",
      "required": "no",
      "fulltext": "",
      "defaultValue": "false",
      "minValue": "NA",
      "maxValue": "NA",
      "minRecValue": "NA",
      "maxRecValue": "NA",
      "kind": "common",
      "options": []
    },
    {
      "summary": "Maximum length of sequence to write per line",
      "name": "--line-width",
      "synonyms": "NA",
      "type": "int",
      "required": "no",
      "fulltext": "",
      "defaultValue": "60",
      "minValue": "-Infinity",
      "maxValue": "Infinity",
      "minRecValue": "NA",
      "maxRecValue": "NA",
      "kind": "optional",
      "options": []
    },
    {
      "summary": "Path to write the output fasta to",
      "name": "--output",
      "synonyms": "-O",
      "type": "String",
      "required": "yes",
      "fulltext": "",
      "defaultValue": "null",
      "minValue": "NA",
      "maxValue": "NA",
      "minRecValue": "NA",
      "maxRecValue": "NA",
      "kind": "required",
      "options": []
    },
    {
      "summary": "Whether to suppress job-summary info on System.err.",
      "name": "--QUIET",
      "synonyms": "NA",
      "type": "Boolean",
      "required": "no",
      "fulltext": "",
      "defaultValue": "false",
      "minValue": "NA",
      "maxValue": "NA",
      "minRecValue": "NA",
      "maxRecValue": "NA",
      "kind": "common",
      "options": []
    },
    {
      "summary": "Read filters to be applied before analysis",
      "name": "--read-filter",
      "synonyms": "-RF",
      "type": "List[String]",
      "required": "no",
      "fulltext": "",
      "defaultValue": "[]",
      "minValue": "NA",
      "maxValue": "NA",
      "minRecValue": "NA",
      "maxRecValue": "NA",
      "kind": "common",
      "options": []
    },
    {
      "summary": "Indices to use for the read inputs. If specified, an index must be provided for every read input and in the same order as the read inputs. If this argument is not specified, the path to the index for each input will be inferred automatically.",
      "name": "--read-index",
      "synonyms": "-read-index",
      "type": "List[String]",
      "required": "no",
      "fulltext": "",
      "defaultValue": "[]",
      "minValue": "NA",
      "maxValue": "NA",
      "minRecValue": "NA",
      "maxRecValue": "NA",
      "kind": "common",
      "options": []
    },
    {
      "summary": "Validation stringency for all SAM/BAM/CRAM/SRA files read by this program.  The default stringency value SILENT can improve performance when processing a BAM file in which variable-length data (read, qualities, tags) do not otherwise need to be decoded.",
      "name": "--read-validation-stringency",
      "synonyms": "-VS",
      "type": "ValidationStringency",
      "required": "no",
      "fulltext": "",
      "defaultValue": "SILENT",
      "minValue": "NA",
      "maxValue": "NA",
      "minRecValue": "NA",
      "maxRecValue": "NA",
      "kind": "common",
      "options": [
        {
          "summary": "",
          "name": "STRICT"
        },
        {
          "summary": "",
          "name": "LENIENT"
        },
        {
          "summary": "",
          "name": "SILENT"
        }
      ]
    },
    {
      "summary": "Reference sequence file",
      "name": "--reference",
      "synonyms": "-R",
      "type": "String",
      "required": "yes",
      "fulltext": "",
      "defaultValue": "null",
      "minValue": "NA",
      "maxValue": "NA",
      "minRecValue": "NA",
      "maxRecValue": "NA",
      "kind": "required",
      "options": []
    },
    {
      "summary": "Output traversal statistics every time this many seconds elapse",
      "name": "--seconds-between-progress-updates",
      "synonyms": "-seconds-between-progress-updates",
      "type": "double",
      "required": "no",
      "fulltext": "",
      "defaultValue": "10.0",
      "minValue": "-Infinity",
      "maxValue": "Infinity",
      "minRecValue": "NA",
      "maxRecValue": "NA",
      "kind": "common",
      "options": []
    },
    {
      "summary": "Use the given sequence dictionary as the master/canonical sequence dictionary.  Must be a .dict file.",
      "name": "--sequence-dictionary",
      "synonyms": "-sequence-dictionary",
      "type": "String",
      "required": "no",
      "fulltext": "",
      "defaultValue": "null",
      "minValue": "NA",
      "maxValue": "NA",
      "minRecValue": "NA",
      "maxRecValue": "NA",
      "kind": "common",
      "options": []
    },
    {
      "summary": "display hidden arguments",
      "name": "--showHidden",
      "synonyms": "-showHidden",
      "type": "boolean",
      "required": "no",
      "fulltext": "",
      "defaultValue": "false",
      "minValue": "NA",
      "maxValue": "NA",
      "minRecValue": "NA",
      "maxRecValue": "NA",
      "kind": "advanced",
      "options": []
    },
    {
      "summary": "If true, don\u0027t emit genotype fields when writing vcf file output.",
      "name": "--sites-only-vcf-output",
      "synonyms": "NA",
      "type": "boolean",
      "required": "no",
      "fulltext": "",
      "defaultValue": "false",
      "minValue": "NA",
      "maxValue": "NA",
      "minRecValue": "NA",
      "maxRecValue": "NA",
      "kind": "optional",
      "options": []
    },
    {
      "summary": "SNP mask VCF file",
      "name": "--snp-mask",
      "synonyms": "NA",
      "type": "FeatureInput[VariantContext]",
      "required": "no",
      "fulltext": "SNPs from this file are used as a mask (inserting N\u0027s in the sequence) when constructing the alternate reference",
      "defaultValue": "null",
      "minValue": "NA",
      "maxValue": "NA",
      "minRecValue": "NA",
      "maxRecValue": "NA",
      "kind": "optional",
      "options": []
    },
    {
      "summary": "Give the snp mask priority over the input VCF.",
      "name": "--snp-mask-priority",
      "synonyms": "NA",
      "type": "boolean",
      "required": "no",
      "fulltext": "Gives priority to a SNP mask over an input VCF for a site. Only has an effect if the --snp-mask argument is used.",
      "defaultValue": "false",
      "minValue": "NA",
      "maxValue": "NA",
      "minRecValue": "NA",
      "maxRecValue": "NA",
      "kind": "optional",
      "options": []
    },
    {
      "summary": "Temp directory to use.",
      "name": "--tmp-dir",
      "synonyms": "NA",
      "type": "GATKPathSpecifier",
      "required": "no",
      "fulltext": "",
      "defaultValue": "null",
      "minValue": "NA",
      "maxValue": "NA",
      "minRecValue": "NA",
      "maxRecValue": "NA",
      "kind": "common",
      "options": []
    },
    {
      "summary": "If specified, heterozygous SNP sites will be output using IUPAC ambiguity codes given the genotypes for this sample",
      "name": "--use-iupac-sample",
      "synonyms": "NA",
      "type": "String",
      "required": "no",
      "fulltext": "This option will generate an error if the specified sample does not exist in the VCF.\n Non-diploid (or non-called) genotypes are ignored.",
      "defaultValue": "null",
      "minValue": "NA",
      "maxValue": "NA",
      "minRecValue": "NA",
      "maxRecValue": "NA",
      "kind": "optional",
      "options": []
    },
    {
      "summary": "Whether to use the JdkDeflater (as opposed to IntelDeflater)",
      "name": "--use-jdk-deflater",
      "synonyms": "-jdk-deflater",
      "type": "boolean",
      "required": "no",
      "fulltext": "",
      "defaultValue": "false",
      "minValue": "NA",
      "maxValue": "NA",
      "minRecValue": "NA",
      "maxRecValue": "NA",
      "kind": "common",
      "options": []
    },
    {
      "summary": "Whether to use the JdkInflater (as opposed to IntelInflater)",
      "name": "--use-jdk-inflater",
      "synonyms": "-jdk-inflater",
      "type": "boolean",
      "required": "no",
      "fulltext": "",
      "defaultValue": "false",
      "minValue": "NA",
      "maxValue": "NA",
      "minRecValue": "NA",
      "maxRecValue": "NA",
      "kind": "common",
      "options": []
    },
    {
      "summary": "A source of variants to merge with the reference sequence.",
      "name": "--variant",
      "synonyms": "-V",
      "type": "FeatureInput[VariantContext]",
      "required": "yes",
      "fulltext": "Variants from this input file are used by this tool to construct an alternate reference.",
      "defaultValue": "null",
      "minValue": "NA",
      "maxValue": "NA",
      "minRecValue": "NA",
      "maxRecValue": "NA",
      "kind": "required",
      "options": []
    },
    {
      "summary": "Control verbosity of logging.",
      "name": "--verbosity",
      "synonyms": "-verbosity",
      "type": "LogLevel",
      "required": "no",
      "fulltext": "",
      "defaultValue": "INFO",
      "minValue": "NA",
      "maxValue": "NA",
      "minRecValue": "NA",
      "maxRecValue": "NA",
      "kind": "common",
      "options": [
        {
          "summary": "",
          "name": "ERROR"
        },
        {
          "summary": "",
          "name": "WARNING"
        },
        {
          "summary": "",
          "name": "INFO"
        },
        {
          "summary": "",
          "name": "DEBUG"
        }
      ]
    },
    {
      "summary": "display the version number for this tool",
      "name": "--version",
      "synonyms": "NA",
      "type": "boolean",
      "required": "no",
      "fulltext": "",
      "defaultValue": "false",
      "minValue": "NA",
      "maxValue": "NA",
      "minRecValue": "NA",
      "maxRecValue": "NA",
      "kind": "optional",
      "options": []
    }
  ],
  "description": "Generate an alternative reference sequence over the specified interval\n\n \u003cp\u003eGiven a variant callset, this tool replaces the reference bases at variation sites with the bases supplied in the\n corresponding callset records. Additionally, it allows for one or more \"snp-mask\" VCFs to set overlapping bases to \u0027N\u0027.\u003c/p\u003e\n\n \u003cp\u003eThe output format can be partially controlled using the provided command-line arguments.\n Specify intervals with the usual -L argument to output only the reference bases within your intervals.\n Overlapping intervals are automatically merged; reference bases for each disjoint interval will be output as a\n separate fasta sequence (named numerically in order).\u003c/p\u003e\n\n \u003ch3\u003eCaveats\u003c/h3\u003e\n \u003cul\u003e\n     \u003cli\u003eIf there are multiple variants that start at a site, it chooses one of them randomly.\u003c/li\u003e\n     \u003cli\u003eWhen there are overlapping indels (but with different start positions) only the first will be chosen.\u003c/li\u003e\n     \u003cli\u003eThis tool works only for SNPs and for simple indels (but not for things like complex substitutions).\u003c/li\u003e\n \u003c/ul\u003e\n\n \u003ch3\u003eInput\u003c/h3\u003e\n \u003cp\u003e\n The reference, requested intervals, and any number of variant files.\n \u003c/p\u003e\n\n \u003ch3\u003eOutput\u003c/h3\u003e\n \u003cp\u003e\n A FASTA file representing the requested intervals.\n \u003c/p\u003e\n\n \u003ch3\u003eUsage example\u003c/h3\u003e\n \u003cpre\u003e\n gatk FastaAlternateReferenceMaker \\\n   -R reference.fasta \\\n   -O output.fasta \\\n   -L input.intervals \\\n   -V input.vcf \\\n\n   [--snp-mask mask.vcf]\n \u003c/pre\u003e",
  "name": "FastaAlternateReferenceMaker",
  "group": "Reference",
  "beta": false,
  "experimental": false
}