{
  "summary": "Both steps of BQSR (BaseRecalibrator and ApplyBQSR) on Spark",
  "arguments": [
    {
      "summary": "If true, adds a command line header line to created VCF files.",
      "name": "--add-output-vcf-command-line",
      "synonyms": "-add-output-vcf-command-line",
      "type": "boolean",
      "required": "no",
      "fulltext": "",
      "defaultValue": "true",
      "minValue": "NA",
      "maxValue": "NA",
      "minRecValue": "NA",
      "maxRecValue": "NA",
      "kind": "common",
      "options": []
    },
    {
      "summary": "read one or more arguments files and add them to the command line",
      "name": "--arguments_file",
      "synonyms": "NA",
      "type": "List[File]",
      "required": "no",
      "fulltext": "",
      "defaultValue": "[]",
      "minValue": "NA",
      "maxValue": "NA",
      "minRecValue": "NA",
      "maxRecValue": "NA",
      "kind": "optional",
      "options": []
    },
    {
      "summary": "maximum number of bytes to read from a file into each partition of reads. Setting this higher will result in fewer partitions. Note that this will not be equal to the size of the partition in memory. Defaults to 0, which uses the default split size (determined by the Hadoop input format, typically the size of one HDFS block).",
      "name": "--bam-partition-size",
      "synonyms": "NA",
      "type": "long",
      "required": "no",
      "fulltext": "",
      "defaultValue": "0",
      "minValue": "-Infinity",
      "maxValue": "Infinity",
      "minRecValue": "NA",
      "maxRecValue": "NA",
      "kind": "optional",
      "options": []
    },
    {
      "summary": "the binary tag covariate name if using it",
      "name": "--binary-tag-name",
      "synonyms": "NA",
      "type": "String",
      "required": "no",
      "fulltext": "The tag name for the binary tag covariate (if using it)",
      "defaultValue": "null",
      "minValue": "NA",
      "maxValue": "NA",
      "minRecValue": "NA",
      "maxRecValue": "NA",
      "kind": "optional",
      "options": []
    },
    {
      "summary": "BQSR BAQ gap open penalty (Phred Scaled).  Default value is 40.  30 is perhaps better for whole genome call sets",
      "name": "--bqsr-baq-gap-open-penalty",
      "synonyms": "NA",
      "type": "double",
      "required": "no",
      "fulltext": "",
      "defaultValue": "40.0",
      "minValue": "-Infinity",
      "maxValue": "Infinity",
      "minRecValue": "NA",
      "maxRecValue": "NA",
      "kind": "optional",
      "options": []
    },
    {
      "summary": "Spark properties to set on the Spark context in the format \u003cproperty\u003e\u003d\u003cvalue\u003e",
      "name": "--conf",
      "synonyms": "NA",
      "type": "List[String]",
      "required": "no",
      "fulltext": "",
      "defaultValue": "[]",
      "minValue": "NA",
      "maxValue": "NA",
      "minRecValue": "NA",
      "maxRecValue": "NA",
      "kind": "optional",
      "options": []
    },
    {
      "summary": "If true, create a BAM index when writing a coordinate-sorted BAM file.",
      "name": "--create-output-bam-index",
      "synonyms": "-OBI",
      "type": "boolean",
      "required": "no",
      "fulltext": "",
      "defaultValue": "true",
      "minValue": "NA",
      "maxValue": "NA",
      "minRecValue": "NA",
      "maxRecValue": "NA",
      "kind": "common",
      "options": []
    },
    {
      "summary": "If true, create a BAM splitting index (SBI) when writing a coordinate-sorted BAM file.",
      "name": "--create-output-bam-splitting-index",
      "synonyms": "NA",
      "type": "boolean",
      "required": "no",
      "fulltext": "",
      "defaultValue": "true",
      "minValue": "NA",
      "maxValue": "NA",
      "minRecValue": "NA",
      "maxRecValue": "NA",
      "kind": "common",
      "options": []
    },
    {
      "summary": "If true, create a VCF index when writing a coordinate-sorted VCF file.",
      "name": "--create-output-variant-index",
      "synonyms": "-OVI",
      "type": "boolean",
      "required": "no",
      "fulltext": "",
      "defaultValue": "true",
      "minValue": "NA",
      "maxValue": "NA",
      "minRecValue": "NA",
      "maxRecValue": "NA",
      "kind": "common",
      "options": []
    },
    {
      "summary": "Assign a default base quality",
      "name": "--default-base-qualities",
      "synonyms": "NA",
      "type": "byte",
      "required": "no",
      "fulltext": "If reads are missing some or all base quality scores, this value will be used for all base quality scores.\n By default this is set to -1 to disable default base quality assignment.",
      "defaultValue": "-1",
      "minValue": "-Infinity",
      "maxValue": "Infinity",
      "minRecValue": "NA",
      "maxRecValue": "NA",
      "kind": "optional",
      "options": []
    },
    {
      "summary": "default quality for the base deletions covariate",
      "name": "--deletions-default-quality",
      "synonyms": "NA",
      "type": "byte",
      "required": "no",
      "fulltext": "A default base qualities to use as a prior (reported quality) in the mismatch covariate model. This value will replace all base qualities in the read for this default value. Negative value turns it off. [default is on]",
      "defaultValue": "45",
      "minValue": "-Infinity",
      "maxValue": "Infinity",
      "minRecValue": "NA",
      "maxRecValue": "NA",
      "kind": "optional",
      "options": []
    },
    {
      "summary": "Read filters to be disabled before analysis",
      "name": "--disable-read-filter",
      "synonyms": "-DF",
      "type": "List[String]",
      "required": "no",
      "fulltext": "",
      "defaultValue": "[]",
      "minValue": "NA",
      "maxValue": "NA",
      "minRecValue": "NA",
      "maxRecValue": "NA",
      "kind": "common",
      "options": []
    },
    {
      "summary": "If specified, do not check the sequence dictionaries from our inputs for compatibility. Use at your own risk!",
      "name": "--disable-sequence-dictionary-validation",
      "synonyms": "-disable-sequence-dictionary-validation",
      "type": "boolean",
      "required": "no",
      "fulltext": "",
      "defaultValue": "false",
      "minValue": "NA",
      "maxValue": "NA",
      "minRecValue": "NA",
      "maxRecValue": "NA",
      "kind": "optional",
      "options": []
    },
    {
      "summary": "Disable all tool default read filters (WARNING: many tools will not function correctly without their default read filters on)",
      "name": "--disable-tool-default-read-filters",
      "synonyms": "-disable-tool-default-read-filters",
      "type": "boolean",
      "required": "no",
      "fulltext": "",
      "defaultValue": "false",
      "minValue": "NA",
      "maxValue": "NA",
      "minRecValue": "NA",
      "maxRecValue": "NA",
      "kind": "common",
      "options": []
    },
    {
      "summary": "Emit original base qualities under the OQ tag",
      "name": "--emit-original-quals",
      "synonyms": "NA",
      "type": "boolean",
      "required": "no",
      "fulltext": "The tool is capable of writing out the original quality scores of each read in the recalibrated output file\n under the \"OQ\" tag. By default, this behavior is disabled because emitting original qualities results in a\n significant increase of the file size. Use this flag to turn on emission of original qualities.",
      "defaultValue": "false",
      "minValue": "NA",
      "maxValue": "NA",
      "minRecValue": "NA",
      "maxRecValue": "NA",
      "kind": "optional",
      "options": []
    },
    {
      "summary": "One or more genomic intervals to exclude from processing",
      "name": "--exclude-intervals",
      "synonyms": "-XL",
      "type": "List[String]",
      "required": "no",
      "fulltext": "Use this argument to exclude certain parts of the genome from the analysis (like -L, but the opposite).\n This argument can be specified multiple times. You can use samtools-style intervals either explicitly on the\n command line (e.g. -XL 1 or -XL 1:100-200) or by loading in a file containing a list of intervals\n (e.g. -XL myFile.intervals).",
      "defaultValue": "[]",
      "minValue": "NA",
      "maxValue": "NA",
      "minRecValue": "NA",
      "maxRecValue": "NA",
      "kind": "common",
      "options": []
    },
    {
      "summary": "A configuration file to use with the GATK.",
      "name": "--gatk-config-file",
      "synonyms": "NA",
      "type": "String",
      "required": "no",
      "fulltext": "",
      "defaultValue": "null",
      "minValue": "NA",
      "maxValue": "NA",
      "minRecValue": "NA",
      "maxRecValue": "NA",
      "kind": "common",
      "options": []
    },
    {
      "summary": "If the GCS bucket channel errors out, how many times it will attempt to re-initiate the connection",
      "name": "--gcs-max-retries",
      "synonyms": "-gcs-retries",
      "type": "int",
      "required": "no",
      "fulltext": "",
      "defaultValue": "20",
      "minValue": "-Infinity",
      "maxValue": "Infinity",
      "minRecValue": "NA",
      "maxRecValue": "NA",
      "kind": "optional",
      "options": []
    },
    {
      "summary": "Project to bill when accessing \"requester pays\" buckets. If unset, these buckets cannot be accessed.",
      "name": "--gcs-project-for-requester-pays",
      "synonyms": "NA",
      "type": "String",
      "required": "no",
      "fulltext": "",
      "defaultValue": "\"\"",
      "minValue": "NA",
      "maxValue": "NA",
      "minRecValue": "NA",
      "maxRecValue": "NA",
      "kind": "optional",
      "options": []
    },
    {
      "summary": "Global Qscore Bayesian prior to use for BQSR",
      "name": "--global-qscore-prior",
      "synonyms": "NA",
      "type": "double",
      "required": "no",
      "fulltext": "If specified, the value of this argument will be used as a flat prior for all mismatching quality scores instead\n of the reported quality score (assigned by the sequencer).",
      "defaultValue": "-1.0",
      "minValue": "-Infinity",
      "maxValue": "Infinity",
      "minRecValue": "NA",
      "maxRecValue": "NA",
      "kind": "optional",
      "options": []
    },
    {
      "summary": "display the help message",
      "name": "--help",
      "synonyms": "-h",
      "type": "boolean",
      "required": "no",
      "fulltext": "",
      "defaultValue": "false",
      "minValue": "NA",
      "maxValue": "NA",
      "minRecValue": "NA",
      "maxRecValue": "NA",
      "kind": "optional",
      "options": []
    },
    {
      "summary": "Size of the k-mer context to be used for base insertions and deletions",
      "name": "--indels-context-size",
      "synonyms": "-ics",
      "type": "int",
      "required": "no",
      "fulltext": "The context covariate will use a context of this size to calculate its covariate value for base insertions and deletions. Must be between 1 and 13 (inclusive). Note that higher values will increase runtime and required java heap size.",
      "defaultValue": "3",
      "minValue": "-Infinity",
      "maxValue": "Infinity",
      "minRecValue": "NA",
      "maxRecValue": "NA",
      "kind": "optional",
      "options": []
    },
    {
      "summary": "BAM/SAM/CRAM file containing reads",
      "name": "--input",
      "synonyms": "-I",
      "type": "List[String]",
      "required": "yes",
      "fulltext": "",
      "defaultValue": "[]",
      "minValue": "NA",
      "maxValue": "NA",
      "minRecValue": "NA",
      "maxRecValue": "NA",
      "kind": "required",
      "options": []
    },
    {
      "summary": "default quality for the base insertions covariate",
      "name": "--insertions-default-quality",
      "synonyms": "NA",
      "type": "byte",
      "required": "no",
      "fulltext": "A default base qualities to use as a prior (reported quality) in the insertion covariate model. This parameter is used for all reads without insertion quality scores for each base. [default is on]",
      "defaultValue": "45",
      "minValue": "-Infinity",
      "maxValue": "Infinity",
      "minRecValue": "NA",
      "maxRecValue": "NA",
      "kind": "optional",
      "options": []
    },
    {
      "summary": "Amount of padding (in bp) to add to each interval you are excluding.",
      "name": "--interval-exclusion-padding",
      "synonyms": "-ixp",
      "type": "int",
      "required": "no",
      "fulltext": "Use this to add padding to the intervals specified using -XL. For example, \u0027-XL 1:100\u0027 with a\n padding value of 20 would turn into \u0027-XL 1:80-120\u0027. This is typically used to add padding around targets when\n analyzing exomes.",
      "defaultValue": "0",
      "minValue": "-Infinity",
      "maxValue": "Infinity",
      "minRecValue": "NA",
      "maxRecValue": "NA",
      "kind": "common",
      "options": []
    },
    {
      "summary": "Interval merging rule for abutting intervals",
      "name": "--interval-merging-rule",
      "synonyms": "-imr",
      "type": "IntervalMergingRule",
      "required": "no",
      "fulltext": "By default, the program merges abutting intervals (i.e. intervals that are directly side-by-side but do not\n actually overlap) into a single continuous interval. However you can change this behavior if you want them to be\n treated as separate intervals instead.",
      "defaultValue": "ALL",
      "minValue": "NA",
      "maxValue": "NA",
      "minRecValue": "NA",
      "maxRecValue": "NA",
      "kind": "optional",
      "options": [
        {
          "summary": "",
          "name": "ALL"
        },
        {
          "summary": "",
          "name": "OVERLAPPING_ONLY"
        }
      ]
    },
    {
      "summary": "Amount of padding (in bp) to add to each interval you are including.",
      "name": "--interval-padding",
      "synonyms": "-ip",
      "type": "int",
      "required": "no",
      "fulltext": "Use this to add padding to the intervals specified using -L. For example, \u0027-L 1:100\u0027 with a\n padding value of 20 would turn into \u0027-L 1:80-120\u0027. This is typically used to add padding around targets when\n analyzing exomes.",
      "defaultValue": "0",
      "minValue": "-Infinity",
      "maxValue": "Infinity",
      "minRecValue": "NA",
      "maxRecValue": "NA",
      "kind": "common",
      "options": []
    },
    {
      "summary": "Set merging approach to use for combining interval inputs",
      "name": "--interval-set-rule",
      "synonyms": "-isr",
      "type": "IntervalSetRule",
      "required": "no",
      "fulltext": "By default, the program will take the UNION of all intervals specified using -L and/or -XL. However, you can\n change this setting for -L, for example if you want to take the INTERSECTION of the sets instead. E.g. to\n perform the analysis only on chromosome 1 exomes, you could specify -L exomes.intervals -L 1 --interval-set-rule\n INTERSECTION. However, it is not possible to modify the merging approach for intervals passed using -XL (they will\n always be merged using UNION).\n\n Note that if you specify both -L and -XL, the -XL interval set will be subtracted from the -L interval set.",
      "defaultValue": "UNION",
      "minValue": "NA",
      "maxValue": "NA",
      "minRecValue": "NA",
      "maxRecValue": "NA",
      "kind": "common",
      "options": [
        {
          "summary": "Take the union of all intervals",
          "name": "UNION"
        },
        {
          "summary": "Take the intersection of intervals (the subset that overlaps all intervals specified)",
          "name": "INTERSECTION"
        }
      ]
    },
    {
      "summary": "One or more genomic intervals over which to operate",
      "name": "--intervals",
      "synonyms": "-L",
      "type": "List[String]",
      "required": "no",
      "fulltext": "",
      "defaultValue": "[]",
      "minValue": "NA",
      "maxValue": "NA",
      "minRecValue": "NA",
      "maxRecValue": "NA",
      "kind": "optional",
      "options": []
    },
    {
      "summary": "the known variants",
      "name": "--known-sites",
      "synonyms": "NA",
      "type": "List[String]",
      "required": "yes",
      "fulltext": "",
      "defaultValue": "[]",
      "minValue": "NA",
      "maxValue": "NA",
      "minRecValue": "NA",
      "maxRecValue": "NA",
      "kind": "required",
      "options": []
    },
    {
      "summary": "minimum quality for the bases in the tail of the reads to be considered",
      "name": "--low-quality-tail",
      "synonyms": "NA",
      "type": "byte",
      "required": "no",
      "fulltext": "Reads with low quality bases on either tail (beginning or end) will not be considered in the context. This parameter defines the quality below which (inclusive) a tail is considered low quality",
      "defaultValue": "2",
      "minValue": "-Infinity",
      "maxValue": "Infinity",
      "minRecValue": "NA",
      "maxRecValue": "NA",
      "kind": "optional",
      "options": []
    },
    {
      "summary": "The maximum cycle value permitted for the Cycle covariate",
      "name": "--maximum-cycle-value",
      "synonyms": "-max-cycle",
      "type": "int",
      "required": "no",
      "fulltext": "The cycle covariate will generate an error if it encounters a cycle greater than this value.\n This argument is ignored if the Cycle covariate is not used.",
      "defaultValue": "500",
      "minValue": "-Infinity",
      "maxValue": "Infinity",
      "minRecValue": "NA",
      "maxRecValue": "NA",
      "kind": "optional",
      "options": []
    },
    {
      "summary": "Size of the k-mer context to be used for base mismatches",
      "name": "--mismatches-context-size",
      "synonyms": "-mcs",
      "type": "int",
      "required": "no",
      "fulltext": "The context covariate will use a context of this size to calculate its covariate value for base mismatches. Must be between 1 and 13 (inclusive). Note that higher values will increase runtime and required java heap size.",
      "defaultValue": "2",
      "minValue": "-Infinity",
      "maxValue": "Infinity",
      "minRecValue": "NA",
      "maxRecValue": "NA",
      "kind": "optional",
      "options": []
    },
    {
      "summary": "default quality for the base mismatches covariate",
      "name": "--mismatches-default-quality",
      "synonyms": "NA",
      "type": "byte",
      "required": "no",
      "fulltext": "A default base qualities to use as a prior (reported quality) in the mismatch covariate model. This value will replace all base qualities in the read for this default value. Negative value turns it off. [default is off]",
      "defaultValue": "-1",
      "minValue": "-Infinity",
      "maxValue": "Infinity",
      "minRecValue": "NA",
      "maxRecValue": "NA",
      "kind": "optional",
      "options": []
    },
    {
      "summary": "For tools that shuffle data or write an output, sets the number of reducers. Defaults to 0, which gives one partition per 10MB of input.",
      "name": "--num-reducers",
      "synonyms": "NA",
      "type": "int",
      "required": "no",
      "fulltext": "",
      "defaultValue": "0",
      "minValue": "-Infinity",
      "maxValue": "Infinity",
      "minRecValue": "NA",
      "maxRecValue": "NA",
      "kind": "optional",
      "options": []
    },
    {
      "summary": "the output bam",
      "name": "--output",
      "synonyms": "-O",
      "type": "String",
      "required": "yes",
      "fulltext": "",
      "defaultValue": "null",
      "minValue": "NA",
      "maxValue": "NA",
      "minRecValue": "NA",
      "maxRecValue": "NA",
      "kind": "required",
      "options": []
    },
    {
      "summary": "when writing a bam, in single sharded mode this directory to write the temporary intermediate output shards, if not specified .parts/ will be used",
      "name": "--output-shard-tmp-dir",
      "synonyms": "NA",
      "type": "String",
      "required": "no",
      "fulltext": "",
      "defaultValue": "null",
      "minValue": "NA",
      "maxValue": "NA",
      "minRecValue": "NA",
      "maxRecValue": "NA",
      "kind": "optional",
      "options": []
    },
    {
      "summary": "Don\u0027t recalibrate bases with quality scores less than this threshold (with -bqsr)",
      "name": "--preserve-qscores-less-than",
      "synonyms": "NA",
      "type": "int",
      "required": "no",
      "fulltext": "This flag tells GATK not to modify quality scores less than this value. Instead they will be written out unmodified in the recalibrated BAM file.\n In general it\u0027s unsafe to change qualities scores below \u003c 6, since base callers use these values to indicate random or bad bases.\n For example, Illumina writes Q2 bases when the machine has really gone wrong. This would be fine in and of itself,\n but when you select a subset of these reads based on their ability to align to the reference and their dinucleotide effect,\n your Q2 bin can be elevated to Q8 or Q10, leading to issues downstream.",
      "defaultValue": "6",
      "minValue": "-Infinity",
      "maxValue": "Infinity",
      "minRecValue": "NA",
      "maxRecValue": "NA",
      "kind": "optional",
      "options": []
    },
    {
      "summary": "Name of the program running",
      "name": "--program-name",
      "synonyms": "NA",
      "type": "String",
      "required": "no",
      "fulltext": "",
      "defaultValue": "null",
      "minValue": "NA",
      "maxValue": "NA",
      "minRecValue": "NA",
      "maxRecValue": "NA",
      "kind": "optional",
      "options": []
    },
    {
      "summary": "Quantize quality scores to a given number of levels",
      "name": "--quantize-quals",
      "synonyms": "NA",
      "type": "int",
      "required": "no",
      "fulltext": "Turns on the base quantization module. It requires a recalibration report.\n\n A value of 0 here means \"do not quantize\".\n Any value greater than zero will be used to recalculate the quantization using that many levels.\n Negative values mean that we should quantize using the recalibration report\u0027s quantization level.",
      "defaultValue": "0",
      "minValue": "-Infinity",
      "maxValue": "Infinity",
      "minRecValue": "NA",
      "maxRecValue": "NA",
      "kind": "optional",
      "options": []
    },
    {
      "summary": "number of distinct quality scores in the quantized output",
      "name": "--quantizing-levels",
      "synonyms": "NA",
      "type": "int",
      "required": "no",
      "fulltext": "BQSR generates a quantization table for quick quantization later by subsequent tools. BQSR does not quantize the base qualities, this is done by the engine with the -qq or -bqsr options.\n This parameter tells BQSR the number of levels of quantization to use to build the quantization table.",
      "defaultValue": "16",
      "minValue": "-Infinity",
      "maxValue": "Infinity",
      "minRecValue": "NA",
      "maxRecValue": "NA",
      "kind": "optional",
      "options": []
    },
    {
      "summary": "Whether to suppress job-summary info on System.err.",
      "name": "--QUIET",
      "synonyms": "NA",
      "type": "Boolean",
      "required": "no",
      "fulltext": "",
      "defaultValue": "false",
      "minValue": "NA",
      "maxValue": "NA",
      "minRecValue": "NA",
      "maxRecValue": "NA",
      "kind": "common",
      "options": []
    },
    {
      "summary": "Read filters to be applied before analysis",
      "name": "--read-filter",
      "synonyms": "-RF",
      "type": "List[String]",
      "required": "no",
      "fulltext": "",
      "defaultValue": "[]",
      "minValue": "NA",
      "maxValue": "NA",
      "minRecValue": "NA",
      "maxRecValue": "NA",
      "kind": "common",
      "options": []
    },
    {
      "summary": "Indices to use for the read inputs. If specified, an index must be provided for every read input and in the same order as the read inputs. If this argument is not specified, the path to the index for each input will be inferred automatically.",
      "name": "--read-index",
      "synonyms": "-read-index",
      "type": "List[String]",
      "required": "no",
      "fulltext": "",
      "defaultValue": "[]",
      "minValue": "NA",
      "maxValue": "NA",
      "minRecValue": "NA",
      "maxRecValue": "NA",
      "kind": "common",
      "options": []
    },
    {
      "summary": "Validation stringency for all SAM/BAM/CRAM/SRA files read by this program.  The default stringency value SILENT can improve performance when processing a BAM file in which variable-length data (read, qualities, tags) do not otherwise need to be decoded.",
      "name": "--read-validation-stringency",
      "synonyms": "-VS",
      "type": "ValidationStringency",
      "required": "no",
      "fulltext": "",
      "defaultValue": "SILENT",
      "minValue": "NA",
      "maxValue": "NA",
      "minRecValue": "NA",
      "maxRecValue": "NA",
      "kind": "common",
      "options": [
        {
          "summary": "",
          "name": "STRICT"
        },
        {
          "summary": "",
          "name": "LENIENT"
        },
        {
          "summary": "",
          "name": "SILENT"
        }
      ]
    },
    {
      "summary": "Reference sequence file",
      "name": "--reference",
      "synonyms": "-R",
      "type": "String",
      "required": "yes",
      "fulltext": "",
      "defaultValue": "null",
      "minValue": "NA",
      "maxValue": "NA",
      "minRecValue": "NA",
      "maxRecValue": "NA",
      "kind": "required",
      "options": []
    },
    {
      "summary": "Round quals down to nearest quantized qual",
      "name": "--round-down-quantized",
      "synonyms": "NA",
      "type": "boolean",
      "required": "no",
      "fulltext": "Round down quantized only works with the static_quantized_quals option, and should not be used with\n the dynamic binning option provided by quantize_quals.  When roundDown \u003d false, rounding is done in\n probability space to the nearest bin.  When roundDown \u003d true, the value is rounded to the nearest bin\n that is smaller than the current bin.",
      "defaultValue": "false",
      "minValue": "NA",
      "maxValue": "NA",
      "minRecValue": "NA",
      "maxRecValue": "NA",
      "kind": "advanced",
      "options": []
    },
    {
      "summary": "For tools that write an output, write the output in multiple pieces (shards)",
      "name": "--sharded-output",
      "synonyms": "NA",
      "type": "boolean",
      "required": "no",
      "fulltext": "",
      "defaultValue": "false",
      "minValue": "NA",
      "maxValue": "NA",
      "minRecValue": "NA",
      "maxRecValue": "NA",
      "kind": "optional",
      "options": []
    },
    {
      "summary": "display hidden arguments",
      "name": "--showHidden",
      "synonyms": "-showHidden",
      "type": "boolean",
      "required": "no",
      "fulltext": "",
      "defaultValue": "false",
      "minValue": "NA",
      "maxValue": "NA",
      "minRecValue": "NA",
      "maxRecValue": "NA",
      "kind": "advanced",
      "options": []
    },
    {
      "summary": "URL of the Spark Master to submit jobs to when using the Spark pipeline runner.",
      "name": "--spark-master",
      "synonyms": "NA",
      "type": "String",
      "required": "no",
      "fulltext": "",
      "defaultValue": "local[*]",
      "minValue": "NA",
      "maxValue": "NA",
      "minRecValue": "NA",
      "maxRecValue": "NA",
      "kind": "optional",
      "options": []
    },
    {
      "summary": "Spark verbosity. Overrides --verbosity for Spark-generated logs only. Possible values: {ALL, DEBUG, INFO, WARN, ERROR, FATAL, OFF, TRACE}",
      "name": "--spark-verbosity",
      "synonyms": "NA",
      "type": "String",
      "required": "no",
      "fulltext": "",
      "defaultValue": "null",
      "minValue": "NA",
      "maxValue": "NA",
      "minRecValue": "NA",
      "maxRecValue": "NA",
      "kind": "optional",
      "options": []
    },
    {
      "summary": "Use static quantized quality scores to a given number of levels (with -bqsr)",
      "name": "--static-quantized-quals",
      "synonyms": "NA",
      "type": "List[Integer]",
      "required": "no",
      "fulltext": "Static quantized quals are entirely separate from the quantize_qual option which uses dynamic binning.\n The two types of binning should not be used together.",
      "defaultValue": "[]",
      "minValue": "NA",
      "maxValue": "NA",
      "minRecValue": "NA",
      "maxRecValue": "NA",
      "kind": "advanced",
      "options": []
    },
    {
      "summary": "Temp directory to use.",
      "name": "--tmp-dir",
      "synonyms": "NA",
      "type": "GATKPathSpecifier",
      "required": "no",
      "fulltext": "",
      "defaultValue": "null",
      "minValue": "NA",
      "maxValue": "NA",
      "minRecValue": "NA",
      "maxRecValue": "NA",
      "kind": "common",
      "options": []
    },
    {
      "summary": "Whether to use the JdkDeflater (as opposed to IntelDeflater)",
      "name": "--use-jdk-deflater",
      "synonyms": "-jdk-deflater",
      "type": "boolean",
      "required": "no",
      "fulltext": "",
      "defaultValue": "false",
      "minValue": "NA",
      "maxValue": "NA",
      "minRecValue": "NA",
      "maxRecValue": "NA",
      "kind": "common",
      "options": []
    },
    {
      "summary": "Whether to use the JdkInflater (as opposed to IntelInflater)",
      "name": "--use-jdk-inflater",
      "synonyms": "-jdk-inflater",
      "type": "boolean",
      "required": "no",
      "fulltext": "",
      "defaultValue": "false",
      "minValue": "NA",
      "maxValue": "NA",
      "minRecValue": "NA",
      "maxRecValue": "NA",
      "kind": "common",
      "options": []
    },
    {
      "summary": "Use the base quality scores from the OQ tag",
      "name": "--use-original-qualities",
      "synonyms": "-OQ",
      "type": "Boolean",
      "required": "no",
      "fulltext": "This flag tells GATK to use the original base qualities (that were in the data before BQSR/recalibration) which\n are stored in the OQ tag, if they are present, rather than use the post-recalibration quality scores. If no OQ\n tag is present for a read, the standard qual score will be used.",
      "defaultValue": "false",
      "minValue": "NA",
      "maxValue": "NA",
      "minRecValue": "NA",
      "maxRecValue": "NA",
      "kind": "optional",
      "options": []
    },
    {
      "summary": "Control verbosity of logging.",
      "name": "--verbosity",
      "synonyms": "-verbosity",
      "type": "LogLevel",
      "required": "no",
      "fulltext": "",
      "defaultValue": "INFO",
      "minValue": "NA",
      "maxValue": "NA",
      "minRecValue": "NA",
      "maxRecValue": "NA",
      "kind": "common",
      "options": [
        {
          "summary": "",
          "name": "ERROR"
        },
        {
          "summary": "",
          "name": "WARNING"
        },
        {
          "summary": "",
          "name": "INFO"
        },
        {
          "summary": "",
          "name": "DEBUG"
        }
      ]
    },
    {
      "summary": "display the version number for this tool",
      "name": "--version",
      "synonyms": "NA",
      "type": "boolean",
      "required": "no",
      "fulltext": "",
      "defaultValue": "false",
      "minValue": "NA",
      "maxValue": "NA",
      "minRecValue": "NA",
      "maxRecValue": "NA",
      "kind": "optional",
      "options": []
    }
  ],
  "description": "The full BQSR pipeline in one tool to run on Spark.\n The final result is analysis-ready reads.\n This runs BaseRecalibrator and then ApplyBQSR to give a BAM with recalibrated base qualities.\n\n\n \u003ch3\u003eInput\u003c/h3\u003e\n \u003cul\u003e\n     \u003cli\u003eA BAM or CRAM file containing input read data\u003c/li\u003e\n     \u003cli\u003e A database of known polymorphic sites to skip over.\u003c/li\u003e\n \u003c/ul\u003e\n\n \u003ch3\u003eOutput\u003c/h3\u003e\n \u003cp\u003e A BAM or CRAM file containing the recalibrated read data\u003c/p\u003e\n\n \u003ch3\u003eUsage example\u003c/h3\u003e\n \u003cpre\u003e\n gatk BQSRPipelineSpark \\\n   -R gs://my-gcs-bucket/reference.fasta \\\n   -I gs://my-gcs-bucket/input.bam \\\n   --known-sites gs://my-gcs-bucket/sites_of_variation.vcf \\\n   --known-sites gs://my-gcs-bucket/another/optional/setOfSitesToMask.vcf \\\n   -O gs://my-gcs-bucket/output.bam \\\n   -- \\\n   --sparkRunner GCS \\\n   --cluster my-dataproc-cluster\n \u003c/pre\u003e",
  "name": "BQSRPipelineSpark",
  "group": "Read Data Manipulation",
  "beta": true,
  "experimental": false
}