{
  "summary": "Creates plots of denoised copy ratios",
  "arguments": [
    {
      "summary": "read one or more arguments files and add them to the command line",
      "name": "--arguments_file",
      "synonyms": "NA",
      "type": "List[File]",
      "required": "no",
      "fulltext": "",
      "defaultValue": "[]",
      "minValue": "NA",
      "maxValue": "NA",
      "minRecValue": "NA",
      "maxRecValue": "NA",
      "kind": "optional",
      "options": []
    },
    {
      "summary": "Input file containing denoised copy ratios (output of DenoiseReadCounts).",
      "name": "--denoised-copy-ratios",
      "synonyms": "NA",
      "type": "File",
      "required": "yes",
      "fulltext": "",
      "defaultValue": "null",
      "minValue": "NA",
      "maxValue": "NA",
      "minRecValue": "NA",
      "maxRecValue": "NA",
      "kind": "required",
      "options": []
    },
    {
      "summary": "A configuration file to use with the GATK.",
      "name": "--gatk-config-file",
      "synonyms": "NA",
      "type": "String",
      "required": "no",
      "fulltext": "",
      "defaultValue": "null",
      "minValue": "NA",
      "maxValue": "NA",
      "minRecValue": "NA",
      "maxRecValue": "NA",
      "kind": "common",
      "options": []
    },
    {
      "summary": "If the GCS bucket channel errors out, how many times it will attempt to re-initiate the connection",
      "name": "--gcs-max-retries",
      "synonyms": "-gcs-retries",
      "type": "int",
      "required": "no",
      "fulltext": "",
      "defaultValue": "20",
      "minValue": "-Infinity",
      "maxValue": "Infinity",
      "minRecValue": "NA",
      "maxRecValue": "NA",
      "kind": "optional",
      "options": []
    },
    {
      "summary": "Project to bill when accessing \"requester pays\" buckets. If unset, these buckets cannot be accessed.",
      "name": "--gcs-project-for-requester-pays",
      "synonyms": "NA",
      "type": "String",
      "required": "no",
      "fulltext": "",
      "defaultValue": "\"\"",
      "minValue": "NA",
      "maxValue": "NA",
      "minRecValue": "NA",
      "maxRecValue": "NA",
      "kind": "optional",
      "options": []
    },
    {
      "summary": "display the help message",
      "name": "--help",
      "synonyms": "-h",
      "type": "boolean",
      "required": "no",
      "fulltext": "",
      "defaultValue": "false",
      "minValue": "NA",
      "maxValue": "NA",
      "minRecValue": "NA",
      "maxRecValue": "NA",
      "kind": "optional",
      "options": []
    },
    {
      "summary": "Threshold length (in bp) for contigs to be plotted. Contigs with lengths less than this threshold will not be plotted. This can be used to filter out mitochondrial contigs, unlocalized contigs, etc.",
      "name": "--minimum-contig-length",
      "synonyms": "NA",
      "type": "int",
      "required": "no",
      "fulltext": "",
      "defaultValue": "1000000",
      "minValue": "0.0",
      "maxValue": "Infinity",
      "minRecValue": "NA",
      "maxRecValue": "NA",
      "kind": "optional",
      "options": []
    },
    {
      "summary": "Output directory.  This will be created if it does not exist.",
      "name": "--output",
      "synonyms": "-O",
      "type": "File",
      "required": "yes",
      "fulltext": "",
      "defaultValue": "null",
      "minValue": "NA",
      "maxValue": "NA",
      "minRecValue": "NA",
      "maxRecValue": "NA",
      "kind": "required",
      "options": []
    },
    {
      "summary": "Prefix for output filenames.",
      "name": "--output-prefix",
      "synonyms": "NA",
      "type": "String",
      "required": "yes",
      "fulltext": "",
      "defaultValue": "null",
      "minValue": "NA",
      "maxValue": "NA",
      "minRecValue": "NA",
      "maxRecValue": "NA",
      "kind": "required",
      "options": []
    },
    {
      "summary": "Whether to suppress job-summary info on System.err.",
      "name": "--QUIET",
      "synonyms": "NA",
      "type": "Boolean",
      "required": "no",
      "fulltext": "",
      "defaultValue": "false",
      "minValue": "NA",
      "maxValue": "NA",
      "minRecValue": "NA",
      "maxRecValue": "NA",
      "kind": "common",
      "options": []
    },
    {
      "summary": "File containing a sequence dictionary, which specifies the contigs to be plotted and their relative lengths. The sequence dictionary must be a subset of those contained in other input files. Contigs will be plotted in the order given. Contig names should not include the string \"CONTIG_DELIMITER\". The tool only considers contigs in the given dictionary for plotting, and data for contigs absent in the dictionary generate only a warning. In other words, you may modify a reference dictionary for use with this tool to include only contigs for which plotting is desired, and sort the contigs to the order in which the plots should display the contigs.",
      "name": "--sequence-dictionary",
      "synonyms": "-sequence-dictionary",
      "type": "File",
      "required": "yes",
      "fulltext": "",
      "defaultValue": "null",
      "minValue": "NA",
      "maxValue": "NA",
      "minRecValue": "NA",
      "maxRecValue": "NA",
      "kind": "required",
      "options": []
    },
    {
      "summary": "display hidden arguments",
      "name": "--showHidden",
      "synonyms": "-showHidden",
      "type": "boolean",
      "required": "no",
      "fulltext": "",
      "defaultValue": "false",
      "minValue": "NA",
      "maxValue": "NA",
      "minRecValue": "NA",
      "maxRecValue": "NA",
      "kind": "advanced",
      "options": []
    },
    {
      "summary": "Input file containing standardized copy ratios (output of DenoiseReadCounts).",
      "name": "--standardized-copy-ratios",
      "synonyms": "NA",
      "type": "File",
      "required": "yes",
      "fulltext": "",
      "defaultValue": "null",
      "minValue": "NA",
      "maxValue": "NA",
      "minRecValue": "NA",
      "maxRecValue": "NA",
      "kind": "required",
      "options": []
    },
    {
      "summary": "Temp directory to use.",
      "name": "--tmp-dir",
      "synonyms": "NA",
      "type": "GATKPathSpecifier",
      "required": "no",
      "fulltext": "",
      "defaultValue": "null",
      "minValue": "NA",
      "maxValue": "NA",
      "minRecValue": "NA",
      "maxRecValue": "NA",
      "kind": "common",
      "options": []
    },
    {
      "summary": "Whether to use the JdkDeflater (as opposed to IntelDeflater)",
      "name": "--use-jdk-deflater",
      "synonyms": "-jdk-deflater",
      "type": "boolean",
      "required": "no",
      "fulltext": "",
      "defaultValue": "false",
      "minValue": "NA",
      "maxValue": "NA",
      "minRecValue": "NA",
      "maxRecValue": "NA",
      "kind": "common",
      "options": []
    },
    {
      "summary": "Whether to use the JdkInflater (as opposed to IntelInflater)",
      "name": "--use-jdk-inflater",
      "synonyms": "-jdk-inflater",
      "type": "boolean",
      "required": "no",
      "fulltext": "",
      "defaultValue": "false",
      "minValue": "NA",
      "maxValue": "NA",
      "minRecValue": "NA",
      "maxRecValue": "NA",
      "kind": "common",
      "options": []
    },
    {
      "summary": "Control verbosity of logging.",
      "name": "--verbosity",
      "synonyms": "-verbosity",
      "type": "LogLevel",
      "required": "no",
      "fulltext": "",
      "defaultValue": "INFO",
      "minValue": "NA",
      "maxValue": "NA",
      "minRecValue": "NA",
      "maxRecValue": "NA",
      "kind": "common",
      "options": [
        {
          "summary": "",
          "name": "ERROR"
        },
        {
          "summary": "",
          "name": "WARNING"
        },
        {
          "summary": "",
          "name": "INFO"
        },
        {
          "summary": "",
          "name": "DEBUG"
        }
      ]
    },
    {
      "summary": "display the version number for this tool",
      "name": "--version",
      "synonyms": "NA",
      "type": "boolean",
      "required": "no",
      "fulltext": "",
      "defaultValue": "false",
      "minValue": "NA",
      "maxValue": "NA",
      "minRecValue": "NA",
      "maxRecValue": "NA",
      "kind": "optional",
      "options": []
    }
  ],
  "description": "Creates plots of denoised copy ratios.  The tool also generates various denoising metrics.\n\n \u003ch3\u003eInputs\u003c/h3\u003e\n\n \u003cul\u003e\n     \u003cli\u003e\n         Standardized-copy-ratios from DenoiseReadCounts.\n     \u003c/li\u003e\n     \u003cli\u003e\n         Denoised-copy-ratios from DenoiseReadCounts.\n     \u003c/li\u003e\n     \u003cli\u003e\n         Sequence-dictionary file.\n         This determines the order and representation of contigs in the plot.\n     \u003c/li\u003e\n     \u003cli\u003e\n         Output prefix.\n         This is used as the basename for output files.\n     \u003c/li\u003e\n     \u003cli\u003e\n         Output directory.\n         This will be created if it does not exist.\n     \u003c/li\u003e\n \u003c/ul\u003e\n\n \u003ch3\u003eOutputs\u003c/h3\u003e\n\n \u003cul\u003e\n     \u003cli\u003e\n         Denoised-plot files.\n         Two versions of a plot showing both the standardized and denoised copy ratios are output;\n         the first covers the entire range of the copy ratios, while the second is limited to copy ratios within [0, 4].\n     \u003c/li\u003e\n      \u003cli\u003e\n         Median-absolute-deviation files.\n         These files contain the median absolute deviation (MAD) for both the standardized (.standardizedMAD.txt)\n         and denoised (.denoisedMAD.txt) copy ratios, the change between the two (.deltaMAD.txt),\n         and the change between the two scaled by the standardized MAD (.deltaScaledMAD.txt).\n     \u003c/li\u003e\n \u003c/ul\u003e\n\n \u003ch3\u003eUsage example\u003c/h3\u003e\n\n \u003cpre\u003e\n     gatk PlotDenoisedCopyRatios \\\n          --standardized-copy-ratios tumor.standardizedCR.tsv \\\n          --denoised-copy-ratios tumor.denoisedCR.tsv \\\n          --sequence-dictionary contigs_to_plot.dict \\\n          --output-prefix tumor \\\n          -O output_dir\n \u003c/pre\u003e",
  "name": "PlotDenoisedCopyRatios",
  "group": "Copy Number Variant Discovery",
  "beta": false,
  "experimental": false
}