{
  "summary": "Count of read pairs in the F1R2 and F2R1 configurations supporting REF and ALT alleles (F1R2, F2R1)",
  "arguments": [],
  "description": "Count of read pairs in the F1R2 and F2R1 configurations supporting the reference and alternate alleles\n\n  \u003cp\u003eThis is an annotation that gathers information about the read pair configuration for the reads supporting each\n  allele. It can be used along with downstream filtering steps to identify and filter out erroneous variants that occur\n  with higher frequency in one read pair orientation.\u003c/p\u003e\n\n  \u003ch3\u003eReferences\u003c/h3\u003e\n  \u003cp\u003eFor more details about the mechanism of oxoG artifact generation, see \u003ca href\u003d\u0027http://www.ncbi.nlm.nih.gov/pubmed/23303777\u0027 target\u003d\u0027_blank\u0027\u003e\n      \u003ci\u003e\u003c/i\u003eDiscovery and characterization of artefactual mutations in deep coverage targeted capture sequencing data due to oxidative DNA damage during sample preparation.\u003c/i\u003e\n  by Costello et al, doi: 10.1093/nar/gks1443\u003c/a\u003e\u003c/p\u003e",
  "name": "OrientationBiasReadCounts",
  "group": "Variant Annotations",
  "beta": false,
  "experimental": false
}