{
  "summary": "Data source downloader for Funcotator.",
  "arguments": [
    {
      "summary": "read one or more arguments files and add them to the command line",
      "name": "--arguments_file",
      "synonyms": "NA",
      "type": "List[File]",
      "required": "no",
      "fulltext": "",
      "defaultValue": "[]",
      "minValue": "NA",
      "maxValue": "NA",
      "minRecValue": "NA",
      "maxRecValue": "NA",
      "kind": "optional",
      "options": []
    },
    {
      "summary": "Extract the data sources to a sibling folder after they have been downloaded.",
      "name": "--extract-after-download",
      "synonyms": "-extract-after-download",
      "type": "boolean",
      "required": "no",
      "fulltext": "",
      "defaultValue": "false",
      "minValue": "NA",
      "maxValue": "NA",
      "minRecValue": "NA",
      "maxRecValue": "NA",
      "kind": "optional",
      "options": []
    },
    {
      "summary": "A configuration file to use with the GATK.",
      "name": "--gatk-config-file",
      "synonyms": "NA",
      "type": "String",
      "required": "no",
      "fulltext": "",
      "defaultValue": "null",
      "minValue": "NA",
      "maxValue": "NA",
      "minRecValue": "NA",
      "maxRecValue": "NA",
      "kind": "common",
      "options": []
    },
    {
      "summary": "If the GCS bucket channel errors out, how many times it will attempt to re-initiate the connection",
      "name": "--gcs-max-retries",
      "synonyms": "-gcs-retries",
      "type": "int",
      "required": "no",
      "fulltext": "",
      "defaultValue": "20",
      "minValue": "-Infinity",
      "maxValue": "Infinity",
      "minRecValue": "NA",
      "maxRecValue": "NA",
      "kind": "optional",
      "options": []
    },
    {
      "summary": "Project to bill when accessing \"requester pays\" buckets. If unset, these buckets cannot be accessed.",
      "name": "--gcs-project-for-requester-pays",
      "synonyms": "NA",
      "type": "String",
      "required": "no",
      "fulltext": "",
      "defaultValue": "\"\"",
      "minValue": "NA",
      "maxValue": "NA",
      "minRecValue": "NA",
      "maxRecValue": "NA",
      "kind": "optional",
      "options": []
    },
    {
      "summary": "Download the latest pre-packaged datasources for germline functional annotation.",
      "name": "--germline",
      "synonyms": "-germline",
      "type": "boolean",
      "required": "no",
      "fulltext": "",
      "defaultValue": "false",
      "minValue": "NA",
      "maxValue": "NA",
      "minRecValue": "NA",
      "maxRecValue": "NA",
      "kind": "optional",
      "options": []
    },
    {
      "summary": "display the help message",
      "name": "--help",
      "synonyms": "-h",
      "type": "boolean",
      "required": "no",
      "fulltext": "",
      "defaultValue": "false",
      "minValue": "NA",
      "maxValue": "NA",
      "minRecValue": "NA",
      "maxRecValue": "NA",
      "kind": "optional",
      "options": []
    },
    {
      "summary": "Output location for the data sources.",
      "name": "--output",
      "synonyms": "-O",
      "type": "File",
      "required": "no",
      "fulltext": "",
      "defaultValue": "null",
      "minValue": "NA",
      "maxValue": "NA",
      "minRecValue": "NA",
      "maxRecValue": "NA",
      "kind": "optional",
      "options": []
    },
    {
      "summary": "Overwrite output file if it exists already.",
      "name": "--overwrite-output-file",
      "synonyms": "-overwrite-output-file",
      "type": "boolean",
      "required": "no",
      "fulltext": "",
      "defaultValue": "false",
      "minValue": "NA",
      "maxValue": "NA",
      "minRecValue": "NA",
      "maxRecValue": "NA",
      "kind": "optional",
      "options": []
    },
    {
      "summary": "Whether to suppress job-summary info on System.err.",
      "name": "--QUIET",
      "synonyms": "NA",
      "type": "Boolean",
      "required": "no",
      "fulltext": "",
      "defaultValue": "false",
      "minValue": "NA",
      "maxValue": "NA",
      "minRecValue": "NA",
      "maxRecValue": "NA",
      "kind": "common",
      "options": []
    },
    {
      "summary": "display hidden arguments",
      "name": "--showHidden",
      "synonyms": "-showHidden",
      "type": "boolean",
      "required": "no",
      "fulltext": "",
      "defaultValue": "false",
      "minValue": "NA",
      "maxValue": "NA",
      "minRecValue": "NA",
      "maxRecValue": "NA",
      "kind": "advanced",
      "options": []
    },
    {
      "summary": "Download the latest pre-packaged datasources for somatic functional annotation.",
      "name": "--somatic",
      "synonyms": "-somatic",
      "type": "boolean",
      "required": "no",
      "fulltext": "",
      "defaultValue": "false",
      "minValue": "NA",
      "maxValue": "NA",
      "minRecValue": "NA",
      "maxRecValue": "NA",
      "kind": "optional",
      "options": []
    },
    {
      "summary": "Temp directory to use.",
      "name": "--tmp-dir",
      "synonyms": "NA",
      "type": "GATKPathSpecifier",
      "required": "no",
      "fulltext": "",
      "defaultValue": "null",
      "minValue": "NA",
      "maxValue": "NA",
      "minRecValue": "NA",
      "maxRecValue": "NA",
      "kind": "common",
      "options": []
    },
    {
      "summary": "Whether to use the JdkDeflater (as opposed to IntelDeflater)",
      "name": "--use-jdk-deflater",
      "synonyms": "-jdk-deflater",
      "type": "boolean",
      "required": "no",
      "fulltext": "",
      "defaultValue": "false",
      "minValue": "NA",
      "maxValue": "NA",
      "minRecValue": "NA",
      "maxRecValue": "NA",
      "kind": "common",
      "options": []
    },
    {
      "summary": "Whether to use the JdkInflater (as opposed to IntelInflater)",
      "name": "--use-jdk-inflater",
      "synonyms": "-jdk-inflater",
      "type": "boolean",
      "required": "no",
      "fulltext": "",
      "defaultValue": "false",
      "minValue": "NA",
      "maxValue": "NA",
      "minRecValue": "NA",
      "maxRecValue": "NA",
      "kind": "common",
      "options": []
    },
    {
      "summary": "Validate the integrity of the data sources after downloading them using sha256.",
      "name": "--validate-integrity",
      "synonyms": "-validate-integrity",
      "type": "boolean",
      "required": "no",
      "fulltext": "",
      "defaultValue": "false",
      "minValue": "NA",
      "maxValue": "NA",
      "minRecValue": "NA",
      "maxRecValue": "NA",
      "kind": "optional",
      "options": []
    },
    {
      "summary": "Control verbosity of logging.",
      "name": "--verbosity",
      "synonyms": "-verbosity",
      "type": "LogLevel",
      "required": "no",
      "fulltext": "",
      "defaultValue": "INFO",
      "minValue": "NA",
      "maxValue": "NA",
      "minRecValue": "NA",
      "maxRecValue": "NA",
      "kind": "common",
      "options": [
        {
          "summary": "",
          "name": "ERROR"
        },
        {
          "summary": "",
          "name": "WARNING"
        },
        {
          "summary": "",
          "name": "INFO"
        },
        {
          "summary": "",
          "name": "DEBUG"
        }
      ]
    },
    {
      "summary": "display the version number for this tool",
      "name": "--version",
      "synonyms": "NA",
      "type": "boolean",
      "required": "no",
      "fulltext": "",
      "defaultValue": "false",
      "minValue": "NA",
      "maxValue": "NA",
      "minRecValue": "NA",
      "maxRecValue": "NA",
      "kind": "optional",
      "options": []
    }
  ],
  "description": "FuncotatorDataSourceDownloader is a tool to download the latest data sources for \u003cb\u003e\u003ci\u003eFuncotator\u003c/i\u003e\u003c/b\u003e.\n\n \u003ch3\u003eGeneral Information\u003c/h3\u003e\n \u003cp\u003e\n This tool can download pre-packaged data sources for both the \u003cstrong\u003esomatic\u003c/strong\u003e and \u003cstrong\u003egermline\u003c/strong\u003e use cases.\n The data sources downloaded by this tool correspond to the current minimum of the data sources supported as defined in \u003cb\u003e\u003ci\u003eorg.broadinstitute.hellbender.tools.funcotator.dataSources.DataSourceUtils#CURRENT_MINIMUM_DATA_SOURCE_VERSION\u003c/i\u003e\u003c/b\u003e.\n \u003c/p\u003e\n\n \u003cp\u003e\n To download and extract the data sources, you can invoke FuncotatorDataSourceDownloader in the following ways:\n     \u003cul\u003e\n         \u003cli\u003eFor \u003cstrong\u003esomatic\u003c/strong\u003e data sources:\u003cbr /\u003e\u003cpre\u003e ./gatk FuncotatorDataSourceDownloader --somatic --validate-integrity --extract-after-download\u003c/pre\u003e\u003c/li\u003e\n         \u003cli\u003eFor \u003cstrong\u003egermline\u003c/strong\u003e data sources:\u003cbr /\u003e\u003cpre\u003e ./gatk FuncotatorDataSourceDownloader --germline --validate-integrity --extract-after-download\u003c/pre\u003e\u003c/li\u003e\n     \u003c/ul\u003e\n \u003c/p\u003e\n\n \u003ch3\u003eNotes\u003c/h3\u003e\n \u003cul\u003e\n     \u003cli\u003eBy default FuncotatorDataSourceDownloader will not overwrite data sources if they already exist locally.\u003c/li\u003e\n     \u003cli\u003eIt is recommended to run the validation step after downloading the data sources to ensure download integrity.\u003c/li\u003e\n     \u003cli\u003eUsing this tool will result in longer download times for data sources than if gsutil were invoked directly to copy down the data sources.\n     \u003cbr /\u003eThis is a known issue and is due to the tool printing the progress of the download.\u003c/li\u003e\n \u003c/ul\u003e",
  "name": "FuncotatorDataSourceDownloader",
  "group": "Variant Evaluation and Refinement",
  "beta": false,
  "experimental": false
}