{
  "summary": "Allele-specific rank sum test of REF versus ALT base quality scores (AS_BaseQRankSum)",
  "arguments": [],
  "description": "Allele-specific rank Sum Test of REF versus ALT base quality scores\n\n \u003cp\u003eThis variant-level annotation compares the base qualities of the data supporting the reference allele with those supporting each alternate allele. To be clear, it does so separately for each alternate allele. \u003c/p\u003e\n\n \u003cp\u003eThe ideal result is a value close to zero, which indicates there is little to no difference. A negative value indicates that the bases supporting the alternate allele have lower quality scores than those supporting the reference allele. Conversely, a positive value indicates that the bases supporting the alternate allele have higher quality scores than those supporting the reference allele. Finding a statistically significant difference either way suggests that the sequencing process may have been biased or affected by an artifact.\u003c/p\u003e\n\n \u003ch3\u003eStatistical notes\u003c/h3\u003e\n \u003cp\u003eThe value output for this annotation is the u-based z-approximation from the Mann-Whitney-Wilcoxon Rank Sum Test for base qualities (bases supporting REF vs. bases supporting ALT). See the \u003ca href\u003d\"http://www.broadinstitute.org/gatk/guide/article?id\u003d4732\"\u003emethod document on statistical tests\u003c/a\u003e for a more detailed explanation of the ranksum test.\u003c/p\u003e\n\n \u003ch3\u003eCaveats\u003c/h3\u003e\n \u003cul\u003e\n \u003cli\u003eUninformative reads are not used in these calculations.\u003c/li\u003e\n \u003cli\u003eThe base quality rank sum test cannot be calculated for sites without a mixture of reads showing both the reference and alternate alleles.\u003c/li\u003e\n \u003c/ul\u003e\n\n \u003ch3\u003eRelated annotations\u003c/h3\u003e\n \u003cul\u003e\n \u003cli\u003e\u003cb\u003e\u003ca href\u003d\"https://www.broadinstitute.org/gatk/guide/tooldocs/org_broadinstitute_gatk_tools_walkers_annotator_BaseQualityRankSumTest.php\"\u003eBaseQualityRankSumTest\u003c/a\u003e\u003c/b\u003e outputs a version of this annotation that includes all alternate alleles in a single calculation.\u003c/li\u003e\n \u003c/ul\u003e",
  "name": "AS_BaseQualityRankSumTest",
  "group": "Variant Annotations",
  "beta": false,
  "experimental": false
}