{
  "summary": "Filters intervals based on annotations and/or count statistics",
  "arguments": [
    {
      "summary": "Input file containing annotations for genomic intervals (output of AnnotateIntervals).  Must be provided if no counts files are provided.",
      "name": "--annotated-intervals",
      "synonyms": "NA",
      "type": "File",
      "required": "no",
      "fulltext": "",
      "defaultValue": "null",
      "minValue": "NA",
      "maxValue": "NA",
      "minRecValue": "NA",
      "maxRecValue": "NA",
      "kind": "optional",
      "options": []
    },
    {
      "summary": "read one or more arguments files and add them to the command line",
      "name": "--arguments_file",
      "synonyms": "NA",
      "type": "List[File]",
      "required": "no",
      "fulltext": "",
      "defaultValue": "[]",
      "minValue": "NA",
      "maxValue": "NA",
      "minRecValue": "NA",
      "maxRecValue": "NA",
      "kind": "optional",
      "options": []
    },
    {
      "summary": "One or more genomic intervals to exclude from processing",
      "name": "--exclude-intervals",
      "synonyms": "-XL",
      "type": "List[String]",
      "required": "no",
      "fulltext": "Use this argument to exclude certain parts of the genome from the analysis (like -L, but the opposite).\n This argument can be specified multiple times. You can use samtools-style intervals either explicitly on the\n command line (e.g. -XL 1 or -XL 1:100-200) or by loading in a file containing a list of intervals\n (e.g. -XL myFile.intervals).",
      "defaultValue": "[]",
      "minValue": "NA",
      "maxValue": "NA",
      "minRecValue": "NA",
      "maxRecValue": "NA",
      "kind": "common",
      "options": []
    },
    {
      "summary": "Maximum-percentile parameter for the extreme-count filter.  Intervals with a count that has a percentile strictly greater than this in a percentage of samples strictly greater than extreme-count-filter-percentage-of-samples will be filtered out.  (This is the second count-based filter applied.)",
      "name": "--extreme-count-filter-maximum-percentile",
      "synonyms": "NA",
      "type": "double",
      "required": "no",
      "fulltext": "",
      "defaultValue": "99.0",
      "minValue": "0.0",
      "maxValue": "100.0",
      "minRecValue": "NA",
      "maxRecValue": "NA",
      "kind": "optional",
      "options": []
    },
    {
      "summary": "Minimum-percentile parameter for the extreme-count filter.  Intervals with a count that has a percentile strictly less than this in a percentage of samples strictly greater than extreme-count-filter-percentage-of-samples will be filtered out.  (This is the second count-based filter applied.)",
      "name": "--extreme-count-filter-minimum-percentile",
      "synonyms": "NA",
      "type": "double",
      "required": "no",
      "fulltext": "",
      "defaultValue": "1.0",
      "minValue": "0.0",
      "maxValue": "100.0",
      "minRecValue": "NA",
      "maxRecValue": "NA",
      "kind": "optional",
      "options": []
    },
    {
      "summary": "Percentage-of-samples parameter for the extreme-count filter.  Intervals with a count that has a percentile outside of [extreme-count-filter-minimum-percentile, extreme-count-filter-maximum-percentile] in a percentage of samples strictly greater than this will be filtered out.  (This is the second count-based filter applied.)",
      "name": "--extreme-count-filter-percentage-of-samples",
      "synonyms": "NA",
      "type": "double",
      "required": "no",
      "fulltext": "",
      "defaultValue": "90.0",
      "minValue": "0.0",
      "maxValue": "100.0",
      "minRecValue": "NA",
      "maxRecValue": "NA",
      "kind": "optional",
      "options": []
    },
    {
      "summary": "A configuration file to use with the GATK.",
      "name": "--gatk-config-file",
      "synonyms": "NA",
      "type": "String",
      "required": "no",
      "fulltext": "",
      "defaultValue": "null",
      "minValue": "NA",
      "maxValue": "NA",
      "minRecValue": "NA",
      "maxRecValue": "NA",
      "kind": "common",
      "options": []
    },
    {
      "summary": "If the GCS bucket channel errors out, how many times it will attempt to re-initiate the connection",
      "name": "--gcs-max-retries",
      "synonyms": "-gcs-retries",
      "type": "int",
      "required": "no",
      "fulltext": "",
      "defaultValue": "20",
      "minValue": "-Infinity",
      "maxValue": "Infinity",
      "minRecValue": "NA",
      "maxRecValue": "NA",
      "kind": "optional",
      "options": []
    },
    {
      "summary": "Project to bill when accessing \"requester pays\" buckets. If unset, these buckets cannot be accessed.",
      "name": "--gcs-project-for-requester-pays",
      "synonyms": "NA",
      "type": "String",
      "required": "no",
      "fulltext": "",
      "defaultValue": "\"\"",
      "minValue": "NA",
      "maxValue": "NA",
      "minRecValue": "NA",
      "maxRecValue": "NA",
      "kind": "optional",
      "options": []
    },
    {
      "summary": "display the help message",
      "name": "--help",
      "synonyms": "-h",
      "type": "boolean",
      "required": "no",
      "fulltext": "",
      "defaultValue": "false",
      "minValue": "NA",
      "maxValue": "NA",
      "minRecValue": "NA",
      "maxRecValue": "NA",
      "kind": "optional",
      "options": []
    },
    {
      "summary": "Input TSV or HDF5 files containing integer read counts in genomic intervals (output of CollectReadCounts).  Must be provided if no annotated-intervals file is provided.",
      "name": "--input",
      "synonyms": "-I",
      "type": "List[File]",
      "required": "no",
      "fulltext": "",
      "defaultValue": "[]",
      "minValue": "NA",
      "maxValue": "NA",
      "minRecValue": "NA",
      "maxRecValue": "NA",
      "kind": "optional",
      "options": []
    },
    {
      "summary": "Amount of padding (in bp) to add to each interval you are excluding.",
      "name": "--interval-exclusion-padding",
      "synonyms": "-ixp",
      "type": "int",
      "required": "no",
      "fulltext": "Use this to add padding to the intervals specified using -XL. For example, \u0027-XL 1:100\u0027 with a\n padding value of 20 would turn into \u0027-XL 1:80-120\u0027. This is typically used to add padding around targets when\n analyzing exomes.",
      "defaultValue": "0",
      "minValue": "-Infinity",
      "maxValue": "Infinity",
      "minRecValue": "NA",
      "maxRecValue": "NA",
      "kind": "common",
      "options": []
    },
    {
      "summary": "Interval merging rule for abutting intervals",
      "name": "--interval-merging-rule",
      "synonyms": "-imr",
      "type": "IntervalMergingRule",
      "required": "no",
      "fulltext": "By default, the program merges abutting intervals (i.e. intervals that are directly side-by-side but do not\n actually overlap) into a single continuous interval. However you can change this behavior if you want them to be\n treated as separate intervals instead.",
      "defaultValue": "ALL",
      "minValue": "NA",
      "maxValue": "NA",
      "minRecValue": "NA",
      "maxRecValue": "NA",
      "kind": "optional",
      "options": [
        {
          "summary": "",
          "name": "ALL"
        },
        {
          "summary": "",
          "name": "OVERLAPPING_ONLY"
        }
      ]
    },
    {
      "summary": "Amount of padding (in bp) to add to each interval you are including.",
      "name": "--interval-padding",
      "synonyms": "-ip",
      "type": "int",
      "required": "no",
      "fulltext": "Use this to add padding to the intervals specified using -L. For example, \u0027-L 1:100\u0027 with a\n padding value of 20 would turn into \u0027-L 1:80-120\u0027. This is typically used to add padding around targets when\n analyzing exomes.",
      "defaultValue": "0",
      "minValue": "-Infinity",
      "maxValue": "Infinity",
      "minRecValue": "NA",
      "maxRecValue": "NA",
      "kind": "common",
      "options": []
    },
    {
      "summary": "Set merging approach to use for combining interval inputs",
      "name": "--interval-set-rule",
      "synonyms": "-isr",
      "type": "IntervalSetRule",
      "required": "no",
      "fulltext": "By default, the program will take the UNION of all intervals specified using -L and/or -XL. However, you can\n change this setting for -L, for example if you want to take the INTERSECTION of the sets instead. E.g. to\n perform the analysis only on chromosome 1 exomes, you could specify -L exomes.intervals -L 1 --interval-set-rule\n INTERSECTION. However, it is not possible to modify the merging approach for intervals passed using -XL (they will\n always be merged using UNION).\n\n Note that if you specify both -L and -XL, the -XL interval set will be subtracted from the -L interval set.",
      "defaultValue": "UNION",
      "minValue": "NA",
      "maxValue": "NA",
      "minRecValue": "NA",
      "maxRecValue": "NA",
      "kind": "common",
      "options": [
        {
          "summary": "Take the union of all intervals",
          "name": "UNION"
        },
        {
          "summary": "Take the intersection of intervals (the subset that overlaps all intervals specified)",
          "name": "INTERSECTION"
        }
      ]
    },
    {
      "summary": "One or more genomic intervals over which to operate",
      "name": "--intervals",
      "synonyms": "-L",
      "type": "List[String]",
      "required": "yes",
      "fulltext": "",
      "defaultValue": "[]",
      "minValue": "NA",
      "maxValue": "NA",
      "minRecValue": "NA",
      "maxRecValue": "NA",
      "kind": "required",
      "options": []
    },
    {
      "summary": "Count-threshold parameter for the low-count filter.  Intervals with a count strictly less than this threshold in a percentage of samples strictly greater than low-count-filter-percentage-of-samples will be filtered out.  (This is the first count-based filter applied.)",
      "name": "--low-count-filter-count-threshold",
      "synonyms": "NA",
      "type": "int",
      "required": "no",
      "fulltext": "",
      "defaultValue": "5",
      "minValue": "0.0",
      "maxValue": "Infinity",
      "minRecValue": "NA",
      "maxRecValue": "NA",
      "kind": "optional",
      "options": []
    },
    {
      "summary": "Percentage-of-samples parameter for the low-count filter.  Intervals with a count strictly less than low-count-filter-count-threshold in a percentage of samples strictly greater than this will be filtered out.  (This is the first count-based filter applied.)",
      "name": "--low-count-filter-percentage-of-samples",
      "synonyms": "NA",
      "type": "double",
      "required": "no",
      "fulltext": "",
      "defaultValue": "90.0",
      "minValue": "0.0",
      "maxValue": "100.0",
      "minRecValue": "NA",
      "maxRecValue": "NA",
      "kind": "optional",
      "options": []
    },
    {
      "summary": "Maximum allowed value for GC-content annotation (inclusive).",
      "name": "--maximum-gc-content",
      "synonyms": "NA",
      "type": "double",
      "required": "no",
      "fulltext": "",
      "defaultValue": "0.9",
      "minValue": "0.0",
      "maxValue": "1.0",
      "minRecValue": "NA",
      "maxRecValue": "NA",
      "kind": "optional",
      "options": []
    },
    {
      "summary": "Maximum allowed value for mappability annotation (inclusive).",
      "name": "--maximum-mappability",
      "synonyms": "NA",
      "type": "double",
      "required": "no",
      "fulltext": "",
      "defaultValue": "1.0",
      "minValue": "0.0",
      "maxValue": "1.0",
      "minRecValue": "NA",
      "maxRecValue": "NA",
      "kind": "optional",
      "options": []
    },
    {
      "summary": "Maximum allowed value for segmental-duplication-content annotation (inclusive).",
      "name": "--maximum-segmental-duplication-content",
      "synonyms": "NA",
      "type": "double",
      "required": "no",
      "fulltext": "",
      "defaultValue": "0.5",
      "minValue": "0.0",
      "maxValue": "1.0",
      "minRecValue": "NA",
      "maxRecValue": "NA",
      "kind": "optional",
      "options": []
    },
    {
      "summary": "Minimum allowed value for GC-content annotation (inclusive).",
      "name": "--minimum-gc-content",
      "synonyms": "NA",
      "type": "double",
      "required": "no",
      "fulltext": "",
      "defaultValue": "0.1",
      "minValue": "0.0",
      "maxValue": "1.0",
      "minRecValue": "NA",
      "maxRecValue": "NA",
      "kind": "optional",
      "options": []
    },
    {
      "summary": "Minimum allowed value for mappability annotation (inclusive).",
      "name": "--minimum-mappability",
      "synonyms": "NA",
      "type": "double",
      "required": "no",
      "fulltext": "",
      "defaultValue": "0.9",
      "minValue": "0.0",
      "maxValue": "1.0",
      "minRecValue": "NA",
      "maxRecValue": "NA",
      "kind": "optional",
      "options": []
    },
    {
      "summary": "Minimum allowed value for segmental-duplication-content annotation (inclusive).",
      "name": "--minimum-segmental-duplication-content",
      "synonyms": "NA",
      "type": "double",
      "required": "no",
      "fulltext": "",
      "defaultValue": "0.0",
      "minValue": "0.0",
      "maxValue": "1.0",
      "minRecValue": "NA",
      "maxRecValue": "NA",
      "kind": "optional",
      "options": []
    },
    {
      "summary": "Output Picard interval-list file containing the filtered intervals.",
      "name": "--output",
      "synonyms": "-O",
      "type": "File",
      "required": "yes",
      "fulltext": "",
      "defaultValue": "null",
      "minValue": "NA",
      "maxValue": "NA",
      "minRecValue": "NA",
      "maxRecValue": "NA",
      "kind": "required",
      "options": []
    },
    {
      "summary": "Whether to suppress job-summary info on System.err.",
      "name": "--QUIET",
      "synonyms": "NA",
      "type": "Boolean",
      "required": "no",
      "fulltext": "",
      "defaultValue": "false",
      "minValue": "NA",
      "maxValue": "NA",
      "minRecValue": "NA",
      "maxRecValue": "NA",
      "kind": "common",
      "options": []
    },
    {
      "summary": "display hidden arguments",
      "name": "--showHidden",
      "synonyms": "-showHidden",
      "type": "boolean",
      "required": "no",
      "fulltext": "",
      "defaultValue": "false",
      "minValue": "NA",
      "maxValue": "NA",
      "minRecValue": "NA",
      "maxRecValue": "NA",
      "kind": "advanced",
      "options": []
    },
    {
      "summary": "Temp directory to use.",
      "name": "--tmp-dir",
      "synonyms": "NA",
      "type": "GATKPathSpecifier",
      "required": "no",
      "fulltext": "",
      "defaultValue": "null",
      "minValue": "NA",
      "maxValue": "NA",
      "minRecValue": "NA",
      "maxRecValue": "NA",
      "kind": "common",
      "options": []
    },
    {
      "summary": "Whether to use the JdkDeflater (as opposed to IntelDeflater)",
      "name": "--use-jdk-deflater",
      "synonyms": "-jdk-deflater",
      "type": "boolean",
      "required": "no",
      "fulltext": "",
      "defaultValue": "false",
      "minValue": "NA",
      "maxValue": "NA",
      "minRecValue": "NA",
      "maxRecValue": "NA",
      "kind": "common",
      "options": []
    },
    {
      "summary": "Whether to use the JdkInflater (as opposed to IntelInflater)",
      "name": "--use-jdk-inflater",
      "synonyms": "-jdk-inflater",
      "type": "boolean",
      "required": "no",
      "fulltext": "",
      "defaultValue": "false",
      "minValue": "NA",
      "maxValue": "NA",
      "minRecValue": "NA",
      "maxRecValue": "NA",
      "kind": "common",
      "options": []
    },
    {
      "summary": "Control verbosity of logging.",
      "name": "--verbosity",
      "synonyms": "-verbosity",
      "type": "LogLevel",
      "required": "no",
      "fulltext": "",
      "defaultValue": "INFO",
      "minValue": "NA",
      "maxValue": "NA",
      "minRecValue": "NA",
      "maxRecValue": "NA",
      "kind": "common",
      "options": [
        {
          "summary": "",
          "name": "ERROR"
        },
        {
          "summary": "",
          "name": "WARNING"
        },
        {
          "summary": "",
          "name": "INFO"
        },
        {
          "summary": "",
          "name": "DEBUG"
        }
      ]
    },
    {
      "summary": "display the version number for this tool",
      "name": "--version",
      "synonyms": "NA",
      "type": "boolean",
      "required": "no",
      "fulltext": "",
      "defaultValue": "false",
      "minValue": "NA",
      "maxValue": "NA",
      "minRecValue": "NA",
      "maxRecValue": "NA",
      "kind": "optional",
      "options": []
    }
  ],
  "description": "Given specified intervals, annotated intervals output by AnnotateIntervals, and/or counts output by\n CollectReadCounts, outputs a filtered Picard interval list.  The set intersection of intervals from the\n specified intervals, the annotated intervals, and the first count file will be taken as the initial set of intervals\n on which to perform filtering.  Parameters for filtering based on the annotations and counts can be adjusted.\n Annotation-based filters will be applied first, followed by count-based filters.  The result may be passed via -L to\n other tools (e.g., DetermineGermlineContigPloidy and GermlineCNVCaller) to mask intervals from\n analysis.\n\n \u003ch3\u003eInputs\u003c/h3\u003e\n\n \u003cul\u003e\n     \u003cli\u003e\n           Intervals to be filtered (typically, the bins output by PreprocessIntervals).\n         The argument interval-merging-rule must be set to IntervalMergingRule#OVERLAPPING_ONLY\n         and all other common arguments for interval padding or merging must be set to their defaults.\n         A blacklist of regions in which intervals should always be filtered (regardless of other annotation-based\n         or count-based filters) may also be provided via -XL; this can be used to filter pseudoautosomal regions\n         (PARs), for example.  Partial bins created by interval exclusion may be dropped upon intersection with\n         the intervals present in other optional inputs.\n     \u003c/li\u003e\n     \u003cli\u003e\n         (Optional) Annotated-intervals file from AnnotateIntervals.\n         Must be provided if no counts files are provided.\n     \u003c/li\u003e\n     \u003cli\u003e\n         (Optional) Counts files (TSV or HDF5 output of CollectReadCounts).\n         Must be provided if no annotated-intervals file is provided.\n     \u003c/li\u003e\n \u003c/ul\u003e\n\n \u003ch3\u003eOutput\u003c/h3\u003e\n\n \u003cul\u003e\n     \u003cli\u003e\n         Filtered Picard interval-list file.\n     \u003c/li\u003e\n \u003c/ul\u003e\n\n \u003ch3\u003eUsage examples\u003c/h3\u003e\n\n \u003cpre\u003e\n     gatk FilterIntervals \\\n          -L preprocessed_intervals.interval_list \\\n          -XL blacklist_intervals.interval_list \\\n          -I sample_1.counts.hdf5 \\\n          -I sample_2.counts.hdf5 \\\n          ... \\\n          --annotated-intervals annotated_intervals.tsv \\\n          -O filtered_intervals.interval_list\n \u003c/pre\u003e\n\n \u003cpre\u003e\n     gatk FilterIntervals \\\n          -L preprocessed_intervals.interval_list \\\n          --annotated-intervals annotated_intervals.tsv \\\n          -O filtered_intervals.interval_list\n \u003c/pre\u003e\n\n \u003cpre\u003e\n     gatk FilterIntervals \\\n          -L preprocessed_intervals.interval_list \\\n          -I sample_1.counts.hdf5 \\\n          -I sample_2.counts.hdf5 \\\n          ... \\\n          -O filtered_intervals.interval_list\n \u003c/pre\u003e",
  "name": "FilterIntervals",
  "group": "Copy Number Variant Discovery",
  "beta": false,
  "experimental": false
}