{
  "summary": "Condenses homRef blocks in a single-sample GVCF",
  "arguments": [
    {
      "summary": "If true, adds a PG tag to created SAM/BAM/CRAM files.",
      "name": "--add-output-sam-program-record",
      "synonyms": "-add-output-sam-program-record",
      "type": "boolean",
      "required": "no",
      "fulltext": "",
      "defaultValue": "true",
      "minValue": "NA",
      "maxValue": "NA",
      "minRecValue": "NA",
      "maxRecValue": "NA",
      "kind": "common",
      "options": []
    },
    {
      "summary": "If true, adds a command line header line to created VCF files.",
      "name": "--add-output-vcf-command-line",
      "synonyms": "-add-output-vcf-command-line",
      "type": "boolean",
      "required": "no",
      "fulltext": "",
      "defaultValue": "true",
      "minValue": "NA",
      "maxValue": "NA",
      "minRecValue": "NA",
      "maxRecValue": "NA",
      "kind": "common",
      "options": []
    },
    {
      "summary": "If provided, we will annotate records with the number of alternate alleles that were discovered (but not necessarily genotyped) at a given site",
      "name": "--annotate-with-num-discovered-alleles",
      "synonyms": "NA",
      "type": "boolean",
      "required": "no",
      "fulltext": "Depending on the value of the --max_alternate_alleles argument, we may genotype only a fraction of the alleles being sent on for genotyping.\n Using this argument instructs the genotyper to annotate (in the INFO field) the number of alternate alleles that were originally discovered at the site.",
      "defaultValue": "false",
      "minValue": "NA",
      "maxValue": "NA",
      "minRecValue": "NA",
      "maxRecValue": "NA",
      "kind": "optional",
      "options": []
    },
    {
      "summary": "One or more specific annotations to add to variant calls",
      "name": "--annotation",
      "synonyms": "-A",
      "type": "List[String]",
      "required": "no",
      "fulltext": "Which annotations to include in variant calls in the output. These supplement annotations provided by annotation groups.",
      "defaultValue": "[]",
      "minValue": "NA",
      "maxValue": "NA",
      "minRecValue": "NA",
      "maxRecValue": "NA",
      "kind": "optional",
      "options": []
    },
    {
      "summary": "One or more groups of annotations to apply to variant calls",
      "name": "--annotation-group",
      "synonyms": "-G",
      "type": "List[String]",
      "required": "no",
      "fulltext": "Which groups of annotations to add to the output variant calls.\n Any requirements that are not met (e.g. failing to provide a pedigree file for a pedigree-based annotation) may cause the run to fail.",
      "defaultValue": "[]",
      "minValue": "NA",
      "maxValue": "NA",
      "minRecValue": "NA",
      "maxRecValue": "NA",
      "kind": "optional",
      "options": []
    },
    {
      "summary": "One or more specific annotations to exclude from variant calls",
      "name": "--annotations-to-exclude",
      "synonyms": "-AX",
      "type": "List[String]",
      "required": "no",
      "fulltext": "Which annotations to exclude from output in the variant calls.  Note that this argument has higher priority than the\n -A or -G arguments, so these annotations will be excluded even if they are explicitly included with the other\n options.",
      "defaultValue": "[]",
      "minValue": "NA",
      "maxValue": "NA",
      "minRecValue": "NA",
      "maxRecValue": "NA",
      "kind": "optional",
      "options": []
    },
    {
      "summary": "read one or more arguments files and add them to the command line",
      "name": "--arguments_file",
      "synonyms": "NA",
      "type": "List[File]",
      "required": "no",
      "fulltext": "",
      "defaultValue": "[]",
      "minValue": "NA",
      "maxValue": "NA",
      "minRecValue": "NA",
      "maxRecValue": "NA",
      "kind": "optional",
      "options": []
    },
    {
      "summary": "Size of the cloud-only prefetch buffer (in MB; 0 to disable). Defaults to cloudPrefetchBuffer if unset.",
      "name": "--cloud-index-prefetch-buffer",
      "synonyms": "-CIPB",
      "type": "int",
      "required": "no",
      "fulltext": "",
      "defaultValue": "-1",
      "minValue": "-Infinity",
      "maxValue": "Infinity",
      "minRecValue": "NA",
      "maxRecValue": "NA",
      "kind": "optional",
      "options": []
    },
    {
      "summary": "Size of the cloud-only prefetch buffer (in MB; 0 to disable).",
      "name": "--cloud-prefetch-buffer",
      "synonyms": "-CPB",
      "type": "int",
      "required": "no",
      "fulltext": "",
      "defaultValue": "40",
      "minValue": "-Infinity",
      "maxValue": "Infinity",
      "minRecValue": "NA",
      "maxRecValue": "NA",
      "kind": "optional",
      "options": []
    },
    {
      "summary": "If true, create a BAM/CRAM index when writing a coordinate-sorted BAM/CRAM file.",
      "name": "--create-output-bam-index",
      "synonyms": "-OBI",
      "type": "boolean",
      "required": "no",
      "fulltext": "",
      "defaultValue": "true",
      "minValue": "NA",
      "maxValue": "NA",
      "minRecValue": "NA",
      "maxRecValue": "NA",
      "kind": "common",
      "options": []
    },
    {
      "summary": "If true, create a MD5 digest for any BAM/SAM/CRAM file created",
      "name": "--create-output-bam-md5",
      "synonyms": "-OBM",
      "type": "boolean",
      "required": "no",
      "fulltext": "",
      "defaultValue": "false",
      "minValue": "NA",
      "maxValue": "NA",
      "minRecValue": "NA",
      "maxRecValue": "NA",
      "kind": "common",
      "options": []
    },
    {
      "summary": "If true, create a VCF index when writing a coordinate-sorted VCF file.",
      "name": "--create-output-variant-index",
      "synonyms": "-OVI",
      "type": "boolean",
      "required": "no",
      "fulltext": "",
      "defaultValue": "true",
      "minValue": "NA",
      "maxValue": "NA",
      "minRecValue": "NA",
      "maxRecValue": "NA",
      "kind": "common",
      "options": []
    },
    {
      "summary": "If true, create a a MD5 digest any VCF file created.",
      "name": "--create-output-variant-md5",
      "synonyms": "-OVM",
      "type": "boolean",
      "required": "no",
      "fulltext": "",
      "defaultValue": "false",
      "minValue": "NA",
      "maxValue": "NA",
      "minRecValue": "NA",
      "maxRecValue": "NA",
      "kind": "common",
      "options": []
    },
    {
      "summary": "dbSNP file",
      "name": "--dbsnp",
      "synonyms": "-D",
      "type": "FeatureInput[VariantContext]",
      "required": "no",
      "fulltext": "A dbSNP VCF file.",
      "defaultValue": "null",
      "minValue": "NA",
      "maxValue": "NA",
      "minRecValue": "NA",
      "maxRecValue": "NA",
      "kind": "optional",
      "options": []
    },
    {
      "summary": "If true, don\u0027t cache bam indexes, this will reduce memory requirements but may harm performance if many intervals are specified.  Caching is automatically disabled if there are no intervals specified.",
      "name": "--disable-bam-index-caching",
      "synonyms": "-DBIC",
      "type": "boolean",
      "required": "no",
      "fulltext": "",
      "defaultValue": "false",
      "minValue": "NA",
      "maxValue": "NA",
      "minRecValue": "NA",
      "maxRecValue": "NA",
      "kind": "optional",
      "options": []
    },
    {
      "summary": "Read filters to be disabled before analysis",
      "name": "--disable-read-filter",
      "synonyms": "-DF",
      "type": "List[String]",
      "required": "no",
      "fulltext": "",
      "defaultValue": "[]",
      "minValue": "NA",
      "maxValue": "NA",
      "minRecValue": "NA",
      "maxRecValue": "NA",
      "kind": "common",
      "options": []
    },
    {
      "summary": "If specified, do not check the sequence dictionaries from our inputs for compatibility. Use at your own risk!",
      "name": "--disable-sequence-dictionary-validation",
      "synonyms": "-disable-sequence-dictionary-validation",
      "type": "boolean",
      "required": "no",
      "fulltext": "",
      "defaultValue": "false",
      "minValue": "NA",
      "maxValue": "NA",
      "minRecValue": "NA",
      "maxRecValue": "NA",
      "kind": "optional",
      "options": []
    },
    {
      "summary": "Disable all tool default annotations",
      "name": "--disable-tool-default-annotations",
      "synonyms": "-disable-tool-default-annotations",
      "type": "boolean",
      "required": "no",
      "fulltext": "Hook allowing for the user to remove default annotations from the tool",
      "defaultValue": "false",
      "minValue": "NA",
      "maxValue": "NA",
      "minRecValue": "NA",
      "maxRecValue": "NA",
      "kind": "advanced",
      "options": []
    },
    {
      "summary": "Disable all tool default read filters (WARNING: many tools will not function correctly without their default read filters on)",
      "name": "--disable-tool-default-read-filters",
      "synonyms": "-disable-tool-default-read-filters",
      "type": "boolean",
      "required": "no",
      "fulltext": "",
      "defaultValue": "false",
      "minValue": "NA",
      "maxValue": "NA",
      "minRecValue": "NA",
      "maxRecValue": "NA",
      "kind": "common",
      "options": []
    },
    {
      "summary": "Add necessary INFO field annotation to perform QUAL approximation downstream",
      "name": "--do-qual-score-approximation",
      "synonyms": "-do-qual-approx",
      "type": "boolean",
      "required": "no",
      "fulltext": "",
      "defaultValue": "false",
      "minValue": "NA",
      "maxValue": "NA",
      "minRecValue": "NA",
      "maxRecValue": "NA",
      "kind": "advanced",
      "options": []
    },
    {
      "summary": "Exclude variants and homRef blocks that are GQ0 from the reblocked GVCF to save space; drop low quality/uncalled alleles",
      "name": "--drop-low-quals",
      "synonyms": "-drop-low-quals",
      "type": "boolean",
      "required": "no",
      "fulltext": "",
      "defaultValue": "false",
      "minValue": "NA",
      "maxValue": "NA",
      "minRecValue": "NA",
      "maxRecValue": "NA",
      "kind": "advanced",
      "options": []
    },
    {
      "summary": "Use all possible annotations (not for the faint of heart)",
      "name": "--enable-all-annotations",
      "synonyms": "NA",
      "type": "boolean",
      "required": "no",
      "fulltext": "You can use the -AX argument in combination with this one to exclude specific annotations. Note that some\n annotations may not be actually applied if they are not applicable to the data provided or if they are\n unavailable to the tool (e.g. there are several annotations that are currently not hooked up to\n HaplotypeCaller). At present no error or warning message will be provided, the annotation will simply be\n skipped silently. You can check the output VCF header to see which annotations were activated and thus might be applied (although\n this does not guarantee that the annotation was applied to all records in the VCF, since some annotations have\n additional requirements, e.g. minimum number of samples or heterozygous sites only -- see the documentation\n for individual annotations\u0027 requirements).",
      "defaultValue": "false",
      "minValue": "NA",
      "maxValue": "NA",
      "minRecValue": "NA",
      "maxRecValue": "NA",
      "kind": "advanced",
      "options": []
    },
    {
      "summary": "One or more genomic intervals to exclude from processing",
      "name": "--exclude-intervals",
      "synonyms": "-XL",
      "type": "List[String]",
      "required": "no",
      "fulltext": "Use this argument to exclude certain parts of the genome from the analysis (like -L, but the opposite).\n This argument can be specified multiple times. You can use samtools-style intervals either explicitly on the\n command line (e.g. -XL 1 or -XL 1:100-200) or by loading in a file containing a list of intervals\n (e.g. -XL myFile.intervals).",
      "defaultValue": "[]",
      "minValue": "NA",
      "maxValue": "NA",
      "minRecValue": "NA",
      "maxRecValue": "NA",
      "kind": "common",
      "options": []
    },
    {
      "summary": "Samples representing the population \"founders\"",
      "name": "--founder-id",
      "synonyms": "-founder-id",
      "type": "List[String]",
      "required": "no",
      "fulltext": "",
      "defaultValue": "[]",
      "minValue": "NA",
      "maxValue": "NA",
      "minRecValue": "NA",
      "maxRecValue": "NA",
      "kind": "optional",
      "options": []
    },
    {
      "summary": "A configuration file to use with the GATK.",
      "name": "--gatk-config-file",
      "synonyms": "NA",
      "type": "String",
      "required": "no",
      "fulltext": "",
      "defaultValue": "null",
      "minValue": "NA",
      "maxValue": "NA",
      "minRecValue": "NA",
      "maxRecValue": "NA",
      "kind": "common",
      "options": []
    },
    {
      "summary": "If the GCS bucket channel errors out, how many times it will attempt to re-initiate the connection",
      "name": "--gcs-max-retries",
      "synonyms": "-gcs-retries",
      "type": "int",
      "required": "no",
      "fulltext": "",
      "defaultValue": "20",
      "minValue": "-Infinity",
      "maxValue": "Infinity",
      "minRecValue": "NA",
      "maxRecValue": "NA",
      "kind": "optional",
      "options": []
    },
    {
      "summary": "Project to bill when accessing \"requester pays\" buckets. If unset, these buckets cannot be accessed.",
      "name": "--gcs-project-for-requester-pays",
      "synonyms": "NA",
      "type": "String",
      "required": "no",
      "fulltext": "",
      "defaultValue": "\"\"",
      "minValue": "NA",
      "maxValue": "NA",
      "minRecValue": "NA",
      "maxRecValue": "NA",
      "kind": "optional",
      "options": []
    },
    {
      "summary": "Exclusive upper bounds for reference confidence GQ bands (must be in [1, 100] and specified in increasing order)",
      "name": "--gvcf-gq-bands",
      "synonyms": "-GQB",
      "type": "List[Integer]",
      "required": "no",
      "fulltext": "",
      "defaultValue": "[20, 100]",
      "minValue": "NA",
      "maxValue": "NA",
      "minRecValue": "NA",
      "maxRecValue": "NA",
      "kind": "advanced",
      "options": []
    },
    {
      "summary": "display the help message",
      "name": "--help",
      "synonyms": "-h",
      "type": "boolean",
      "required": "no",
      "fulltext": "",
      "defaultValue": "false",
      "minValue": "NA",
      "maxValue": "NA",
      "minRecValue": "NA",
      "maxRecValue": "NA",
      "kind": "optional",
      "options": []
    },
    {
      "summary": "Heterozygosity value used to compute prior likelihoods for any locus.  See the GATKDocs for full details on the meaning of this population genetics concept",
      "name": "--heterozygosity",
      "synonyms": "NA",
      "type": "Double",
      "required": "no",
      "fulltext": "The expected heterozygosity value used to compute prior probability that a locus is non-reference.\n\n The default priors are for provided for humans:\n\n het \u003d 1e-3\n\n which means that the probability of N samples being hom-ref at a site is:\n\n 1 - sum_i_2N (het / i)\n\n Note that heterozygosity as used here is the population genetics concept:\n\n http://en.wikipedia.org/wiki/Zygosity#Heterozygosity_in_population_genetics\n\n That is, a hets value of 0.01 implies that two randomly chosen chromosomes from the population of organisms\n would differ from each other (one being A and the other B) at a rate of 1 in 100 bp.\n\n Note that this quantity has nothing to do with the likelihood of any given sample having a heterozygous genotype,\n which in the GATK is purely determined by the probability of the observed data P(D | AB) under the model that there\n may be a AB het genotype.  The posterior probability of this AB genotype would use the het prior, but the GATK\n only uses this posterior probability in determining the prob. that a site is polymorphic.  So changing the\n het parameters only increases the chance that a site will be called non-reference across all samples, but\n doesn\u0027t actually change the output genotype likelihoods at all, as these aren\u0027t posterior probabilities at all.\n\n The quantity that changes whether the GATK considers the possibility of a het genotype at all is the ploidy,\n which determines how many chromosomes each individual in the species carries.",
      "defaultValue": "0.001",
      "minValue": "-Infinity",
      "maxValue": "Infinity",
      "minRecValue": "NA",
      "maxRecValue": "NA",
      "kind": "optional",
      "options": []
    },
    {
      "summary": "Standard deviation of heterozygosity for SNP and indel calling.",
      "name": "--heterozygosity-stdev",
      "synonyms": "NA",
      "type": "double",
      "required": "no",
      "fulltext": "The standard deviation of the distribution of alt allele fractions.  The above heterozygosity parameters give the\n *mean* of this distribution; this parameter gives its spread.",
      "defaultValue": "0.01",
      "minValue": "-Infinity",
      "maxValue": "Infinity",
      "minRecValue": "NA",
      "maxRecValue": "NA",
      "kind": "optional",
      "options": []
    },
    {
      "summary": "Heterozygosity for indel calling.  See the GATKDocs for heterozygosity for full details on the meaning of this population genetics concept",
      "name": "--indel-heterozygosity",
      "synonyms": "NA",
      "type": "double",
      "required": "no",
      "fulltext": "This argument informs the prior probability of having an indel at a site.",
      "defaultValue": "1.25E-4",
      "minValue": "-Infinity",
      "maxValue": "Infinity",
      "minRecValue": "NA",
      "maxRecValue": "NA",
      "kind": "optional",
      "options": []
    },
    {
      "summary": "BAM/SAM/CRAM file containing reads",
      "name": "--input",
      "synonyms": "-I",
      "type": "List[String]",
      "required": "no",
      "fulltext": "",
      "defaultValue": "[]",
      "minValue": "NA",
      "maxValue": "NA",
      "minRecValue": "NA",
      "maxRecValue": "NA",
      "kind": "common",
      "options": []
    },
    {
      "summary": "Input prior for calls",
      "name": "--input-prior",
      "synonyms": "NA",
      "type": "List[Double]",
      "required": "no",
      "fulltext": "By default, the prior specified with the argument --heterozygosity/-hets is used for variant discovery at a particular locus, using an infinite sites model,\n see e.g. Waterson (1975) or Tajima (1996).\n This model asserts that the probability of having a population of k variant sites in N chromosomes is proportional to theta/k, for 1\u003d1:N\n\n There are instances where using this prior might not be desireable, e.g. for population studies where prior might not be appropriate,\n as for example when the ancestral status of the reference allele is not known.\n By using this argument, user can manually specify priors to be used for calling as a vector for doubles, with the following restriciotns:\n a) User must specify 2N values, where N is the number of samples.\n b) Only diploid calls supported.\n c) Probability values are specified in double format, in linear space.\n d) No negative values allowed.\n e) Values will be added and Pr(AC\u003d0) will be 1-sum, so that they sum up to one.\n f) If user-defined values add to more than one, an error will be produced.\n\n If user wants completely flat priors, then user should specify the same value (\u003d1/(2*N+1)) 2*N times,e.g.\n   --input-prior 0.33 --input-prior 0.33\n for the single-sample diploid case.",
      "defaultValue": "[]",
      "minValue": "NA",
      "maxValue": "NA",
      "minRecValue": "NA",
      "maxRecValue": "NA",
      "kind": "advanced",
      "options": []
    },
    {
      "summary": "Amount of padding (in bp) to add to each interval you are excluding.",
      "name": "--interval-exclusion-padding",
      "synonyms": "-ixp",
      "type": "int",
      "required": "no",
      "fulltext": "Use this to add padding to the intervals specified using -XL. For example, \u0027-XL 1:100\u0027 with a\n padding value of 20 would turn into \u0027-XL 1:80-120\u0027. This is typically used to add padding around targets when\n analyzing exomes.",
      "defaultValue": "0",
      "minValue": "-Infinity",
      "maxValue": "Infinity",
      "minRecValue": "NA",
      "maxRecValue": "NA",
      "kind": "common",
      "options": []
    },
    {
      "summary": "Interval merging rule for abutting intervals",
      "name": "--interval-merging-rule",
      "synonyms": "-imr",
      "type": "IntervalMergingRule",
      "required": "no",
      "fulltext": "By default, the program merges abutting intervals (i.e. intervals that are directly side-by-side but do not\n actually overlap) into a single continuous interval. However you can change this behavior if you want them to be\n treated as separate intervals instead.",
      "defaultValue": "ALL",
      "minValue": "NA",
      "maxValue": "NA",
      "minRecValue": "NA",
      "maxRecValue": "NA",
      "kind": "optional",
      "options": [
        {
          "summary": "",
          "name": "ALL"
        },
        {
          "summary": "",
          "name": "OVERLAPPING_ONLY"
        }
      ]
    },
    {
      "summary": "Amount of padding (in bp) to add to each interval you are including.",
      "name": "--interval-padding",
      "synonyms": "-ip",
      "type": "int",
      "required": "no",
      "fulltext": "Use this to add padding to the intervals specified using -L. For example, \u0027-L 1:100\u0027 with a\n padding value of 20 would turn into \u0027-L 1:80-120\u0027. This is typically used to add padding around targets when\n analyzing exomes.",
      "defaultValue": "0",
      "minValue": "-Infinity",
      "maxValue": "Infinity",
      "minRecValue": "NA",
      "maxRecValue": "NA",
      "kind": "common",
      "options": []
    },
    {
      "summary": "Set merging approach to use for combining interval inputs",
      "name": "--interval-set-rule",
      "synonyms": "-isr",
      "type": "IntervalSetRule",
      "required": "no",
      "fulltext": "By default, the program will take the UNION of all intervals specified using -L and/or -XL. However, you can\n change this setting for -L, for example if you want to take the INTERSECTION of the sets instead. E.g. to\n perform the analysis only on chromosome 1 exomes, you could specify -L exomes.intervals -L 1 --interval-set-rule\n INTERSECTION. However, it is not possible to modify the merging approach for intervals passed using -XL (they will\n always be merged using UNION).\n\n Note that if you specify both -L and -XL, the -XL interval set will be subtracted from the -L interval set.",
      "defaultValue": "UNION",
      "minValue": "NA",
      "maxValue": "NA",
      "minRecValue": "NA",
      "maxRecValue": "NA",
      "kind": "common",
      "options": [
        {
          "summary": "Take the union of all intervals",
          "name": "UNION"
        },
        {
          "summary": "Take the intersection of intervals (the subset that overlaps all intervals specified)",
          "name": "INTERSECTION"
        }
      ]
    },
    {
      "summary": "One or more genomic intervals over which to operate",
      "name": "--intervals",
      "synonyms": "-L",
      "type": "List[String]",
      "required": "no",
      "fulltext": "",
      "defaultValue": "[]",
      "minValue": "NA",
      "maxValue": "NA",
      "minRecValue": "NA",
      "maxRecValue": "NA",
      "kind": "optional",
      "options": []
    },
    {
      "summary": "Lenient processing of VCF files",
      "name": "--lenient",
      "synonyms": "-LE",
      "type": "boolean",
      "required": "no",
      "fulltext": "",
      "defaultValue": "false",
      "minValue": "NA",
      "maxValue": "NA",
      "minRecValue": "NA",
      "maxRecValue": "NA",
      "kind": "common",
      "options": []
    },
    {
      "summary": "Maximum number of alternate alleles to genotype",
      "name": "--max-alternate-alleles",
      "synonyms": "NA",
      "type": "int",
      "required": "no",
      "fulltext": "If there are more than this number of alternate alleles presented to the genotyper (either through discovery or GENOTYPE_GIVEN ALLELES),\n then only this many alleles will be used.  Note that genotyping sites with many alternate alleles is both CPU and memory intensive and it\n scales exponentially based on the number of alternate alleles.  Unless there is a good reason to change the default value, we highly recommend\n that you not play around with this parameter.\n\n See also {@link #MAX_GENOTYPE_COUNT}.",
      "defaultValue": "6",
      "minValue": "-Infinity",
      "maxValue": "Infinity",
      "minRecValue": "NA",
      "maxRecValue": "NA",
      "kind": "advanced",
      "options": []
    },
    {
      "summary": "Maximum number of genotypes to consider at any site",
      "name": "--max-genotype-count",
      "synonyms": "NA",
      "type": "int",
      "required": "no",
      "fulltext": "If there are more than this number of genotypes at a locus presented to the genotyper, then only this many genotypes will be used.\n The possible genotypes are simply different ways of partitioning alleles given a specific ploidy asumption.\n Therefore, we remove genotypes from consideration by removing alternate alleles that are the least well supported.\n The estimate of allele support is based on the ranking of the candidate haplotypes coming out of the graph building step.\n Note that the reference allele is always kept.\n\n Note that genotyping sites with large genotype counts is both CPU and memory intensive.\n Unless there is a good reason to change the default value, we highly recommend that you not play around with this parameter.\n\n The maximum number of alternative alleles used in the genotyping step will be the lesser of the two:\n 1. the largest number of alt alleles, given ploidy, that yields a genotype count no higher than {@link #MAX_GENOTYPE_COUNT}\n 2. the value of {@link #MAX_ALTERNATE_ALLELES}\n\n See also {@link #MAX_ALTERNATE_ALLELES}.",
      "defaultValue": "1024",
      "minValue": "-Infinity",
      "maxValue": "Infinity",
      "minRecValue": "NA",
      "maxRecValue": "NA",
      "kind": "advanced",
      "options": []
    },
    {
      "summary": "Number of hom-ref genotypes to infer at sites not present in a panel",
      "name": "--num-reference-samples-if-no-call",
      "synonyms": "NA",
      "type": "int",
      "required": "no",
      "fulltext": "When a variant is not seen in any panel, this argument controls whether to infer (and with what effective strength)\n that only reference alleles were observed at that site. E.g. \"If not seen in 1000Genomes, treat it as AC\u003d0,\n AN\u003d2000\".",
      "defaultValue": "0",
      "minValue": "-Infinity",
      "maxValue": "Infinity",
      "minRecValue": "NA",
      "maxRecValue": "NA",
      "kind": "optional",
      "options": []
    },
    {
      "summary": "File to which variants should be written",
      "name": "--output",
      "synonyms": "-O",
      "type": "File",
      "required": "yes",
      "fulltext": "",
      "defaultValue": "null",
      "minValue": "NA",
      "maxValue": "NA",
      "minRecValue": "NA",
      "maxRecValue": "NA",
      "kind": "required",
      "options": []
    },
    {
      "summary": "Pedigree file for determining the population \"founders\"",
      "name": "--pedigree",
      "synonyms": "-ped",
      "type": "File",
      "required": "no",
      "fulltext": "",
      "defaultValue": "null",
      "minValue": "NA",
      "maxValue": "NA",
      "minRecValue": "NA",
      "maxRecValue": "NA",
      "kind": "optional",
      "options": []
    },
    {
      "summary": "Callset to use in calculating genotype priors",
      "name": "--population-callset",
      "synonyms": "-population",
      "type": "FeatureInput[VariantContext]",
      "required": "no",
      "fulltext": "Supporting external panel. Allele counts from this panel (taken from AC,AN or MLEAC,AN or raw genotypes) will\n be used to inform the frequency distribution underlying the genotype priors. These files must be VCF 4.2 spec or later.\n Note that unlike CalculateGenotypePosteriors, HaplotypeCaller only allows one supporting callset.",
      "defaultValue": "null",
      "minValue": "NA",
      "maxValue": "NA",
      "minRecValue": "NA",
      "maxRecValue": "NA",
      "kind": "optional",
      "options": []
    },
    {
      "summary": "Whether to suppress job-summary info on System.err.",
      "name": "--QUIET",
      "synonyms": "NA",
      "type": "Boolean",
      "required": "no",
      "fulltext": "",
      "defaultValue": "false",
      "minValue": "NA",
      "maxValue": "NA",
      "minRecValue": "NA",
      "maxRecValue": "NA",
      "kind": "common",
      "options": []
    },
    {
      "summary": "Read filters to be applied before analysis",
      "name": "--read-filter",
      "synonyms": "-RF",
      "type": "List[String]",
      "required": "no",
      "fulltext": "",
      "defaultValue": "[]",
      "minValue": "NA",
      "maxValue": "NA",
      "minRecValue": "NA",
      "maxRecValue": "NA",
      "kind": "common",
      "options": []
    },
    {
      "summary": "Indices to use for the read inputs. If specified, an index must be provided for every read input and in the same order as the read inputs. If this argument is not specified, the path to the index for each input will be inferred automatically.",
      "name": "--read-index",
      "synonyms": "-read-index",
      "type": "List[String]",
      "required": "no",
      "fulltext": "",
      "defaultValue": "[]",
      "minValue": "NA",
      "maxValue": "NA",
      "minRecValue": "NA",
      "maxRecValue": "NA",
      "kind": "common",
      "options": []
    },
    {
      "summary": "Validation stringency for all SAM/BAM/CRAM/SRA files read by this program.  The default stringency value SILENT can improve performance when processing a BAM file in which variable-length data (read, qualities, tags) do not otherwise need to be decoded.",
      "name": "--read-validation-stringency",
      "synonyms": "-VS",
      "type": "ValidationStringency",
      "required": "no",
      "fulltext": "",
      "defaultValue": "SILENT",
      "minValue": "NA",
      "maxValue": "NA",
      "minRecValue": "NA",
      "maxRecValue": "NA",
      "kind": "common",
      "options": [
        {
          "summary": "",
          "name": "STRICT"
        },
        {
          "summary": "",
          "name": "LENIENT"
        },
        {
          "summary": "",
          "name": "SILENT"
        }
      ]
    },
    {
      "summary": "Reference sequence",
      "name": "--reference",
      "synonyms": "-R",
      "type": "String",
      "required": "no",
      "fulltext": "",
      "defaultValue": "null",
      "minValue": "NA",
      "maxValue": "NA",
      "minRecValue": "NA",
      "maxRecValue": "NA",
      "kind": "optional",
      "options": []
    },
    {
      "summary": "Reference genotype quality (PL[0]) value below which variant sites will be converted to GQ0 homRef calls",
      "name": "--rgq-threshold-to-no-call",
      "synonyms": "-rgq-threshold",
      "type": "double",
      "required": "no",
      "fulltext": "",
      "defaultValue": "0.0",
      "minValue": "-Infinity",
      "maxValue": "Infinity",
      "minRecValue": "NA",
      "maxRecValue": "NA",
      "kind": "advanced",
      "options": []
    },
    {
      "summary": "Ploidy (number of chromosomes) per sample. For pooled data, set to (Number of samples in each pool * Sample Ploidy).",
      "name": "--sample-ploidy",
      "synonyms": "-ploidy",
      "type": "int",
      "required": "no",
      "fulltext": "Sample ploidy - equivalent to number of chromosomes per pool. In pooled experiments this should be \u003d # of samples in pool * individual sample ploidy",
      "defaultValue": "2",
      "minValue": "-Infinity",
      "maxValue": "Infinity",
      "minRecValue": "NA",
      "maxRecValue": "NA",
      "kind": "optional",
      "options": []
    },
    {
      "summary": "Output traversal statistics every time this many seconds elapse",
      "name": "--seconds-between-progress-updates",
      "synonyms": "-seconds-between-progress-updates",
      "type": "double",
      "required": "no",
      "fulltext": "",
      "defaultValue": "10.0",
      "minValue": "-Infinity",
      "maxValue": "Infinity",
      "minRecValue": "NA",
      "maxRecValue": "NA",
      "kind": "common",
      "options": []
    },
    {
      "summary": "Use the given sequence dictionary as the master/canonical sequence dictionary.  Must be a .dict file.",
      "name": "--sequence-dictionary",
      "synonyms": "-sequence-dictionary",
      "type": "String",
      "required": "no",
      "fulltext": "",
      "defaultValue": "null",
      "minValue": "NA",
      "maxValue": "NA",
      "minRecValue": "NA",
      "maxRecValue": "NA",
      "kind": "common",
      "options": []
    },
    {
      "summary": "display hidden arguments",
      "name": "--showHidden",
      "synonyms": "-showHidden",
      "type": "boolean",
      "required": "no",
      "fulltext": "",
      "defaultValue": "false",
      "minValue": "NA",
      "maxValue": "NA",
      "minRecValue": "NA",
      "maxRecValue": "NA",
      "kind": "advanced",
      "options": []
    },
    {
      "summary": "If true, don\u0027t emit genotype fields when writing vcf file output.",
      "name": "--sites-only-vcf-output",
      "synonyms": "NA",
      "type": "boolean",
      "required": "no",
      "fulltext": "",
      "defaultValue": "false",
      "minValue": "NA",
      "maxValue": "NA",
      "minRecValue": "NA",
      "maxRecValue": "NA",
      "kind": "optional",
      "options": []
    },
    {
      "summary": "The minimum phred-scaled confidence threshold at which variants should be called",
      "name": "--standard-min-confidence-threshold-for-calling",
      "synonyms": "-stand-call-conf",
      "type": "double",
      "required": "no",
      "fulltext": "The minimum phred-scaled confidence threshold at which variants should be called. Only variant sites with QUAL equal\n or greater than this threshold will be called. Note that since version 3.7, we no longer differentiate high confidence\n from low confidence calls at the calling step. The default call confidence threshold is set low intentionally to achieve\n high sensitivity, which will allow false positive calls as a side effect. Be sure to perform some kind of filtering after\n calling to reduce the amount of false positives in your final callset. Note that when HaplotypeCaller is used in GVCF mode\n (using either -ERC GVCF or -ERC BP_RESOLUTION) the call threshold is automatically set to zero. Call confidence thresholding\n will then be performed in the subsequent GenotypeGVCFs command.\n\n Note that the default was changed from 10.0 to 30.0 in version 4.1.0.0 to accompany the switch to use the the new quality score by default.",
      "defaultValue": "30.0",
      "minValue": "-Infinity",
      "maxValue": "Infinity",
      "minRecValue": "NA",
      "maxRecValue": "NA",
      "kind": "optional",
      "options": []
    },
    {
      "summary": "Temp directory to use.",
      "name": "--tmp-dir",
      "synonyms": "NA",
      "type": "GATKPathSpecifier",
      "required": "no",
      "fulltext": "",
      "defaultValue": "null",
      "minValue": "NA",
      "maxValue": "NA",
      "minRecValue": "NA",
      "maxRecValue": "NA",
      "kind": "common",
      "options": []
    },
    {
      "summary": "Whether to use the JdkDeflater (as opposed to IntelDeflater)",
      "name": "--use-jdk-deflater",
      "synonyms": "-jdk-deflater",
      "type": "boolean",
      "required": "no",
      "fulltext": "",
      "defaultValue": "false",
      "minValue": "NA",
      "maxValue": "NA",
      "minRecValue": "NA",
      "maxRecValue": "NA",
      "kind": "common",
      "options": []
    },
    {
      "summary": "Whether to use the JdkInflater (as opposed to IntelInflater)",
      "name": "--use-jdk-inflater",
      "synonyms": "-jdk-inflater",
      "type": "boolean",
      "required": "no",
      "fulltext": "",
      "defaultValue": "false",
      "minValue": "NA",
      "maxValue": "NA",
      "minRecValue": "NA",
      "maxRecValue": "NA",
      "kind": "common",
      "options": []
    },
    {
      "summary": "Use the new AF model instead of the so-called exact model",
      "name": "--use-new-qual-calculator",
      "synonyms": "-new-qual",
      "type": "boolean",
      "required": "no",
      "fulltext": "As of version 4.1.0.0, this argument is no longer needed because the new qual score is now on by default. See GATK 3.3 release notes for more details.",
      "defaultValue": "true",
      "minValue": "NA",
      "maxValue": "NA",
      "minRecValue": "NA",
      "maxRecValue": "NA",
      "kind": "deprecated",
      "options": []
    },
    {
      "summary": "Use the old AF model",
      "name": "--use-old-qual-calculator",
      "synonyms": "-old-qual",
      "type": "boolean",
      "required": "no",
      "fulltext": "Use the old GATK 3 qual score aka the \"exact model\"",
      "defaultValue": "false",
      "minValue": "NA",
      "maxValue": "NA",
      "minRecValue": "NA",
      "maxRecValue": "NA",
      "kind": "optional",
      "options": []
    },
    {
      "summary": "A VCF file containing variants",
      "name": "--variant",
      "synonyms": "-V",
      "type": "String",
      "required": "yes",
      "fulltext": "",
      "defaultValue": "null",
      "minValue": "NA",
      "maxValue": "NA",
      "minRecValue": "NA",
      "maxRecValue": "NA",
      "kind": "required",
      "options": []
    },
    {
      "summary": "Control verbosity of logging.",
      "name": "--verbosity",
      "synonyms": "-verbosity",
      "type": "LogLevel",
      "required": "no",
      "fulltext": "",
      "defaultValue": "INFO",
      "minValue": "NA",
      "maxValue": "NA",
      "minRecValue": "NA",
      "maxRecValue": "NA",
      "kind": "common",
      "options": [
        {
          "summary": "",
          "name": "ERROR"
        },
        {
          "summary": "",
          "name": "WARNING"
        },
        {
          "summary": "",
          "name": "INFO"
        },
        {
          "summary": "",
          "name": "DEBUG"
        }
      ]
    },
    {
      "summary": "display the version number for this tool",
      "name": "--version",
      "synonyms": "NA",
      "type": "boolean",
      "required": "no",
      "fulltext": "",
      "defaultValue": "false",
      "minValue": "NA",
      "maxValue": "NA",
      "minRecValue": "NA",
      "maxRecValue": "NA",
      "kind": "optional",
      "options": []
    }
  ],
  "description": "Condense homRef blocks in a single-sample GVCF\n\n \u003cp\u003e\n ReblockGVCF compressed a GVCF by merging hom-ref blocks that were produced using the \u0027-ERC GVCF\u0027 or \u0027-ERC BP_RESOLUTION\u0027 mode of the\n HaplotypeCaller according to new GQ band parameters.  A joint callset produced with GVCFs reprocessed by ReblockGVCF will have\n lower precision for hom-ref genotype qualities at variant sites, but the input data footprint can be greatly reduced\n if the default GQ band parameters are used.\u003c/p\u003e\n\n \u003ch3\u003eInput\u003c/h3\u003e\n \u003cp\u003e\n A HaplotypeCaller-produced gVCF to reblock\n \u003c/p\u003e\n\n \u003ch3\u003eOutput\u003c/h3\u003e\n \u003cp\u003e\n A smaller GVCF.\n \u003c/p\u003e\n\n \u003ch3\u003eUsage example\u003c/h3\u003e\n \u003cpre\u003e\n gatk ReblockGVCF \\\n   -R reference.fasta \\\n   -V sample1.g.vcf \\\n   -O sample1.reblocked.g.vcf\n \u003c/pre\u003e\n\n \u003ch3\u003eCaveats\u003c/h3\u003e\n \u003cp\u003eOnly single-sample gVCF files produced by HaplotypeCaller can be used as input for this tool.\u003c/p\u003e\n \u003cp\u003eBy default this tool only passes through annotations used by VQSR.  A different set of annotations can be specified with the usual -A argument.\n \u003ch3\u003eSpecial note on ploidy\u003c/h3\u003e\n \u003cp\u003eThis tool assumes diploid genotypes.\u003c/p\u003e",
  "name": "ReblockGVCF",
  "group": "Other",
  "beta": false,
  "experimental": true
}