{
  "summary": "Transforms raw Illumina sequencing data into an unmapped SAM or BAM file.",
  "arguments": [
    {
      "summary": "Which adapters to look for in the read.",
      "name": "--ADAPTERS_TO_CHECK",
      "synonyms": "NA",
      "type": "List[IlluminaAdapterPair]",
      "required": "no",
      "fulltext": "",
      "defaultValue": "[INDEXED, DUAL_INDEXED, NEXTERA_V2, FLUIDIGM]",
      "minValue": "NA",
      "maxValue": "NA",
      "minRecValue": "NA",
      "maxRecValue": "NA",
      "kind": "optional",
      "options": []
    },
    {
      "summary": "Apply EAMSS filtering to identify inappropriately quality scored bases towards the ends of reads and convert their quality scores to Q2.",
      "name": "--APPLY_EAMSS_FILTER",
      "synonyms": "NA",
      "type": "boolean",
      "required": "no",
      "fulltext": "",
      "defaultValue": "true",
      "minValue": "NA",
      "maxValue": "NA",
      "minRecValue": "NA",
      "maxRecValue": "NA",
      "kind": "optional",
      "options": []
    },
    {
      "summary": "read one or more arguments files and add them to the command line",
      "name": "--arguments_file",
      "synonyms": "NA",
      "type": "List[File]",
      "required": "no",
      "fulltext": "",
      "defaultValue": "[]",
      "minValue": "NA",
      "maxValue": "NA",
      "minRecValue": "NA",
      "maxRecValue": "NA",
      "kind": "optional",
      "options": []
    },
    {
      "summary": "Deprecated (use LIBRARY_PARAMS).  Tab-separated file for creating all output BAMs for barcoded run with single IlluminaBasecallsToSam invocation.  Columns are BARCODE, OUTPUT, SAMPLE_ALIAS, and LIBRARY_NAME.  Row with BARCODE\u003dN is used to specify a file for no barcode match",
      "name": "--BARCODE_PARAMS",
      "synonyms": "NA",
      "type": "File",
      "required": "yes",
      "fulltext": "",
      "defaultValue": "null",
      "minValue": "NA",
      "maxValue": "NA",
      "minRecValue": "NA",
      "maxRecValue": "NA",
      "kind": "required",
      "options": []
    },
    {
      "summary": "When should the sample barcode (as read by the sequencer) be placed on the reads in the BC tag?",
      "name": "--BARCODE_POPULATION_STRATEGY",
      "synonyms": "NA",
      "type": "PopulateBarcode",
      "required": "no",
      "fulltext": "",
      "defaultValue": "ORPHANS_ONLY",
      "minValue": "NA",
      "maxValue": "NA",
      "minRecValue": "NA",
      "maxRecValue": "NA",
      "kind": "optional",
      "options": [
        {
          "summary": "",
          "name": "ORPHANS_ONLY"
        },
        {
          "summary": "",
          "name": "INEXACT_MATCH"
        },
        {
          "summary": "",
          "name": "ALWAYS"
        }
      ]
    },
    {
      "summary": "The barcodes directory with _barcode.txt files (generated by ExtractIlluminaBarcodes). If not set, use BASECALLS_DIR. ",
      "name": "--BARCODES_DIR",
      "synonyms": "-BCD",
      "type": "File",
      "required": "no",
      "fulltext": "",
      "defaultValue": "null",
      "minValue": "NA",
      "maxValue": "NA",
      "minRecValue": "NA",
      "maxRecValue": "NA",
      "kind": "optional",
      "options": []
    },
    {
      "summary": "The basecalls directory. ",
      "name": "--BASECALLS_DIR",
      "synonyms": "-B",
      "type": "File",
      "required": "yes",
      "fulltext": "",
      "defaultValue": "null",
      "minValue": "NA",
      "maxValue": "NA",
      "minRecValue": "NA",
      "maxRecValue": "NA",
      "kind": "required",
      "options": []
    },
    {
      "summary": "Compression level for all compressed files created (e.g. BAM and VCF).",
      "name": "--COMPRESSION_LEVEL",
      "synonyms": "NA",
      "type": "int",
      "required": "no",
      "fulltext": "",
      "defaultValue": "5",
      "minValue": "-Infinity",
      "maxValue": "Infinity",
      "minRecValue": "NA",
      "maxRecValue": "NA",
      "kind": "common",
      "options": []
    },
    {
      "summary": "Whether to create a BAM index when writing a coordinate-sorted BAM file.",
      "name": "--CREATE_INDEX",
      "synonyms": "NA",
      "type": "Boolean",
      "required": "no",
      "fulltext": "",
      "defaultValue": "false",
      "minValue": "NA",
      "maxValue": "NA",
      "minRecValue": "NA",
      "maxRecValue": "NA",
      "kind": "common",
      "options": []
    },
    {
      "summary": "Whether to create an MD5 digest for any BAM or FASTQ files created.  ",
      "name": "--CREATE_MD5_FILE",
      "synonyms": "NA",
      "type": "boolean",
      "required": "no",
      "fulltext": "",
      "defaultValue": "false",
      "minValue": "NA",
      "maxValue": "NA",
      "minRecValue": "NA",
      "maxRecValue": "NA",
      "kind": "common",
      "options": []
    },
    {
      "summary": "If set, this is the first tile to be processed (used for debugging).  Note that tiles are not processed in numerical order.",
      "name": "--FIRST_TILE",
      "synonyms": "NA",
      "type": "Integer",
      "required": "no",
      "fulltext": "",
      "defaultValue": "null",
      "minValue": "NA",
      "maxValue": "NA",
      "minRecValue": "NA",
      "maxRecValue": "NA",
      "kind": "optional",
      "options": []
    },
    {
      "summary": "For specifying adapters other than standard Illumina",
      "name": "--FIVE_PRIME_ADAPTER",
      "synonyms": "NA",
      "type": "String",
      "required": "no",
      "fulltext": "",
      "defaultValue": "null",
      "minValue": "NA",
      "maxValue": "NA",
      "minRecValue": "NA",
      "maxRecValue": "NA",
      "kind": "optional",
      "options": []
    },
    {
      "summary": "If true, call System.gc() periodically.  This is useful in cases in which the -Xmx value passed is larger than the available memory.",
      "name": "--FORCE_GC",
      "synonyms": "NA",
      "type": "Boolean",
      "required": "no",
      "fulltext": "",
      "defaultValue": "true",
      "minValue": "NA",
      "maxValue": "NA",
      "minRecValue": "NA",
      "maxRecValue": "NA",
      "kind": "optional",
      "options": []
    },
    {
      "summary": "Google Genomics API client_secrets.json file path.",
      "name": "--GA4GH_CLIENT_SECRETS",
      "synonyms": "NA",
      "type": "String",
      "required": "no",
      "fulltext": "",
      "defaultValue": "client_secrets.json",
      "minValue": "NA",
      "maxValue": "NA",
      "minRecValue": "NA",
      "maxRecValue": "NA",
      "kind": "common",
      "options": []
    },
    {
      "summary": "display the help message",
      "name": "--help",
      "synonyms": "-h",
      "type": "boolean",
      "required": "no",
      "fulltext": "",
      "defaultValue": "false",
      "minValue": "NA",
      "maxValue": "NA",
      "minRecValue": "NA",
      "maxRecValue": "NA",
      "kind": "optional",
      "options": []
    },
    {
      "summary": "Whether to ignore reads whose barcodes are not found in LIBRARY_PARAMS.  Useful when outputting BAMs for only a subset of the barcodes in a lane.",
      "name": "--IGNORE_UNEXPECTED_BARCODES",
      "synonyms": "-IGNORE_UNEXPECTED",
      "type": "boolean",
      "required": "no",
      "fulltext": "",
      "defaultValue": "false",
      "minValue": "NA",
      "maxValue": "NA",
      "minRecValue": "NA",
      "maxRecValue": "NA",
      "kind": "optional",
      "options": []
    },
    {
      "summary": "Should the barcode quality be included when the sample barcode is included?",
      "name": "--INCLUDE_BARCODE_QUALITY",
      "synonyms": "NA",
      "type": "boolean",
      "required": "no",
      "fulltext": "",
      "defaultValue": "false",
      "minValue": "NA",
      "maxValue": "NA",
      "minRecValue": "NA",
      "maxRecValue": "NA",
      "kind": "optional",
      "options": []
    },
    {
      "summary": "Whether to include the barcode information in the @RG-\u003eBC header tag. Defaults to false until included in the SAM spec.",
      "name": "--INCLUDE_BC_IN_RG_TAG",
      "synonyms": "NA",
      "type": "boolean",
      "required": "no",
      "fulltext": "",
      "defaultValue": "false",
      "minValue": "NA",
      "maxValue": "NA",
      "minRecValue": "NA",
      "maxRecValue": "NA",
      "kind": "optional",
      "options": []
    },
    {
      "summary": "Whether to include non-PF reads",
      "name": "--INCLUDE_NON_PF_READS",
      "synonyms": "-NONPF",
      "type": "boolean",
      "required": "no",
      "fulltext": "",
      "defaultValue": "true",
      "minValue": "NA",
      "maxValue": "NA",
      "minRecValue": "NA",
      "maxRecValue": "NA",
      "kind": "optional",
      "options": []
    },
    {
      "summary": "Lane number. ",
      "name": "--LANE",
      "synonyms": "-L",
      "type": "Integer",
      "required": "yes",
      "fulltext": "",
      "defaultValue": "null",
      "minValue": "NA",
      "maxValue": "NA",
      "minRecValue": "NA",
      "maxRecValue": "NA",
      "kind": "required",
      "options": []
    },
    {
      "summary": "Deprecated (use LIBRARY_PARAMS).  The name of the sequenced library",
      "name": "--LIBRARY_NAME",
      "synonyms": "-LIB",
      "type": "String",
      "required": "no",
      "fulltext": "",
      "defaultValue": "null",
      "minValue": "NA",
      "maxValue": "NA",
      "minRecValue": "NA",
      "maxRecValue": "NA",
      "kind": "optional",
      "options": []
    },
    {
      "summary": "Tab-separated file for creating all output BAMs for a lane with single IlluminaBasecallsToSam invocation.  The columns are OUTPUT, SAMPLE_ALIAS, and LIBRARY_NAME, BARCODE_1, BARCODE_2 ... BARCODE_X where X \u003d number of barcodes per cluster (optional).  Row with BARCODE_1 set to \u0027N\u0027 is used to specify a file for no barcode match.  You may also provide any 2 letter RG header attributes (excluding PU, CN, PL, and DT)  as columns in this file and the values for those columns will be inserted into the RG tag for the BAM file created for a given row.",
      "name": "--LIBRARY_PARAMS",
      "synonyms": "NA",
      "type": "File",
      "required": "yes",
      "fulltext": "",
      "defaultValue": "null",
      "minValue": "NA",
      "maxValue": "NA",
      "minRecValue": "NA",
      "maxRecValue": "NA",
      "kind": "required",
      "options": []
    },
    {
      "summary": "Configure SortingCollections to store this many records before spilling to disk. For an indexed run, each SortingCollection gets this value/number of indices.",
      "name": "--MAX_READS_IN_RAM_PER_TILE",
      "synonyms": "NA",
      "type": "int",
      "required": "no",
      "fulltext": "",
      "defaultValue": "1200000",
      "minValue": "-Infinity",
      "maxValue": "Infinity",
      "minRecValue": "NA",
      "maxRecValue": "NA",
      "kind": "optional",
      "options": []
    },
    {
      "summary": "When writing files that need to be sorted, this will specify the number of records stored in RAM before spilling to disk. Increasing this number reduces the number of file handles needed to sort the file, and increases the amount of RAM needed.",
      "name": "--MAX_RECORDS_IN_RAM",
      "synonyms": "NA",
      "type": "Integer",
      "required": "no",
      "fulltext": "",
      "defaultValue": "500000",
      "minValue": "-Infinity",
      "maxValue": "Infinity",
      "minRecValue": "NA",
      "maxRecValue": "NA",
      "kind": "common",
      "options": []
    },
    {
      "summary": "The minimum quality (after transforming 0s to 1s) expected from reads.  If qualities are lower than this value, an error is thrown.The default of 2 is what the Illumina\u0027s spec describes as the minimum, but in practice the value has been observed lower.",
      "name": "--MINIMUM_QUALITY",
      "synonyms": "NA",
      "type": "int",
      "required": "no",
      "fulltext": "",
      "defaultValue": "2",
      "minValue": "-Infinity",
      "maxValue": "Infinity",
      "minRecValue": "NA",
      "maxRecValue": "NA",
      "kind": "optional",
      "options": []
    },
    {
      "summary": "The tag to use to store any molecular index base qualities.  If more than one molecular index is found, their qualities will be concatenated and stored here (.i.e. the number of \"M\" operators in the READ_STRUCTURE)",
      "name": "--MOLECULAR_INDEX_BASE_QUALITY_TAG",
      "synonyms": "NA",
      "type": "String",
      "required": "no",
      "fulltext": "",
      "defaultValue": "QX",
      "minValue": "NA",
      "maxValue": "NA",
      "minRecValue": "NA",
      "maxRecValue": "NA",
      "kind": "optional",
      "options": []
    },
    {
      "summary": "The tag to use to store any molecular indexes.  If more than one molecular index is found, they will be concatenated and stored here.",
      "name": "--MOLECULAR_INDEX_TAG",
      "synonyms": "NA",
      "type": "String",
      "required": "no",
      "fulltext": "",
      "defaultValue": "RX",
      "minValue": "NA",
      "maxValue": "NA",
      "minRecValue": "NA",
      "maxRecValue": "NA",
      "kind": "optional",
      "options": []
    },
    {
      "summary": "The number of threads to run in parallel. If NUM_PROCESSORS \u003d 0, number of cores is automatically set to the number of cores available on the machine. If NUM_PROCESSORS \u003c 0, then the number of cores used will be the number available on the machine less NUM_PROCESSORS.",
      "name": "--NUM_PROCESSORS",
      "synonyms": "NA",
      "type": "Integer",
      "required": "no",
      "fulltext": "",
      "defaultValue": "0",
      "minValue": "-Infinity",
      "maxValue": "Infinity",
      "minRecValue": "NA",
      "maxRecValue": "NA",
      "kind": "optional",
      "options": []
    },
    {
      "summary": "Deprecated (use LIBRARY_PARAMS).  The output SAM or BAM file. Format is determined by extension.",
      "name": "--OUTPUT",
      "synonyms": "-O",
      "type": "File",
      "required": "yes",
      "fulltext": "",
      "defaultValue": "null",
      "minValue": "NA",
      "maxValue": "NA",
      "minRecValue": "NA",
      "maxRecValue": "NA",
      "kind": "required",
      "options": []
    },
    {
      "summary": "The name of the sequencing technology that produced the read.",
      "name": "--PLATFORM",
      "synonyms": "NA",
      "type": "String",
      "required": "no",
      "fulltext": "",
      "defaultValue": "illumina",
      "minValue": "NA",
      "maxValue": "NA",
      "minRecValue": "NA",
      "maxRecValue": "NA",
      "kind": "optional",
      "options": []
    },
    {
      "summary": "If set, process only the tile number given and append the tile number to the output file name.",
      "name": "--PROCESS_SINGLE_TILE",
      "synonyms": "NA",
      "type": "Integer",
      "required": "no",
      "fulltext": "",
      "defaultValue": "null",
      "minValue": "NA",
      "maxValue": "NA",
      "minRecValue": "NA",
      "maxRecValue": "NA",
      "kind": "optional",
      "options": []
    },
    {
      "summary": "Whether to suppress job-summary info on System.err.",
      "name": "--QUIET",
      "synonyms": "NA",
      "type": "Boolean",
      "required": "no",
      "fulltext": "",
      "defaultValue": "false",
      "minValue": "NA",
      "maxValue": "NA",
      "minRecValue": "NA",
      "maxRecValue": "NA",
      "kind": "common",
      "options": []
    },
    {
      "summary": "ID used to link RG header record with RG tag in SAM record.  If these are unique in SAM files that get merged, merge performance is better.  If not specified, READ_GROUP_ID will be set to \u003cfirst 5 chars of RUN_BARCODE\u003e.\u003cLANE\u003e .",
      "name": "--READ_GROUP_ID",
      "synonyms": "-RG",
      "type": "String",
      "required": "no",
      "fulltext": "",
      "defaultValue": "null",
      "minValue": "NA",
      "maxValue": "NA",
      "minRecValue": "NA",
      "maxRecValue": "NA",
      "kind": "optional",
      "options": []
    },
    {
      "summary": "A description of the logical structure of clusters in an Illumina Run, i.e. a description of the structure IlluminaBasecallsToSam assumes the  data to be in. It should consist of integer/character pairs describing the number of cycles and the type of those cycles (B for Sample Barcode, M for molecular barcode, T for Template, and S for skip).  E.g. If the input data consists of 80 base clusters and we provide a read structure of \"28T8M8B8S28T\" then the sequence may be split up into four reads:\n* read one with 28 cycles (bases) of template\n* read two with 8 cycles (bases) of molecular barcode (ex. unique molecular barcode)\n* read three with 8 cycles (bases) of sample barcode\n* 8 cycles (bases) skipped.\n* read four with 28 cycles (bases) of template\nThe skipped cycles would NOT be included in an output SAM/BAM file or in read groups therein.",
      "name": "--READ_STRUCTURE",
      "synonyms": "-RS",
      "type": "String",
      "required": "yes",
      "fulltext": "",
      "defaultValue": "null",
      "minValue": "NA",
      "maxValue": "NA",
      "minRecValue": "NA",
      "maxRecValue": "NA",
      "kind": "required",
      "options": []
    },
    {
      "summary": "Reference sequence file.",
      "name": "--REFERENCE_SEQUENCE",
      "synonyms": "-R",
      "type": "File",
      "required": "no",
      "fulltext": "",
      "defaultValue": "null",
      "minValue": "NA",
      "maxValue": "NA",
      "minRecValue": "NA",
      "maxRecValue": "NA",
      "kind": "common",
      "options": []
    },
    {
      "summary": "The barcode of the run.  Prefixed to read names.",
      "name": "--RUN_BARCODE",
      "synonyms": "NA",
      "type": "String",
      "required": "yes",
      "fulltext": "",
      "defaultValue": "null",
      "minValue": "NA",
      "maxValue": "NA",
      "minRecValue": "NA",
      "maxRecValue": "NA",
      "kind": "required",
      "options": []
    },
    {
      "summary": "The start date of the run.",
      "name": "--RUN_START_DATE",
      "synonyms": "NA",
      "type": "Date",
      "required": "no",
      "fulltext": "",
      "defaultValue": "null",
      "minValue": "NA",
      "maxValue": "NA",
      "minRecValue": "NA",
      "maxRecValue": "NA",
      "kind": "optional",
      "options": []
    },
    {
      "summary": "Deprecated (use LIBRARY_PARAMS).  The name of the sequenced sample",
      "name": "--SAMPLE_ALIAS",
      "synonyms": "-ALIAS",
      "type": "String",
      "required": "yes",
      "fulltext": "",
      "defaultValue": "null",
      "minValue": "NA",
      "maxValue": "NA",
      "minRecValue": "NA",
      "maxRecValue": "NA",
      "kind": "required",
      "options": []
    },
    {
      "summary": "The name of the sequencing center that produced the reads.  Used to set the @RG-\u003eCN header tag.",
      "name": "--SEQUENCING_CENTER",
      "synonyms": "NA",
      "type": "String",
      "required": "yes",
      "fulltext": "",
      "defaultValue": "null",
      "minValue": "NA",
      "maxValue": "NA",
      "minRecValue": "NA",
      "maxRecValue": "NA",
      "kind": "required",
      "options": []
    },
    {
      "summary": "display hidden arguments",
      "name": "--showHidden",
      "synonyms": "-showHidden",
      "type": "boolean",
      "required": "no",
      "fulltext": "",
      "defaultValue": "false",
      "minValue": "NA",
      "maxValue": "NA",
      "minRecValue": "NA",
      "maxRecValue": "NA",
      "kind": "advanced",
      "options": []
    },
    {
      "summary": "The list of tags to store each molecular index.  The number of tags should match the number of molecular indexes.",
      "name": "--TAG_PER_MOLECULAR_INDEX",
      "synonyms": "NA",
      "type": "List[String]",
      "required": "no",
      "fulltext": "",
      "defaultValue": "[]",
      "minValue": "NA",
      "maxValue": "NA",
      "minRecValue": "NA",
      "maxRecValue": "NA",
      "kind": "optional",
      "options": []
    },
    {
      "summary": "For specifying adapters other than standard Illumina",
      "name": "--THREE_PRIME_ADAPTER",
      "synonyms": "NA",
      "type": "String",
      "required": "no",
      "fulltext": "",
      "defaultValue": "null",
      "minValue": "NA",
      "maxValue": "NA",
      "minRecValue": "NA",
      "maxRecValue": "NA",
      "kind": "optional",
      "options": []
    },
    {
      "summary": "If set, process no more than this many tiles (used for debugging).",
      "name": "--TILE_LIMIT",
      "synonyms": "NA",
      "type": "Integer",
      "required": "no",
      "fulltext": "",
      "defaultValue": "null",
      "minValue": "NA",
      "maxValue": "NA",
      "minRecValue": "NA",
      "maxRecValue": "NA",
      "kind": "optional",
      "options": []
    },
    {
      "summary": "One or more directories with space available to be used by this program for temporary storage of working files",
      "name": "--TMP_DIR",
      "synonyms": "NA",
      "type": "List[File]",
      "required": "no",
      "fulltext": "",
      "defaultValue": "[]",
      "minValue": "NA",
      "maxValue": "NA",
      "minRecValue": "NA",
      "maxRecValue": "NA",
      "kind": "common",
      "options": []
    },
    {
      "summary": "Use the JDK Deflater instead of the Intel Deflater for writing compressed output",
      "name": "--USE_JDK_DEFLATER",
      "synonyms": "-use_jdk_deflater",
      "type": "Boolean",
      "required": "no",
      "fulltext": "",
      "defaultValue": "false",
      "minValue": "NA",
      "maxValue": "NA",
      "minRecValue": "NA",
      "maxRecValue": "NA",
      "kind": "common",
      "options": []
    },
    {
      "summary": "Use the JDK Inflater instead of the Intel Inflater for reading compressed input",
      "name": "--USE_JDK_INFLATER",
      "synonyms": "-use_jdk_inflater",
      "type": "Boolean",
      "required": "no",
      "fulltext": "",
      "defaultValue": "false",
      "minValue": "NA",
      "maxValue": "NA",
      "minRecValue": "NA",
      "maxRecValue": "NA",
      "kind": "common",
      "options": []
    },
    {
      "summary": "Validation stringency for all SAM files read by this program.  Setting stringency to SILENT can improve performance when processing a BAM file in which variable-length data (read, qualities, tags) do not otherwise need to be decoded.",
      "name": "--VALIDATION_STRINGENCY",
      "synonyms": "NA",
      "type": "ValidationStringency",
      "required": "no",
      "fulltext": "",
      "defaultValue": "STRICT",
      "minValue": "NA",
      "maxValue": "NA",
      "minRecValue": "NA",
      "maxRecValue": "NA",
      "kind": "common",
      "options": [
        {
          "summary": "",
          "name": "STRICT"
        },
        {
          "summary": "",
          "name": "LENIENT"
        },
        {
          "summary": "",
          "name": "SILENT"
        }
      ]
    },
    {
      "summary": "Control verbosity of logging.",
      "name": "--VERBOSITY",
      "synonyms": "NA",
      "type": "LogLevel",
      "required": "no",
      "fulltext": "",
      "defaultValue": "INFO",
      "minValue": "NA",
      "maxValue": "NA",
      "minRecValue": "NA",
      "maxRecValue": "NA",
      "kind": "common",
      "options": [
        {
          "summary": "",
          "name": "ERROR"
        },
        {
          "summary": "",
          "name": "WARNING"
        },
        {
          "summary": "",
          "name": "INFO"
        },
        {
          "summary": "",
          "name": "DEBUG"
        }
      ]
    },
    {
      "summary": "display the version number for this tool",
      "name": "--version",
      "synonyms": "NA",
      "type": "boolean",
      "required": "no",
      "fulltext": "",
      "defaultValue": "false",
      "minValue": "NA",
      "maxValue": "NA",
      "minRecValue": "NA",
      "maxRecValue": "NA",
      "kind": "optional",
      "options": []
    }
  ],
  "description": "IlluminaBasecallsToSam transforms a lane of Illumina data file formats (bcl, locs, clocs, qseqs, etc.) into\n SAM or BAM file format.\n \u003cp/\u003e\n In this application, barcode data is read from Illumina data file groups, each of which is associated with a tile.\n Each tile may contain data for any number of barcodes, and a single barcode\u0027s data may span multiple tiles.  Once the\n barcode data is collected from files, each barcode\u0027s data is written to its own SAM/BAM.  The barcode data must be\n written in order; this means that barcode data from each tile is sorted before it is written to file, and that if a\n barcode\u0027s data does span multiple tiles, data collected from each tile must be written in the order of the tiles\n themselves.\n \u003cp/\u003e\n This class employs a number of private subclasses to achieve this goal.  The TileReadAggregator controls the flow\n of operation.  It is fed a number of Tiles which it uses to spawn TileReaders.  TileReaders are responsible for\n reading Illumina data for their respective tiles from disk, and as they collect that data, it is fed back into the\n TileReadAggregator.  When a TileReader completes a tile, it notifies the TileReadAggregator, which reviews what was\n read and conditionally queues its writing to disk, baring in mind the requirements of write-order described in the\n previous paragraph.  As writes complete, the TileReadAggregator re-evaluates the state of reads/writes and may queue\n more writes.  When all barcodes for all tiles have been written, the TileReadAggregator shuts down.\n \u003cp/\u003e\n The TileReadAggregator controls task execution using a specialized ThreadPoolExecutor.  It accepts special Runnables\n of type PriorityRunnable which allow a priority to be assigned to the runnable.  When the ThreadPoolExecutor is\n assigning threads, it gives priority to those PriorityRunnables with higher priority values.  In this application,\n TileReaders are assigned lowest priority, and write tasks are assigned high priority.  It is designed in this fashion\n to minimize the amount of time data must remain in memory (write the data as soon as possible, then discard it from\n memory) while maximizing CPU usage.",
  "name": "IlluminaBasecallsToSam (Picard)",
  "group": "Base Calling",
  "beta": false,
  "experimental": false
}