{
  "summary": "Finds mendelian violations of all types within a VCF",
  "arguments": [
    {
      "summary": "read one or more arguments files and add them to the command line",
      "name": "--arguments_file",
      "synonyms": "NA",
      "type": "List[File]",
      "required": "no",
      "fulltext": "",
      "defaultValue": "[]",
      "minValue": "NA",
      "maxValue": "NA",
      "minRecValue": "NA",
      "maxRecValue": "NA",
      "kind": "optional",
      "options": []
    },
    {
      "summary": "Compression level for all compressed files created (e.g. BAM and VCF).",
      "name": "--COMPRESSION_LEVEL",
      "synonyms": "NA",
      "type": "int",
      "required": "no",
      "fulltext": "",
      "defaultValue": "5",
      "minValue": "-Infinity",
      "maxValue": "Infinity",
      "minRecValue": "NA",
      "maxRecValue": "NA",
      "kind": "common",
      "options": []
    },
    {
      "summary": "Whether to create a BAM index when writing a coordinate-sorted BAM file.",
      "name": "--CREATE_INDEX",
      "synonyms": "NA",
      "type": "Boolean",
      "required": "no",
      "fulltext": "",
      "defaultValue": "false",
      "minValue": "NA",
      "maxValue": "NA",
      "minRecValue": "NA",
      "maxRecValue": "NA",
      "kind": "common",
      "options": []
    },
    {
      "summary": "Whether to create an MD5 digest for any BAM or FASTQ files created.  ",
      "name": "--CREATE_MD5_FILE",
      "synonyms": "NA",
      "type": "boolean",
      "required": "no",
      "fulltext": "",
      "defaultValue": "false",
      "minValue": "NA",
      "maxValue": "NA",
      "minRecValue": "NA",
      "maxRecValue": "NA",
      "kind": "common",
      "options": []
    },
    {
      "summary": "List of possible names for female sex chromosome(s)",
      "name": "--FEMALE_CHROMS",
      "synonyms": "NA",
      "type": "Set[String]",
      "required": "no",
      "fulltext": "",
      "defaultValue": "[chrX, X]",
      "minValue": "NA",
      "maxValue": "NA",
      "minRecValue": "NA",
      "maxRecValue": "NA",
      "kind": "optional",
      "options": []
    },
    {
      "summary": "Google Genomics API client_secrets.json file path.",
      "name": "--GA4GH_CLIENT_SECRETS",
      "synonyms": "NA",
      "type": "String",
      "required": "no",
      "fulltext": "",
      "defaultValue": "client_secrets.json",
      "minValue": "NA",
      "maxValue": "NA",
      "minRecValue": "NA",
      "maxRecValue": "NA",
      "kind": "common",
      "options": []
    },
    {
      "summary": "display the help message",
      "name": "--help",
      "synonyms": "-h",
      "type": "boolean",
      "required": "no",
      "fulltext": "",
      "defaultValue": "false",
      "minValue": "NA",
      "maxValue": "NA",
      "minRecValue": "NA",
      "maxRecValue": "NA",
      "kind": "optional",
      "options": []
    },
    {
      "summary": "Input VCF or BCF with genotypes.",
      "name": "--INPUT",
      "synonyms": "-I",
      "type": "File",
      "required": "yes",
      "fulltext": "",
      "defaultValue": "null",
      "minValue": "NA",
      "maxValue": "NA",
      "minRecValue": "NA",
      "maxRecValue": "NA",
      "kind": "required",
      "options": []
    },
    {
      "summary": "List of possible names for male sex chromosome(s)",
      "name": "--MALE_CHROMS",
      "synonyms": "NA",
      "type": "Set[String]",
      "required": "no",
      "fulltext": "",
      "defaultValue": "[chrY, Y]",
      "minValue": "NA",
      "maxValue": "NA",
      "minRecValue": "NA",
      "maxRecValue": "NA",
      "kind": "optional",
      "options": []
    },
    {
      "summary": "When writing files that need to be sorted, this will specify the number of records stored in RAM before spilling to disk. Increasing this number reduces the number of file handles needed to sort the file, and increases the amount of RAM needed.",
      "name": "--MAX_RECORDS_IN_RAM",
      "synonyms": "NA",
      "type": "Integer",
      "required": "no",
      "fulltext": "",
      "defaultValue": "500000",
      "minValue": "-Infinity",
      "maxValue": "Infinity",
      "minRecValue": "NA",
      "maxRecValue": "NA",
      "kind": "common",
      "options": []
    },
    {
      "summary": "Minimum depth in each sample to consider possible mendelian violations.",
      "name": "--MIN_DP",
      "synonyms": "-DP",
      "type": "int",
      "required": "no",
      "fulltext": "",
      "defaultValue": "0",
      "minValue": "-Infinity",
      "maxValue": "Infinity",
      "minRecValue": "NA",
      "maxRecValue": "NA",
      "kind": "optional",
      "options": []
    },
    {
      "summary": "Minimum genotyping quality (or non-ref likelihood) to perform tests.",
      "name": "--MIN_GQ",
      "synonyms": "-GQ",
      "type": "int",
      "required": "no",
      "fulltext": "",
      "defaultValue": "30",
      "minValue": "-Infinity",
      "maxValue": "Infinity",
      "minRecValue": "NA",
      "maxRecValue": "NA",
      "kind": "optional",
      "options": []
    },
    {
      "summary": "Minimum allele balance at sites that are heterozygous in the offspring.",
      "name": "--MIN_HET_FRACTION",
      "synonyms": "-MINHET",
      "type": "double",
      "required": "no",
      "fulltext": "",
      "defaultValue": "0.3",
      "minValue": "-Infinity",
      "maxValue": "Infinity",
      "minRecValue": "NA",
      "maxRecValue": "NA",
      "kind": "optional",
      "options": []
    },
    {
      "summary": "Output metrics file.",
      "name": "--OUTPUT",
      "synonyms": "-O",
      "type": "File",
      "required": "yes",
      "fulltext": "",
      "defaultValue": "null",
      "minValue": "NA",
      "maxValue": "NA",
      "minRecValue": "NA",
      "maxRecValue": "NA",
      "kind": "required",
      "options": []
    },
    {
      "summary": "List of chr:start-end for pseudo-autosomal regions on the female sex chromosome. Defaults to HG19/b37 \u0026 HG38 coordinates.",
      "name": "--PSEUDO_AUTOSOMAL_REGIONS",
      "synonyms": "NA",
      "type": "Set[String]",
      "required": "no",
      "fulltext": "",
      "defaultValue": "[chrX:10000-2781479, X:10001-2649520, chrX:155701382-156030895, X:59034050-59373566]",
      "minValue": "NA",
      "maxValue": "NA",
      "minRecValue": "NA",
      "maxRecValue": "NA",
      "kind": "optional",
      "options": []
    },
    {
      "summary": "Whether to suppress job-summary info on System.err.",
      "name": "--QUIET",
      "synonyms": "NA",
      "type": "Boolean",
      "required": "no",
      "fulltext": "",
      "defaultValue": "false",
      "minValue": "NA",
      "maxValue": "NA",
      "minRecValue": "NA",
      "maxRecValue": "NA",
      "kind": "common",
      "options": []
    },
    {
      "summary": "Reference sequence file.",
      "name": "--REFERENCE_SEQUENCE",
      "synonyms": "-R",
      "type": "File",
      "required": "no",
      "fulltext": "",
      "defaultValue": "null",
      "minValue": "NA",
      "maxValue": "NA",
      "minRecValue": "NA",
      "maxRecValue": "NA",
      "kind": "common",
      "options": []
    },
    {
      "summary": "display hidden arguments",
      "name": "--showHidden",
      "synonyms": "-showHidden",
      "type": "boolean",
      "required": "no",
      "fulltext": "",
      "defaultValue": "false",
      "minValue": "NA",
      "maxValue": "NA",
      "minRecValue": "NA",
      "maxRecValue": "NA",
      "kind": "advanced",
      "options": []
    },
    {
      "summary": "List of chromosome names to skip entirely.",
      "name": "--SKIP_CHROMS",
      "synonyms": "NA",
      "type": "Set[String]",
      "required": "no",
      "fulltext": "",
      "defaultValue": "[MT, chrM]",
      "minValue": "NA",
      "maxValue": "NA",
      "minRecValue": "NA",
      "maxRecValue": "NA",
      "kind": "optional",
      "options": []
    },
    {
      "summary": "If true then fields need to be delimited by a single tab. If false the delimiter is one or more whitespace characters. Note that tab mode does not strictly follow the PED spec",
      "name": "--TAB_MODE",
      "synonyms": "NA",
      "type": "boolean",
      "required": "no",
      "fulltext": "",
      "defaultValue": "false",
      "minValue": "NA",
      "maxValue": "NA",
      "minRecValue": "NA",
      "maxRecValue": "NA",
      "kind": "optional",
      "options": []
    },
    {
      "summary": "The number of threads that will be used to collect the metrics. ",
      "name": "--THREAD_COUNT",
      "synonyms": "NA",
      "type": "int",
      "required": "no",
      "fulltext": "",
      "defaultValue": "1",
      "minValue": "-Infinity",
      "maxValue": "Infinity",
      "minRecValue": "NA",
      "maxRecValue": "NA",
      "kind": "optional",
      "options": []
    },
    {
      "summary": "One or more directories with space available to be used by this program for temporary storage of working files",
      "name": "--TMP_DIR",
      "synonyms": "NA",
      "type": "List[File]",
      "required": "no",
      "fulltext": "",
      "defaultValue": "[]",
      "minValue": "NA",
      "maxValue": "NA",
      "minRecValue": "NA",
      "maxRecValue": "NA",
      "kind": "common",
      "options": []
    },
    {
      "summary": "File of Trio information in PED format (with no genotype columns).",
      "name": "--TRIOS",
      "synonyms": "-PED",
      "type": "File",
      "required": "yes",
      "fulltext": "",
      "defaultValue": "null",
      "minValue": "NA",
      "maxValue": "NA",
      "minRecValue": "NA",
      "maxRecValue": "NA",
      "kind": "required",
      "options": []
    },
    {
      "summary": "Use the JDK Deflater instead of the Intel Deflater for writing compressed output",
      "name": "--USE_JDK_DEFLATER",
      "synonyms": "-use_jdk_deflater",
      "type": "Boolean",
      "required": "no",
      "fulltext": "",
      "defaultValue": "false",
      "minValue": "NA",
      "maxValue": "NA",
      "minRecValue": "NA",
      "maxRecValue": "NA",
      "kind": "common",
      "options": []
    },
    {
      "summary": "Use the JDK Inflater instead of the Intel Inflater for reading compressed input",
      "name": "--USE_JDK_INFLATER",
      "synonyms": "-use_jdk_inflater",
      "type": "Boolean",
      "required": "no",
      "fulltext": "",
      "defaultValue": "false",
      "minValue": "NA",
      "maxValue": "NA",
      "minRecValue": "NA",
      "maxRecValue": "NA",
      "kind": "common",
      "options": []
    },
    {
      "summary": "Validation stringency for all SAM files read by this program.  Setting stringency to SILENT can improve performance when processing a BAM file in which variable-length data (read, qualities, tags) do not otherwise need to be decoded.",
      "name": "--VALIDATION_STRINGENCY",
      "synonyms": "NA",
      "type": "ValidationStringency",
      "required": "no",
      "fulltext": "",
      "defaultValue": "STRICT",
      "minValue": "NA",
      "maxValue": "NA",
      "minRecValue": "NA",
      "maxRecValue": "NA",
      "kind": "common",
      "options": [
        {
          "summary": "",
          "name": "STRICT"
        },
        {
          "summary": "",
          "name": "LENIENT"
        },
        {
          "summary": "",
          "name": "SILENT"
        }
      ]
    },
    {
      "summary": "If provided, output per-family VCFs of mendelian violations into this directory.",
      "name": "--VCF_DIR",
      "synonyms": "NA",
      "type": "File",
      "required": "no",
      "fulltext": "",
      "defaultValue": "null",
      "minValue": "NA",
      "maxValue": "NA",
      "minRecValue": "NA",
      "maxRecValue": "NA",
      "kind": "optional",
      "options": []
    },
    {
      "summary": "Control verbosity of logging.",
      "name": "--VERBOSITY",
      "synonyms": "NA",
      "type": "LogLevel",
      "required": "no",
      "fulltext": "",
      "defaultValue": "INFO",
      "minValue": "NA",
      "maxValue": "NA",
      "minRecValue": "NA",
      "maxRecValue": "NA",
      "kind": "common",
      "options": [
        {
          "summary": "",
          "name": "ERROR"
        },
        {
          "summary": "",
          "name": "WARNING"
        },
        {
          "summary": "",
          "name": "INFO"
        },
        {
          "summary": "",
          "name": "DEBUG"
        }
      ]
    },
    {
      "summary": "display the version number for this tool",
      "name": "--version",
      "synonyms": "NA",
      "type": "boolean",
      "required": "no",
      "fulltext": "",
      "defaultValue": "false",
      "minValue": "NA",
      "maxValue": "NA",
      "minRecValue": "NA",
      "maxRecValue": "NA",
      "kind": "optional",
      "options": []
    }
  ],
  "description": "\u003ch3\u003eSummary\u003c/h3\u003e\n Finds mendelian violations (MVs) of all types within a VCF.\n \u003ch3\u003eDetail\u003c/h3\u003e\n Takes in VCF or BCF and a pedigree file and looks for high confidence calls where the genotype of the offspring\n is incompatible with the genotypes of the parents.  \u003cbr/\u003e\n Key features:\n \u003col\u003e\n \u003cli\u003e\n Checks for regular MVs in diploid regions and invalid transmissions in haploid regions (using the declared gender\n of the offspring in the pedigree file to determine how to deal with the male and female chromosomes.)\n \u003c/li\u003e\n \u003cli\u003e\n Outputs metrics about the different kinds of MVs found\n \u003c/li\u003e\n \u003cli\u003e\n Can output a per-trio VCF with violations; INFO field will indicate the type of violation in the MV field\n \u003c/li\u003e\n \u003c/ol\u003e\n\n \u003ch3\u003eExample\u003c/h3\u003e\n \u003cpre\u003e\n     java -jar picard.jar FindMendelianViolations\\\\\n          I\u003dinput.vcf \\\\\n          TRIO\u003dpedigree.fam \\\\\n          O\u003dreport.mendelian_violation_metrics \\\\\n          MIN_DP\u003d20\n \u003c/pre\u003e\n \u003ch3\u003eCaveates\u003c/h3\u003e\n \u003ch4\u003eAssumptions\u003c/h4\u003e\n The tool assumes the existence of FORMAT fields AD, DP, GT, GQ, and PL.\n \u003ch4\u003eIgnored Variants\u003c/h4\u003e\n This tool ignores variants that are:\n \u003cul\u003e\n \u003cli\u003eNot SNPs\u003c/li\u003e\n \u003cli\u003eFiltered\u003c/li\u003e\n \u003cli\u003eMultiallelic (i.e., trio has more than 2 alleles)\u003c/li\u003e\n \u003cli\u003eWithin the #SKIP_CHROMS contigs\u003c/li\u003e\n \u003c/ul\u003e\n \u003ch4\u003ePseudoAutosomal Region\u003c/h4\u003e\n This tool assumes that variants in the PAR will be mapped onto the female chromosome, and will treat variants in\n that region as as autosomal. The mapping to female requires that the PAR in the male chromosome be masked so that\n the aligner maps reads to single contig. This is normally done for the public releases of the human reference.\n The tool has default values for PAR that are sensible for humans on either build b37 or hg38.",
  "name": "FindMendelianViolations (Picard)",
  "group": "Variant Evaluation and Refinement",
  "beta": false,
  "experimental": false
}