{
  "summary": "Concatenate efficiently BAM files that resulted from a scattered parallel analysis",
  "arguments": [
    {
      "summary": "read one or more arguments files and add them to the command line",
      "name": "--arguments_file",
      "synonyms": "NA",
      "type": "List[File]",
      "required": "no",
      "fulltext": "",
      "defaultValue": "[]",
      "minValue": "NA",
      "maxValue": "NA",
      "minRecValue": "NA",
      "maxRecValue": "NA",
      "kind": "optional",
      "options": []
    },
    {
      "summary": "Compression level for all compressed files created (e.g. BAM and VCF).",
      "name": "--COMPRESSION_LEVEL",
      "synonyms": "NA",
      "type": "int",
      "required": "no",
      "fulltext": "",
      "defaultValue": "5",
      "minValue": "-Infinity",
      "maxValue": "Infinity",
      "minRecValue": "NA",
      "maxRecValue": "NA",
      "kind": "common",
      "options": []
    },
    {
      "summary": "Whether to create a BAM index when writing a coordinate-sorted BAM file.",
      "name": "--CREATE_INDEX",
      "synonyms": "NA",
      "type": "Boolean",
      "required": "no",
      "fulltext": "",
      "defaultValue": "false",
      "minValue": "NA",
      "maxValue": "NA",
      "minRecValue": "NA",
      "maxRecValue": "NA",
      "kind": "common",
      "options": []
    },
    {
      "summary": "Whether to create an MD5 digest for any BAM or FASTQ files created.  ",
      "name": "--CREATE_MD5_FILE",
      "synonyms": "NA",
      "type": "boolean",
      "required": "no",
      "fulltext": "",
      "defaultValue": "false",
      "minValue": "NA",
      "maxValue": "NA",
      "minRecValue": "NA",
      "maxRecValue": "NA",
      "kind": "common",
      "options": []
    },
    {
      "summary": "Google Genomics API client_secrets.json file path.",
      "name": "--GA4GH_CLIENT_SECRETS",
      "synonyms": "NA",
      "type": "String",
      "required": "no",
      "fulltext": "",
      "defaultValue": "client_secrets.json",
      "minValue": "NA",
      "maxValue": "NA",
      "minRecValue": "NA",
      "maxRecValue": "NA",
      "kind": "common",
      "options": []
    },
    {
      "summary": "display the help message",
      "name": "--help",
      "synonyms": "-h",
      "type": "boolean",
      "required": "no",
      "fulltext": "",
      "defaultValue": "false",
      "minValue": "NA",
      "maxValue": "NA",
      "minRecValue": "NA",
      "maxRecValue": "NA",
      "kind": "optional",
      "options": []
    },
    {
      "summary": "Two or more BAM files or text files containing lists of BAM files (one per line).",
      "name": "--INPUT",
      "synonyms": "-I",
      "type": "List[File]",
      "required": "yes",
      "fulltext": "",
      "defaultValue": "[]",
      "minValue": "NA",
      "maxValue": "NA",
      "minRecValue": "NA",
      "maxRecValue": "NA",
      "kind": "required",
      "options": []
    },
    {
      "summary": "When writing files that need to be sorted, this will specify the number of records stored in RAM before spilling to disk. Increasing this number reduces the number of file handles needed to sort the file, and increases the amount of RAM needed.",
      "name": "--MAX_RECORDS_IN_RAM",
      "synonyms": "NA",
      "type": "Integer",
      "required": "no",
      "fulltext": "",
      "defaultValue": "500000",
      "minValue": "-Infinity",
      "maxValue": "Infinity",
      "minRecValue": "NA",
      "maxRecValue": "NA",
      "kind": "common",
      "options": []
    },
    {
      "summary": "The output BAM file to write to.",
      "name": "--OUTPUT",
      "synonyms": "-O",
      "type": "File",
      "required": "yes",
      "fulltext": "",
      "defaultValue": "null",
      "minValue": "NA",
      "maxValue": "NA",
      "minRecValue": "NA",
      "maxRecValue": "NA",
      "kind": "required",
      "options": []
    },
    {
      "summary": "Whether to suppress job-summary info on System.err.",
      "name": "--QUIET",
      "synonyms": "NA",
      "type": "Boolean",
      "required": "no",
      "fulltext": "",
      "defaultValue": "false",
      "minValue": "NA",
      "maxValue": "NA",
      "minRecValue": "NA",
      "maxRecValue": "NA",
      "kind": "common",
      "options": []
    },
    {
      "summary": "Reference sequence file.",
      "name": "--REFERENCE_SEQUENCE",
      "synonyms": "-R",
      "type": "File",
      "required": "no",
      "fulltext": "",
      "defaultValue": "null",
      "minValue": "NA",
      "maxValue": "NA",
      "minRecValue": "NA",
      "maxRecValue": "NA",
      "kind": "common",
      "options": []
    },
    {
      "summary": "display hidden arguments",
      "name": "--showHidden",
      "synonyms": "-showHidden",
      "type": "boolean",
      "required": "no",
      "fulltext": "",
      "defaultValue": "false",
      "minValue": "NA",
      "maxValue": "NA",
      "minRecValue": "NA",
      "maxRecValue": "NA",
      "kind": "advanced",
      "options": []
    },
    {
      "summary": "One or more directories with space available to be used by this program for temporary storage of working files",
      "name": "--TMP_DIR",
      "synonyms": "NA",
      "type": "List[File]",
      "required": "no",
      "fulltext": "",
      "defaultValue": "[]",
      "minValue": "NA",
      "maxValue": "NA",
      "minRecValue": "NA",
      "maxRecValue": "NA",
      "kind": "common",
      "options": []
    },
    {
      "summary": "Use the JDK Deflater instead of the Intel Deflater for writing compressed output",
      "name": "--USE_JDK_DEFLATER",
      "synonyms": "-use_jdk_deflater",
      "type": "Boolean",
      "required": "no",
      "fulltext": "",
      "defaultValue": "false",
      "minValue": "NA",
      "maxValue": "NA",
      "minRecValue": "NA",
      "maxRecValue": "NA",
      "kind": "common",
      "options": []
    },
    {
      "summary": "Use the JDK Inflater instead of the Intel Inflater for reading compressed input",
      "name": "--USE_JDK_INFLATER",
      "synonyms": "-use_jdk_inflater",
      "type": "Boolean",
      "required": "no",
      "fulltext": "",
      "defaultValue": "false",
      "minValue": "NA",
      "maxValue": "NA",
      "minRecValue": "NA",
      "maxRecValue": "NA",
      "kind": "common",
      "options": []
    },
    {
      "summary": "Validation stringency for all SAM files read by this program.  Setting stringency to SILENT can improve performance when processing a BAM file in which variable-length data (read, qualities, tags) do not otherwise need to be decoded.",
      "name": "--VALIDATION_STRINGENCY",
      "synonyms": "NA",
      "type": "ValidationStringency",
      "required": "no",
      "fulltext": "",
      "defaultValue": "STRICT",
      "minValue": "NA",
      "maxValue": "NA",
      "minRecValue": "NA",
      "maxRecValue": "NA",
      "kind": "common",
      "options": [
        {
          "summary": "",
          "name": "STRICT"
        },
        {
          "summary": "",
          "name": "LENIENT"
        },
        {
          "summary": "",
          "name": "SILENT"
        }
      ]
    },
    {
      "summary": "Control verbosity of logging.",
      "name": "--VERBOSITY",
      "synonyms": "NA",
      "type": "LogLevel",
      "required": "no",
      "fulltext": "",
      "defaultValue": "INFO",
      "minValue": "NA",
      "maxValue": "NA",
      "minRecValue": "NA",
      "maxRecValue": "NA",
      "kind": "common",
      "options": [
        {
          "summary": "",
          "name": "ERROR"
        },
        {
          "summary": "",
          "name": "WARNING"
        },
        {
          "summary": "",
          "name": "INFO"
        },
        {
          "summary": "",
          "name": "DEBUG"
        }
      ]
    },
    {
      "summary": "display the version number for this tool",
      "name": "--version",
      "synonyms": "NA",
      "type": "boolean",
      "required": "no",
      "fulltext": "",
      "defaultValue": "false",
      "minValue": "NA",
      "maxValue": "NA",
      "minRecValue": "NA",
      "maxRecValue": "NA",
      "kind": "optional",
      "options": []
    }
  ],
  "description": "Concatenate efficiently BAM files that resulted from a scattered parallel analysis.\n \u003cp\u003e\n This tool performs a rapid \"gather\" or concatenation on BAM files. \n This is often needed in operations that have been run in parallel across genomics regions by scattering \n their execution across computing nodes and cores thus resulting in smaller BAM files.\n \u003c/p\u003e\n \u003cp\u003e\n This tool does not support SAM files.\n \u003c/p\u003e\n \u003ch3\u003eInputs\u003c/h3\u003e\n \u003cp\u003e\n A list of BAM files to combine using the \u003ccode\u003eINPUT\u003c/code\u003e argument. \n These files must be provided in the order that they should be concatenated.\n \u003c/p\u003e\n\u003ch3\u003eOutput\u003c/h3\u003e\n \u003cp\u003e\n A single BAM file. The header is copied from the first input file. \n \u003c/p\u003e\n \u003ch3\u003eUsage example:\u003c/h3\u003e\n \u003cpre\u003e\n java -jar picard.jar GatherBamFiles \\\n      I\u003dinput1.bam \\\n      I\u003dinput2.bam \\\n      O\u003dgathered_files.bam\n \u003c/pre\u003e\n \u003ch3\u003eNotes\u003c/h3\u003e\n \u003cp\u003e\n Operates via copying of the gzip blocks directly for speed but also supports generation of an MD5 on the\n output and indexing of the output BAM file. \n \u003c/p\u003e",
  "name": "GatherBamFiles (Picard)",
  "group": "Read Data Manipulation",
  "beta": false,
  "experimental": false
}