{
  "summary": "Splits a SAM or BAM file to multiple BAMs.",
  "arguments": [
    {
      "summary": "read one or more arguments files and add them to the command line",
      "name": "--arguments_file",
      "synonyms": "NA",
      "type": "List[File]",
      "required": "no",
      "fulltext": "",
      "defaultValue": "[]",
      "minValue": "NA",
      "maxValue": "NA",
      "minRecValue": "NA",
      "maxRecValue": "NA",
      "kind": "optional",
      "options": []
    },
    {
      "summary": "Compression level for all compressed files created (e.g. BAM and VCF).",
      "name": "--COMPRESSION_LEVEL",
      "synonyms": "NA",
      "type": "int",
      "required": "no",
      "fulltext": "",
      "defaultValue": "5",
      "minValue": "-Infinity",
      "maxValue": "Infinity",
      "minRecValue": "NA",
      "maxRecValue": "NA",
      "kind": "common",
      "options": []
    },
    {
      "summary": "Whether to create a BAM index when writing a coordinate-sorted BAM file.",
      "name": "--CREATE_INDEX",
      "synonyms": "NA",
      "type": "Boolean",
      "required": "no",
      "fulltext": "",
      "defaultValue": "false",
      "minValue": "NA",
      "maxValue": "NA",
      "minRecValue": "NA",
      "maxRecValue": "NA",
      "kind": "common",
      "options": []
    },
    {
      "summary": "Whether to create an MD5 digest for any BAM or FASTQ files created.  ",
      "name": "--CREATE_MD5_FILE",
      "synonyms": "NA",
      "type": "boolean",
      "required": "no",
      "fulltext": "",
      "defaultValue": "false",
      "minValue": "NA",
      "maxValue": "NA",
      "minRecValue": "NA",
      "maxRecValue": "NA",
      "kind": "common",
      "options": []
    },
    {
      "summary": "Google Genomics API client_secrets.json file path.",
      "name": "--GA4GH_CLIENT_SECRETS",
      "synonyms": "NA",
      "type": "String",
      "required": "no",
      "fulltext": "",
      "defaultValue": "client_secrets.json",
      "minValue": "NA",
      "maxValue": "NA",
      "minRecValue": "NA",
      "maxRecValue": "NA",
      "kind": "common",
      "options": []
    },
    {
      "summary": "display the help message",
      "name": "--help",
      "synonyms": "-h",
      "type": "boolean",
      "required": "no",
      "fulltext": "",
      "defaultValue": "false",
      "minValue": "NA",
      "maxValue": "NA",
      "minRecValue": "NA",
      "maxRecValue": "NA",
      "kind": "optional",
      "options": []
    },
    {
      "summary": "Input SAM/BAM file to split",
      "name": "--INPUT",
      "synonyms": "-I",
      "type": "File",
      "required": "yes",
      "fulltext": "",
      "defaultValue": "null",
      "minValue": "NA",
      "maxValue": "NA",
      "minRecValue": "NA",
      "maxRecValue": "NA",
      "kind": "required",
      "options": []
    },
    {
      "summary": "When writing files that need to be sorted, this will specify the number of records stored in RAM before spilling to disk. Increasing this number reduces the number of file handles needed to sort the file, and increases the amount of RAM needed.",
      "name": "--MAX_RECORDS_IN_RAM",
      "synonyms": "NA",
      "type": "Integer",
      "required": "no",
      "fulltext": "",
      "defaultValue": "500000",
      "minValue": "-Infinity",
      "maxValue": "Infinity",
      "minRecValue": "NA",
      "maxRecValue": "NA",
      "kind": "common",
      "options": []
    },
    {
      "summary": "Output files will be named \u003cOUT_PREFIX\u003e_N.bam, where N enumerates the output file.",
      "name": "--OUT_PREFIX",
      "synonyms": "-OUT_PREFIX",
      "type": "String",
      "required": "no",
      "fulltext": "",
      "defaultValue": "shard",
      "minValue": "NA",
      "maxValue": "NA",
      "minRecValue": "NA",
      "maxRecValue": "NA",
      "kind": "optional",
      "options": []
    },
    {
      "summary": "Directory in which to output the split BAM files.",
      "name": "--OUTPUT",
      "synonyms": "-O",
      "type": "File",
      "required": "yes",
      "fulltext": "",
      "defaultValue": "null",
      "minValue": "NA",
      "maxValue": "NA",
      "minRecValue": "NA",
      "maxRecValue": "NA",
      "kind": "required",
      "options": []
    },
    {
      "summary": "Whether to suppress job-summary info on System.err.",
      "name": "--QUIET",
      "synonyms": "NA",
      "type": "Boolean",
      "required": "no",
      "fulltext": "",
      "defaultValue": "false",
      "minValue": "NA",
      "maxValue": "NA",
      "minRecValue": "NA",
      "maxRecValue": "NA",
      "kind": "common",
      "options": []
    },
    {
      "summary": "Reference sequence file.",
      "name": "--REFERENCE_SEQUENCE",
      "synonyms": "-R",
      "type": "File",
      "required": "no",
      "fulltext": "",
      "defaultValue": "null",
      "minValue": "NA",
      "maxValue": "NA",
      "minRecValue": "NA",
      "maxRecValue": "NA",
      "kind": "common",
      "options": []
    },
    {
      "summary": "display hidden arguments",
      "name": "--showHidden",
      "synonyms": "-showHidden",
      "type": "boolean",
      "required": "no",
      "fulltext": "",
      "defaultValue": "false",
      "minValue": "NA",
      "maxValue": "NA",
      "minRecValue": "NA",
      "maxRecValue": "NA",
      "kind": "advanced",
      "options": []
    },
    {
      "summary": "Split to N files.",
      "name": "--SPLIT_TO_N_FILES",
      "synonyms": "-N_FILES",
      "type": "int",
      "required": "no",
      "fulltext": "",
      "defaultValue": "0",
      "minValue": "-Infinity",
      "maxValue": "Infinity",
      "minRecValue": "NA",
      "maxRecValue": "NA",
      "kind": "optional",
      "options": []
    },
    {
      "summary": "Split to have approximately N reads per output file. The actual number of reads per output file will vary by no more than the number of output files * (the maximum number of reads with the same queryname - 1).",
      "name": "--SPLIT_TO_N_READS",
      "synonyms": "-N_READS",
      "type": "int",
      "required": "no",
      "fulltext": "",
      "defaultValue": "0",
      "minValue": "-Infinity",
      "maxValue": "Infinity",
      "minRecValue": "NA",
      "maxRecValue": "NA",
      "kind": "optional",
      "options": []
    },
    {
      "summary": "One or more directories with space available to be used by this program for temporary storage of working files",
      "name": "--TMP_DIR",
      "synonyms": "NA",
      "type": "List[File]",
      "required": "no",
      "fulltext": "",
      "defaultValue": "[]",
      "minValue": "NA",
      "maxValue": "NA",
      "minRecValue": "NA",
      "maxRecValue": "NA",
      "kind": "common",
      "options": []
    },
    {
      "summary": "Total number of reads in the input file. If this is not provided, the input will be read twice, the first time to get a count of the total reads.",
      "name": "--TOTAL_READS_IN_INPUT",
      "synonyms": "-TOTAL_READS",
      "type": "long",
      "required": "no",
      "fulltext": "",
      "defaultValue": "0",
      "minValue": "-Infinity",
      "maxValue": "Infinity",
      "minRecValue": "NA",
      "maxRecValue": "NA",
      "kind": "optional",
      "options": []
    },
    {
      "summary": "Use the JDK Deflater instead of the Intel Deflater for writing compressed output",
      "name": "--USE_JDK_DEFLATER",
      "synonyms": "-use_jdk_deflater",
      "type": "Boolean",
      "required": "no",
      "fulltext": "",
      "defaultValue": "false",
      "minValue": "NA",
      "maxValue": "NA",
      "minRecValue": "NA",
      "maxRecValue": "NA",
      "kind": "common",
      "options": []
    },
    {
      "summary": "Use the JDK Inflater instead of the Intel Inflater for reading compressed input",
      "name": "--USE_JDK_INFLATER",
      "synonyms": "-use_jdk_inflater",
      "type": "Boolean",
      "required": "no",
      "fulltext": "",
      "defaultValue": "false",
      "minValue": "NA",
      "maxValue": "NA",
      "minRecValue": "NA",
      "maxRecValue": "NA",
      "kind": "common",
      "options": []
    },
    {
      "summary": "Validation stringency for all SAM files read by this program.  Setting stringency to SILENT can improve performance when processing a BAM file in which variable-length data (read, qualities, tags) do not otherwise need to be decoded.",
      "name": "--VALIDATION_STRINGENCY",
      "synonyms": "NA",
      "type": "ValidationStringency",
      "required": "no",
      "fulltext": "",
      "defaultValue": "STRICT",
      "minValue": "NA",
      "maxValue": "NA",
      "minRecValue": "NA",
      "maxRecValue": "NA",
      "kind": "common",
      "options": [
        {
          "summary": "",
          "name": "STRICT"
        },
        {
          "summary": "",
          "name": "LENIENT"
        },
        {
          "summary": "",
          "name": "SILENT"
        }
      ]
    },
    {
      "summary": "Control verbosity of logging.",
      "name": "--VERBOSITY",
      "synonyms": "NA",
      "type": "LogLevel",
      "required": "no",
      "fulltext": "",
      "defaultValue": "INFO",
      "minValue": "NA",
      "maxValue": "NA",
      "minRecValue": "NA",
      "maxRecValue": "NA",
      "kind": "common",
      "options": [
        {
          "summary": "",
          "name": "ERROR"
        },
        {
          "summary": "",
          "name": "WARNING"
        },
        {
          "summary": "",
          "name": "INFO"
        },
        {
          "summary": "",
          "name": "DEBUG"
        }
      ]
    },
    {
      "summary": "display the version number for this tool",
      "name": "--version",
      "synonyms": "NA",
      "type": "boolean",
      "required": "no",
      "fulltext": "",
      "defaultValue": "false",
      "minValue": "NA",
      "maxValue": "NA",
      "minRecValue": "NA",
      "maxRecValue": "NA",
      "kind": "optional",
      "options": []
    }
  ],
  "description": "\u003cp/\u003e\n Splits the input queryname sorted or query-grouped SAM/BAM file and writes it into\n multiple BAM files, each with an approximately equal number of reads. This will retain the sort order\n within each output BAM and if the BAMs are concatenated in order (output files are named\n numerically) the order of the reads will match the original BAM. It will traverse the bam twice unless\n TOTAL_READS_IN_INPUT is provided.",
  "name": "SplitSamByNumberOfReads (Picard)",
  "group": "Read Data Manipulation",
  "beta": false,
  "experimental": false
}