{
  "summary": "Lifts over a VCF file from one reference build to another.  ",
  "arguments": [
    {
      "summary": "Allow INFO and FORMAT in the records that are not found in the header",
      "name": "--ALLOW_MISSING_FIELDS_IN_HEADER",
      "synonyms": "NA",
      "type": "boolean",
      "required": "no",
      "fulltext": "",
      "defaultValue": "false",
      "minValue": "NA",
      "maxValue": "NA",
      "minRecValue": "NA",
      "maxRecValue": "NA",
      "kind": "optional",
      "options": []
    },
    {
      "summary": "read one or more arguments files and add them to the command line",
      "name": "--arguments_file",
      "synonyms": "NA",
      "type": "List[File]",
      "required": "no",
      "fulltext": "",
      "defaultValue": "[]",
      "minValue": "NA",
      "maxValue": "NA",
      "minRecValue": "NA",
      "maxRecValue": "NA",
      "kind": "optional",
      "options": []
    },
    {
      "summary": "The liftover chain file. See https://genome.ucsc.edu/goldenPath/help/chain.html for a description of chain files.  See http://hgdownload.soe.ucsc.edu/downloads.html#terms for where to download chain files.",
      "name": "--CHAIN",
      "synonyms": "-C",
      "type": "File",
      "required": "yes",
      "fulltext": "",
      "defaultValue": "null",
      "minValue": "NA",
      "maxValue": "NA",
      "minRecValue": "NA",
      "maxRecValue": "NA",
      "kind": "required",
      "options": []
    },
    {
      "summary": "Compression level for all compressed files created (e.g. BAM and VCF).",
      "name": "--COMPRESSION_LEVEL",
      "synonyms": "NA",
      "type": "int",
      "required": "no",
      "fulltext": "",
      "defaultValue": "5",
      "minValue": "-Infinity",
      "maxValue": "Infinity",
      "minRecValue": "NA",
      "maxRecValue": "NA",
      "kind": "common",
      "options": []
    },
    {
      "summary": "Whether to create a BAM index when writing a coordinate-sorted BAM file.",
      "name": "--CREATE_INDEX",
      "synonyms": "NA",
      "type": "Boolean",
      "required": "no",
      "fulltext": "",
      "defaultValue": "false",
      "minValue": "NA",
      "maxValue": "NA",
      "minRecValue": "NA",
      "maxRecValue": "NA",
      "kind": "common",
      "options": []
    },
    {
      "summary": "Whether to create an MD5 digest for any BAM or FASTQ files created.  ",
      "name": "--CREATE_MD5_FILE",
      "synonyms": "NA",
      "type": "boolean",
      "required": "no",
      "fulltext": "",
      "defaultValue": "false",
      "minValue": "NA",
      "maxValue": "NA",
      "minRecValue": "NA",
      "maxRecValue": "NA",
      "kind": "common",
      "options": []
    },
    {
      "summary": "Google Genomics API client_secrets.json file path.",
      "name": "--GA4GH_CLIENT_SECRETS",
      "synonyms": "NA",
      "type": "String",
      "required": "no",
      "fulltext": "",
      "defaultValue": "client_secrets.json",
      "minValue": "NA",
      "maxValue": "NA",
      "minRecValue": "NA",
      "maxRecValue": "NA",
      "kind": "common",
      "options": []
    },
    {
      "summary": "display the help message",
      "name": "--help",
      "synonyms": "-h",
      "type": "boolean",
      "required": "no",
      "fulltext": "",
      "defaultValue": "false",
      "minValue": "NA",
      "maxValue": "NA",
      "minRecValue": "NA",
      "maxRecValue": "NA",
      "kind": "optional",
      "options": []
    },
    {
      "summary": "The input VCF/BCF file to be lifted over.",
      "name": "--INPUT",
      "synonyms": "-I",
      "type": "File",
      "required": "yes",
      "fulltext": "",
      "defaultValue": "null",
      "minValue": "NA",
      "maxValue": "NA",
      "minRecValue": "NA",
      "maxRecValue": "NA",
      "kind": "required",
      "options": []
    },
    {
      "summary": "The minimum percent match required for a variant to be lifted.",
      "name": "--LIFTOVER_MIN_MATCH",
      "synonyms": "NA",
      "type": "double",
      "required": "no",
      "fulltext": "",
      "defaultValue": "1.0",
      "minValue": "-Infinity",
      "maxValue": "Infinity",
      "minRecValue": "NA",
      "maxRecValue": "NA",
      "kind": "optional",
      "options": []
    },
    {
      "summary": "If true, intervals failing due to match below LIFTOVER_MIN_MATCH will be logged as a warning to the console.",
      "name": "--LOG_FAILED_INTERVALS",
      "synonyms": "-LFI",
      "type": "boolean",
      "required": "no",
      "fulltext": "",
      "defaultValue": "true",
      "minValue": "NA",
      "maxValue": "NA",
      "minRecValue": "NA",
      "maxRecValue": "NA",
      "kind": "optional",
      "options": []
    },
    {
      "summary": "When writing files that need to be sorted, this will specify the number of records stored in RAM before spilling to disk. Increasing this number reduces the number of file handles needed to sort the file, and increases the amount of RAM needed.",
      "name": "--MAX_RECORDS_IN_RAM",
      "synonyms": "NA",
      "type": "Integer",
      "required": "no",
      "fulltext": "",
      "defaultValue": "500000",
      "minValue": "-Infinity",
      "maxValue": "Infinity",
      "minRecValue": "NA",
      "maxRecValue": "NA",
      "kind": "common",
      "options": []
    },
    {
      "summary": "The output location for the lifted over VCF/BCF.",
      "name": "--OUTPUT",
      "synonyms": "-O",
      "type": "File",
      "required": "yes",
      "fulltext": "",
      "defaultValue": "null",
      "minValue": "NA",
      "maxValue": "NA",
      "minRecValue": "NA",
      "maxRecValue": "NA",
      "kind": "required",
      "options": []
    },
    {
      "summary": "Whether to suppress job-summary info on System.err.",
      "name": "--QUIET",
      "synonyms": "NA",
      "type": "Boolean",
      "required": "no",
      "fulltext": "",
      "defaultValue": "false",
      "minValue": "NA",
      "maxValue": "NA",
      "minRecValue": "NA",
      "maxRecValue": "NA",
      "kind": "common",
      "options": []
    },
    {
      "summary": "If the REF allele of the lifted site does not match the target genome, that variant is normally rejected. For bi-allelic SNPs, if this is set to true and the ALT allele equals the new REF allele, the REF and ALT alleles will be swapped.  This can rescue some variants; however, do this carefully as some annotations may become invalid, such as any that are alelle-specifc.  See also TAGS_TO_REVERSE and TAGS_TO_DROP.",
      "name": "--RECOVER_SWAPPED_REF_ALT",
      "synonyms": "NA",
      "type": "boolean",
      "required": "no",
      "fulltext": "",
      "defaultValue": "false",
      "minValue": "NA",
      "maxValue": "NA",
      "minRecValue": "NA",
      "maxRecValue": "NA",
      "kind": "optional",
      "options": []
    },
    {
      "summary": "The reference sequence (fasta) for the TARGET genome build (i.e., the new one.  The fasta file must have an accompanying sequence dictionary (.dict file).",
      "name": "--REFERENCE_SEQUENCE",
      "synonyms": "-R",
      "type": "File",
      "required": "yes",
      "fulltext": "",
      "defaultValue": "null",
      "minValue": "NA",
      "maxValue": "NA",
      "minRecValue": "NA",
      "maxRecValue": "NA",
      "kind": "required",
      "options": []
    },
    {
      "summary": "File to which to write rejected records.",
      "name": "--REJECT",
      "synonyms": "NA",
      "type": "File",
      "required": "yes",
      "fulltext": "",
      "defaultValue": "null",
      "minValue": "NA",
      "maxValue": "NA",
      "minRecValue": "NA",
      "maxRecValue": "NA",
      "kind": "required",
      "options": []
    },
    {
      "summary": "display hidden arguments",
      "name": "--showHidden",
      "synonyms": "-showHidden",
      "type": "boolean",
      "required": "no",
      "fulltext": "",
      "defaultValue": "false",
      "minValue": "NA",
      "maxValue": "NA",
      "minRecValue": "NA",
      "maxRecValue": "NA",
      "kind": "advanced",
      "options": []
    },
    {
      "summary": "INFO field annotations that should be deleted when swapping reference with variant alleles.",
      "name": "--TAGS_TO_DROP",
      "synonyms": "NA",
      "type": "Collection[String]",
      "required": "no",
      "fulltext": "",
      "defaultValue": "[MAX_AF]",
      "minValue": "NA",
      "maxValue": "NA",
      "minRecValue": "NA",
      "maxRecValue": "NA",
      "kind": "optional",
      "options": []
    },
    {
      "summary": "INFO field annotations that behave like an Allele Frequency and should be transformed with x-\u003e1-x when swapping reference with variant alleles.",
      "name": "--TAGS_TO_REVERSE",
      "synonyms": "NA",
      "type": "Collection[String]",
      "required": "no",
      "fulltext": "",
      "defaultValue": "[AF]",
      "minValue": "NA",
      "maxValue": "NA",
      "minRecValue": "NA",
      "maxRecValue": "NA",
      "kind": "optional",
      "options": []
    },
    {
      "summary": "One or more directories with space available to be used by this program for temporary storage of working files",
      "name": "--TMP_DIR",
      "synonyms": "NA",
      "type": "List[File]",
      "required": "no",
      "fulltext": "",
      "defaultValue": "[]",
      "minValue": "NA",
      "maxValue": "NA",
      "minRecValue": "NA",
      "maxRecValue": "NA",
      "kind": "common",
      "options": []
    },
    {
      "summary": "Use the JDK Deflater instead of the Intel Deflater for writing compressed output",
      "name": "--USE_JDK_DEFLATER",
      "synonyms": "-use_jdk_deflater",
      "type": "Boolean",
      "required": "no",
      "fulltext": "",
      "defaultValue": "false",
      "minValue": "NA",
      "maxValue": "NA",
      "minRecValue": "NA",
      "maxRecValue": "NA",
      "kind": "common",
      "options": []
    },
    {
      "summary": "Use the JDK Inflater instead of the Intel Inflater for reading compressed input",
      "name": "--USE_JDK_INFLATER",
      "synonyms": "-use_jdk_inflater",
      "type": "Boolean",
      "required": "no",
      "fulltext": "",
      "defaultValue": "false",
      "minValue": "NA",
      "maxValue": "NA",
      "minRecValue": "NA",
      "maxRecValue": "NA",
      "kind": "common",
      "options": []
    },
    {
      "summary": "Validation stringency for all SAM files read by this program.  Setting stringency to SILENT can improve performance when processing a BAM file in which variable-length data (read, qualities, tags) do not otherwise need to be decoded.",
      "name": "--VALIDATION_STRINGENCY",
      "synonyms": "NA",
      "type": "ValidationStringency",
      "required": "no",
      "fulltext": "",
      "defaultValue": "STRICT",
      "minValue": "NA",
      "maxValue": "NA",
      "minRecValue": "NA",
      "maxRecValue": "NA",
      "kind": "common",
      "options": [
        {
          "summary": "",
          "name": "STRICT"
        },
        {
          "summary": "",
          "name": "LENIENT"
        },
        {
          "summary": "",
          "name": "SILENT"
        }
      ]
    },
    {
      "summary": "Control verbosity of logging.",
      "name": "--VERBOSITY",
      "synonyms": "NA",
      "type": "LogLevel",
      "required": "no",
      "fulltext": "",
      "defaultValue": "INFO",
      "minValue": "NA",
      "maxValue": "NA",
      "minRecValue": "NA",
      "maxRecValue": "NA",
      "kind": "common",
      "options": [
        {
          "summary": "",
          "name": "ERROR"
        },
        {
          "summary": "",
          "name": "WARNING"
        },
        {
          "summary": "",
          "name": "INFO"
        },
        {
          "summary": "",
          "name": "DEBUG"
        }
      ]
    },
    {
      "summary": "display the version number for this tool",
      "name": "--version",
      "synonyms": "NA",
      "type": "boolean",
      "required": "no",
      "fulltext": "",
      "defaultValue": "false",
      "minValue": "NA",
      "maxValue": "NA",
      "minRecValue": "NA",
      "maxRecValue": "NA",
      "kind": "optional",
      "options": []
    },
    {
      "summary": "Warn on missing contig.",
      "name": "--WARN_ON_MISSING_CONTIG",
      "synonyms": "-WMC",
      "type": "boolean",
      "required": "no",
      "fulltext": "",
      "defaultValue": "false",
      "minValue": "NA",
      "maxValue": "NA",
      "minRecValue": "NA",
      "maxRecValue": "NA",
      "kind": "optional",
      "options": []
    },
    {
      "summary": "Write the original alleles for lifted variants to the INFO field.  If the alleles are identical, this attribute will be omitted.",
      "name": "--WRITE_ORIGINAL_ALLELES",
      "synonyms": "NA",
      "type": "boolean",
      "required": "no",
      "fulltext": "",
      "defaultValue": "false",
      "minValue": "NA",
      "maxValue": "NA",
      "minRecValue": "NA",
      "maxRecValue": "NA",
      "kind": "optional",
      "options": []
    },
    {
      "summary": "Write the original contig/position for lifted variants to the INFO field.",
      "name": "--WRITE_ORIGINAL_POSITION",
      "synonyms": "NA",
      "type": "boolean",
      "required": "no",
      "fulltext": "",
      "defaultValue": "false",
      "minValue": "NA",
      "maxValue": "NA",
      "minRecValue": "NA",
      "maxRecValue": "NA",
      "kind": "optional",
      "options": []
    }
  ],
  "description": "\u003ch3\u003eSummary\u003c/h3\u003e\n Tool for \"lifting over\" a VCF from one genome build to another, producing a properly headered,\n sorted and indexed VCF in one go.\n\n \u003ch3\u003eDetails\u003c/h3\u003e\n This tool adjusts the coordinates of variants within a VCF file to match a new reference. The\n output file will be sorted and indexed using the target reference build. To be clear, #REFERENCE_SEQUENCE should be the\n \u003cem\u003etarget\u003c/em\u003e reference build (that is, the \"new\" one). The tool is based on the \u003ca href\u003d\"http://genome.ucsc.edu/cgi-bin/hgLiftOver\"\u003eUCSC LiftOver tool\u003c/a\u003e\n and uses a UCSC chain file to guide its operation. \u003cbr /\u003e\n\n For each variant, the tool will look for the target coordinate, reverse-complement and left-align the variant if needed,\n and, in the case that the reference and alternate alleles of a SNP have been swapped in the new genome build, it will\n adjust the SNP, and correct AF-like INFO fields and the relevant genotypes.\n \u003cbr /\u003e\n\n \u003ch3\u003eExample\u003c/h3\u003e\n \u003cpre\u003e\n java -jar picard.jar LiftoverVcf \\\\\n     I\u003dinput.vcf \\\\\n     O\u003dlifted_over.vcf \\\\\n     CHAIN\u003db37tohg38.chain \\\\\n     REJECT\u003drejected_variants.vcf \\\\\n     R\u003dreference_sequence.fasta\n \u003c/pre\u003e\n \u003ch3\u003eCaveats\u003c/h3\u003e\n \u003ch4\u003eRejected Records\u003c/h4\u003e\n Records may be rejected because they cannot be lifted over or because of sequence incompatibilities between the\n source and target reference genomes.  Rejected records will be emitted to the #REJECT file using the source\n genome build coordinates. The reason for the rejection will be stated in the FILTER field, and more detail may be placed\n in the INFO field.\n \u003ch4\u003eMemory Use\u003c/h4\u003e\n LiftOverVcf sorts the output using a htsjdk.samtools.util.SortingCollection which relies on #MAX_RECORDS_IN_RAM\n to specify how many (vcf) records to hold in memory before \"spilling\" to disk. The default value is reasonable when sorting SAM files,\n but not for VCFs as there is no good default due to the dependence on the number of samples and amount of information in the INFO and FORMAT\n fields. Consider lowering to 100,000 or even less if you have many genotypes.",
  "name": "LiftoverVcf (Picard)",
  "group": "Variant Manipulation",
  "beta": false,
  "experimental": false
}