{
  "summary": "Identifies duplicate reads, accounting for mate CIGAR.  ",
  "arguments": [
    {
      "summary": "Add PG tag to each read in a SAM or BAM",
      "name": "--ADD_PG_TAG_TO_READS",
      "synonyms": "NA",
      "type": "boolean",
      "required": "no",
      "fulltext": "",
      "defaultValue": "true",
      "minValue": "NA",
      "maxValue": "NA",
      "minRecValue": "NA",
      "maxRecValue": "NA",
      "kind": "common",
      "options": []
    },
    {
      "summary": "read one or more arguments files and add them to the command line",
      "name": "--arguments_file",
      "synonyms": "NA",
      "type": "List[File]",
      "required": "no",
      "fulltext": "",
      "defaultValue": "[]",
      "minValue": "NA",
      "maxValue": "NA",
      "minRecValue": "NA",
      "maxRecValue": "NA",
      "kind": "optional",
      "options": []
    },
    {
      "summary": "If not null, assume that the input file has this order even if the header says otherwise.",
      "name": "--ASSUME_SORT_ORDER",
      "synonyms": "-ASO",
      "type": "SortOrder",
      "required": "no",
      "fulltext": "",
      "defaultValue": "null",
      "minValue": "NA",
      "maxValue": "NA",
      "minRecValue": "NA",
      "maxRecValue": "NA",
      "kind": "optional",
      "options": [
        {
          "summary": "",
          "name": "unsorted"
        },
        {
          "summary": "",
          "name": "queryname"
        },
        {
          "summary": "",
          "name": "coordinate"
        },
        {
          "summary": "",
          "name": "duplicate"
        },
        {
          "summary": "",
          "name": "unknown"
        }
      ]
    },
    {
      "summary": "If true, assume that the input file is coordinate sorted even if the header says otherwise. Deprecated, used ASSUME_SORT_ORDER\u003dcoordinate instead.",
      "name": "--ASSUME_SORTED",
      "synonyms": "-AS",
      "type": "boolean",
      "required": "no",
      "fulltext": "",
      "defaultValue": "false",
      "minValue": "NA",
      "maxValue": "NA",
      "minRecValue": "NA",
      "maxRecValue": "NA",
      "kind": "deprecated",
      "options": []
    },
    {
      "summary": "The block size for use in the coordinate-sorted record buffer.",
      "name": "--BLOCK_SIZE",
      "synonyms": "NA",
      "type": "int",
      "required": "no",
      "fulltext": "",
      "defaultValue": "100000",
      "minValue": "-Infinity",
      "maxValue": "Infinity",
      "minRecValue": "NA",
      "maxRecValue": "NA",
      "kind": "optional",
      "options": []
    },
    {
      "summary": "Comment(s) to include in the output file\u0027s header.",
      "name": "--COMMENT",
      "synonyms": "-CO",
      "type": "List[String]",
      "required": "no",
      "fulltext": "",
      "defaultValue": "[]",
      "minValue": "NA",
      "maxValue": "NA",
      "minRecValue": "NA",
      "maxRecValue": "NA",
      "kind": "optional",
      "options": []
    },
    {
      "summary": "Compression level for all compressed files created (e.g. BAM and VCF).",
      "name": "--COMPRESSION_LEVEL",
      "synonyms": "NA",
      "type": "int",
      "required": "no",
      "fulltext": "",
      "defaultValue": "5",
      "minValue": "-Infinity",
      "maxValue": "Infinity",
      "minRecValue": "NA",
      "maxRecValue": "NA",
      "kind": "common",
      "options": []
    },
    {
      "summary": "Whether to create a BAM index when writing a coordinate-sorted BAM file.",
      "name": "--CREATE_INDEX",
      "synonyms": "NA",
      "type": "Boolean",
      "required": "no",
      "fulltext": "",
      "defaultValue": "false",
      "minValue": "NA",
      "maxValue": "NA",
      "minRecValue": "NA",
      "maxRecValue": "NA",
      "kind": "common",
      "options": []
    },
    {
      "summary": "Whether to create an MD5 digest for any BAM or FASTQ files created.  ",
      "name": "--CREATE_MD5_FILE",
      "synonyms": "NA",
      "type": "boolean",
      "required": "no",
      "fulltext": "",
      "defaultValue": "false",
      "minValue": "NA",
      "maxValue": "NA",
      "minRecValue": "NA",
      "maxRecValue": "NA",
      "kind": "common",
      "options": []
    },
    {
      "summary": "The scoring strategy for choosing the non-duplicate among candidates.",
      "name": "--DUPLICATE_SCORING_STRATEGY",
      "synonyms": "-DS",
      "type": "ScoringStrategy",
      "required": "no",
      "fulltext": "",
      "defaultValue": "TOTAL_MAPPED_REFERENCE_LENGTH",
      "minValue": "NA",
      "maxValue": "NA",
      "minRecValue": "NA",
      "maxRecValue": "NA",
      "kind": "optional",
      "options": [
        {
          "summary": "",
          "name": "SUM_OF_BASE_QUALITIES"
        },
        {
          "summary": "",
          "name": "TOTAL_MAPPED_REFERENCE_LENGTH"
        },
        {
          "summary": "",
          "name": "RANDOM"
        }
      ]
    },
    {
      "summary": "Google Genomics API client_secrets.json file path.",
      "name": "--GA4GH_CLIENT_SECRETS",
      "synonyms": "NA",
      "type": "String",
      "required": "no",
      "fulltext": "",
      "defaultValue": "client_secrets.json",
      "minValue": "NA",
      "maxValue": "NA",
      "minRecValue": "NA",
      "maxRecValue": "NA",
      "kind": "common",
      "options": []
    },
    {
      "summary": "display the help message",
      "name": "--help",
      "synonyms": "-h",
      "type": "boolean",
      "required": "no",
      "fulltext": "",
      "defaultValue": "false",
      "minValue": "NA",
      "maxValue": "NA",
      "minRecValue": "NA",
      "maxRecValue": "NA",
      "kind": "optional",
      "options": []
    },
    {
      "summary": "One or more input SAM or BAM files to analyze. Must be coordinate sorted.",
      "name": "--INPUT",
      "synonyms": "-I",
      "type": "List[String]",
      "required": "yes",
      "fulltext": "",
      "defaultValue": "[]",
      "minValue": "NA",
      "maxValue": "NA",
      "minRecValue": "NA",
      "maxRecValue": "NA",
      "kind": "required",
      "options": []
    },
    {
      "summary": "This number is the maximum size of a set of duplicate reads for which we will attempt to determine which are optical duplicates.  Please be aware that if you raise this value too high and do encounter a very large set of duplicate reads, it will severely affect the runtime of this tool.  To completely disable this check, set the value to -1.",
      "name": "--MAX_OPTICAL_DUPLICATE_SET_SIZE",
      "synonyms": "NA",
      "type": "long",
      "required": "no",
      "fulltext": "",
      "defaultValue": "300000",
      "minValue": "-Infinity",
      "maxValue": "Infinity",
      "minRecValue": "NA",
      "maxRecValue": "NA",
      "kind": "optional",
      "options": []
    },
    {
      "summary": "When writing files that need to be sorted, this will specify the number of records stored in RAM before spilling to disk. Increasing this number reduces the number of file handles needed to sort the file, and increases the amount of RAM needed.",
      "name": "--MAX_RECORDS_IN_RAM",
      "synonyms": "NA",
      "type": "Integer",
      "required": "no",
      "fulltext": "",
      "defaultValue": "500000",
      "minValue": "-Infinity",
      "maxValue": "Infinity",
      "minRecValue": "NA",
      "maxRecValue": "NA",
      "kind": "common",
      "options": []
    },
    {
      "summary": "File to write duplication metrics to",
      "name": "--METRICS_FILE",
      "synonyms": "-M",
      "type": "File",
      "required": "yes",
      "fulltext": "",
      "defaultValue": "null",
      "minValue": "NA",
      "maxValue": "NA",
      "minRecValue": "NA",
      "maxRecValue": "NA",
      "kind": "required",
      "options": []
    },
    {
      "summary": "The minimum distance to buffer records to account for clipping on the 5\u0027 end of the records. For a given alignment, this parameter controls the width of the window to search for duplicates of that alignment. Due to 5\u0027 read clipping, duplicates do not necessarily have the same 5\u0027 alignment coordinates, so the algorithm needs to search around the neighborhood. For single end sequencing data, the neighborhood is only determined by the amount of clipping (assuming no split reads), thus setting MINIMUM_DISTANCE to twice the sequencing read length should be sufficient. For paired end sequencing, the neighborhood is also determined by the fragment insert size, so you may want to set MINIMUM_DISTANCE to something like twice the 99.5% percentile of the fragment insert size distribution (see CollectInsertSizeMetrics). Or you can set this number to -1 to use either a) twice the first read\u0027s read length, or b) 100, whichever is smaller. Note that the larger the window, the greater the RAM requirements, so you could run into performance limitations if you use a value that is unnecessarily large.",
      "name": "--MINIMUM_DISTANCE",
      "synonyms": "NA",
      "type": "int",
      "required": "no",
      "fulltext": "",
      "defaultValue": "-1",
      "minValue": "-Infinity",
      "maxValue": "Infinity",
      "minRecValue": "NA",
      "maxRecValue": "NA",
      "kind": "optional",
      "options": []
    },
    {
      "summary": "The maximum offset between two duplicate clusters in order to consider them optical duplicates. The default is appropriate for unpatterned versions of the Illumina platform. For the patterned flowcell models, 2500 is moreappropriate. For other platforms and models, users should experiment to find what works best.",
      "name": "--OPTICAL_DUPLICATE_PIXEL_DISTANCE",
      "synonyms": "NA",
      "type": "int",
      "required": "no",
      "fulltext": "",
      "defaultValue": "100",
      "minValue": "-Infinity",
      "maxValue": "Infinity",
      "minRecValue": "NA",
      "maxRecValue": "NA",
      "kind": "optional",
      "options": []
    },
    {
      "summary": "The output file to write marked records to",
      "name": "--OUTPUT",
      "synonyms": "-O",
      "type": "File",
      "required": "yes",
      "fulltext": "",
      "defaultValue": "null",
      "minValue": "NA",
      "maxValue": "NA",
      "minRecValue": "NA",
      "maxRecValue": "NA",
      "kind": "required",
      "options": []
    },
    {
      "summary": "Value of CL tag of PG record to be created. If not supplied the command line will be detected automatically.",
      "name": "--PROGRAM_GROUP_COMMAND_LINE",
      "synonyms": "-PG_COMMAND",
      "type": "String",
      "required": "no",
      "fulltext": "",
      "defaultValue": "null",
      "minValue": "NA",
      "maxValue": "NA",
      "minRecValue": "NA",
      "maxRecValue": "NA",
      "kind": "optional",
      "options": []
    },
    {
      "summary": "Value of PN tag of PG record to be created.",
      "name": "--PROGRAM_GROUP_NAME",
      "synonyms": "-PG_NAME",
      "type": "String",
      "required": "no",
      "fulltext": "",
      "defaultValue": "MarkDuplicatesWithMateCigar",
      "minValue": "NA",
      "maxValue": "NA",
      "minRecValue": "NA",
      "maxRecValue": "NA",
      "kind": "optional",
      "options": []
    },
    {
      "summary": "Value of VN tag of PG record to be created. If not specified, the version will be detected automatically.",
      "name": "--PROGRAM_GROUP_VERSION",
      "synonyms": "-PG_VERSION",
      "type": "String",
      "required": "no",
      "fulltext": "",
      "defaultValue": "null",
      "minValue": "NA",
      "maxValue": "NA",
      "minRecValue": "NA",
      "maxRecValue": "NA",
      "kind": "optional",
      "options": []
    },
    {
      "summary": "The program record ID for the @PG record(s) created by this program. Set to null to disable PG record creation.  This string may have a suffix appended to avoid collision with other program record IDs.",
      "name": "--PROGRAM_RECORD_ID",
      "synonyms": "-PG",
      "type": "String",
      "required": "no",
      "fulltext": "",
      "defaultValue": "MarkDuplicates",
      "minValue": "NA",
      "maxValue": "NA",
      "minRecValue": "NA",
      "maxRecValue": "NA",
      "kind": "optional",
      "options": []
    },
    {
      "summary": "Whether to suppress job-summary info on System.err.",
      "name": "--QUIET",
      "synonyms": "NA",
      "type": "Boolean",
      "required": "no",
      "fulltext": "",
      "defaultValue": "false",
      "minValue": "NA",
      "maxValue": "NA",
      "minRecValue": "NA",
      "maxRecValue": "NA",
      "kind": "common",
      "options": []
    },
    {
      "summary": "MarkDuplicates can use the tile and cluster positions to estimate the rate of optical duplication in addition to the dominant source of duplication, PCR, to provide a more accurate estimation of library size. By default (with no READ_NAME_REGEX specified), MarkDuplicates will attempt to extract coordinates using a split on \u0027:\u0027 (see Note below).  Set READ_NAME_REGEX to \u0027null\u0027 to disable optical duplicate detection. Note that without optical duplicate counts, library size estimation will be less accurate. If the read name does not follow a standard Illumina colon-separation convention, but does contain tile and x,y coordinates, a regular expression can be specified to extract three variables: tile/region, x coordinate and y coordinate from a read name. The regular expression must contain three capture groups for the three variables, in order. It must match the entire read name.   e.g. if field names were separated by semi-colon (\u0027;\u0027) this example regex could be specified      (?:.*;)?([0-9]+)[^;]*;([0-9]+)[^;]*;([0-9]+)[^;]*$ Note that if no READ_NAME_REGEX is specified, the read name is split on \u0027:\u0027.   For 5 element names, the 3rd, 4th and 5th elements are assumed to be tile, x and y values.   For 7 element names (CASAVA 1.8), the 5th, 6th, and 7th elements are assumed to be tile, x and y values.",
      "name": "--READ_NAME_REGEX",
      "synonyms": "NA",
      "type": "String",
      "required": "no",
      "fulltext": "",
      "defaultValue": "\u003coptimized capture of last three \u0027:\u0027 separated fields as numeric values\u003e",
      "minValue": "NA",
      "maxValue": "NA",
      "minRecValue": "NA",
      "maxRecValue": "NA",
      "kind": "optional",
      "options": []
    },
    {
      "summary": "Reference sequence file.",
      "name": "--REFERENCE_SEQUENCE",
      "synonyms": "-R",
      "type": "File",
      "required": "no",
      "fulltext": "",
      "defaultValue": "null",
      "minValue": "NA",
      "maxValue": "NA",
      "minRecValue": "NA",
      "maxRecValue": "NA",
      "kind": "common",
      "options": []
    },
    {
      "summary": "If true do not write duplicates to the output file instead of writing them with appropriate flags set.",
      "name": "--REMOVE_DUPLICATES",
      "synonyms": "NA",
      "type": "boolean",
      "required": "no",
      "fulltext": "",
      "defaultValue": "false",
      "minValue": "NA",
      "maxValue": "NA",
      "minRecValue": "NA",
      "maxRecValue": "NA",
      "kind": "optional",
      "options": []
    },
    {
      "summary": "display hidden arguments",
      "name": "--showHidden",
      "synonyms": "-showHidden",
      "type": "boolean",
      "required": "no",
      "fulltext": "",
      "defaultValue": "false",
      "minValue": "NA",
      "maxValue": "NA",
      "minRecValue": "NA",
      "maxRecValue": "NA",
      "kind": "advanced",
      "options": []
    },
    {
      "summary": "Skip record pairs with no mate cigar and include them in the output.",
      "name": "--SKIP_PAIRS_WITH_NO_MATE_CIGAR",
      "synonyms": "NA",
      "type": "boolean",
      "required": "no",
      "fulltext": "",
      "defaultValue": "true",
      "minValue": "NA",
      "maxValue": "NA",
      "minRecValue": "NA",
      "maxRecValue": "NA",
      "kind": "optional",
      "options": []
    },
    {
      "summary": "One or more directories with space available to be used by this program for temporary storage of working files",
      "name": "--TMP_DIR",
      "synonyms": "NA",
      "type": "List[File]",
      "required": "no",
      "fulltext": "",
      "defaultValue": "[]",
      "minValue": "NA",
      "maxValue": "NA",
      "minRecValue": "NA",
      "maxRecValue": "NA",
      "kind": "common",
      "options": []
    },
    {
      "summary": "Use the JDK Deflater instead of the Intel Deflater for writing compressed output",
      "name": "--USE_JDK_DEFLATER",
      "synonyms": "-use_jdk_deflater",
      "type": "Boolean",
      "required": "no",
      "fulltext": "",
      "defaultValue": "false",
      "minValue": "NA",
      "maxValue": "NA",
      "minRecValue": "NA",
      "maxRecValue": "NA",
      "kind": "common",
      "options": []
    },
    {
      "summary": "Use the JDK Inflater instead of the Intel Inflater for reading compressed input",
      "name": "--USE_JDK_INFLATER",
      "synonyms": "-use_jdk_inflater",
      "type": "Boolean",
      "required": "no",
      "fulltext": "",
      "defaultValue": "false",
      "minValue": "NA",
      "maxValue": "NA",
      "minRecValue": "NA",
      "maxRecValue": "NA",
      "kind": "common",
      "options": []
    },
    {
      "summary": "Validation stringency for all SAM files read by this program.  Setting stringency to SILENT can improve performance when processing a BAM file in which variable-length data (read, qualities, tags) do not otherwise need to be decoded.",
      "name": "--VALIDATION_STRINGENCY",
      "synonyms": "NA",
      "type": "ValidationStringency",
      "required": "no",
      "fulltext": "",
      "defaultValue": "STRICT",
      "minValue": "NA",
      "maxValue": "NA",
      "minRecValue": "NA",
      "maxRecValue": "NA",
      "kind": "common",
      "options": [
        {
          "summary": "",
          "name": "STRICT"
        },
        {
          "summary": "",
          "name": "LENIENT"
        },
        {
          "summary": "",
          "name": "SILENT"
        }
      ]
    },
    {
      "summary": "Control verbosity of logging.",
      "name": "--VERBOSITY",
      "synonyms": "NA",
      "type": "LogLevel",
      "required": "no",
      "fulltext": "",
      "defaultValue": "INFO",
      "minValue": "NA",
      "maxValue": "NA",
      "minRecValue": "NA",
      "maxRecValue": "NA",
      "kind": "common",
      "options": [
        {
          "summary": "",
          "name": "ERROR"
        },
        {
          "summary": "",
          "name": "WARNING"
        },
        {
          "summary": "",
          "name": "INFO"
        },
        {
          "summary": "",
          "name": "DEBUG"
        }
      ]
    },
    {
      "summary": "display the version number for this tool",
      "name": "--version",
      "synonyms": "NA",
      "type": "boolean",
      "required": "no",
      "fulltext": "",
      "defaultValue": "false",
      "minValue": "NA",
      "maxValue": "NA",
      "minRecValue": "NA",
      "maxRecValue": "NA",
      "kind": "optional",
      "options": []
    }
  ],
  "description": "An even better duplication marking algorithm that handles all cases including clipped\n and gapped alignments.\n \u003cp/\u003e\n This tool differs with MarkDuplicates as it may break ties differently.  Furthermore,\n as it is a one-pass algorithm, it cannot know the program records contained in the file\n that should be chained in advance.  Therefore it will only be able to examine the header\n to attempt to infer those program group records that have no associated previous program\n group record. If a read is encountered without a program record, or not one as previously\n defined, it will not be updated.\n \u003cp/\u003e\n This tool will also not work with alignments that have large gaps or skips, such as those\n from RNA-seq data.  This is due to the need to buffer small genomic windows to ensure\n integrity of the duplicate marking, while large skips (ex. skipping introns) in the\n alignment records would force making that window very large, thus exhausting memory.",
  "name": "MarkDuplicatesWithMateCigar (Picard)",
  "group": "Read Data Manipulation",
  "beta": false,
  "experimental": false
}